/*
SQLyog Ultimate v9.63 
MySQL - 5.7.20-0ubuntu0.16.04.1 : Database - kreditplus-be
*********************************************************************
*/


/*!40101 SET NAMES utf8 */;

/*!40101 SET SQL_MODE=''*/;

/*!40014 SET @OLD_UNIQUE_CHECKS=@@UNIQUE_CHECKS, UNIQUE_CHECKS=0 */;
/*!40014 SET @OLD_FOREIGN_KEY_CHECKS=@@FOREIGN_KEY_CHECKS, FOREIGN_KEY_CHECKS=0 */;
/*!40101 SET @OLD_SQL_MODE=@@SQL_MODE, SQL_MODE='NO_AUTO_VALUE_ON_ZERO' */;
/*!40111 SET @OLD_SQL_NOTES=@@SQL_NOTES, SQL_NOTES=0 */;
CREATE DATABASE /*!32312 IF NOT EXISTS*/`kreditplus-be` /*!40100 DEFAULT CHARACTER SET latin1 */;

USE `kreditplus`;

/*Table structure for table `admin_password_resets` */

DROP TABLE IF EXISTS `admin_password_resets`;

CREATE TABLE `admin_password_resets` (
  `id` int(10) unsigned NOT NULL AUTO_INCREMENT,
  `admin_id` int(10) unsigned DEFAULT NULL,
  `token` varchar(255) COLLATE utf8_unicode_ci NOT NULL,
  `expiration` datetime NOT NULL,
  `create_on` datetime NOT NULL,
  PRIMARY KEY (`id`)
) ENGINE=InnoDB AUTO_INCREMENT=2 DEFAULT CHARSET=utf8 COLLATE=utf8_unicode_ci;

/*Data for the table `admin_password_resets` */

insert  into `admin_password_resets`(`id`,`admin_id`,`token`,`expiration`,`create_on`) values (1,4,'bRwXiQxNhHARcxGGlDdPVntHdZ9WkK','2017-11-01 09:05:37','2017-11-02 09:04:02');

/*Table structure for table `admin_roles` */

DROP TABLE IF EXISTS `admin_roles`;

CREATE TABLE `admin_roles` (
  `id` int(10) unsigned NOT NULL AUTO_INCREMENT,
  `admin_id` int(10) unsigned DEFAULT NULL,
  `role_id` int(10) unsigned DEFAULT NULL,
  PRIMARY KEY (`id`),
  UNIQUE KEY `admin_id-role_id` (`admin_id`,`role_id`)
) ENGINE=InnoDB AUTO_INCREMENT=8 DEFAULT CHARSET=utf8 COLLATE=utf8_unicode_ci;

/*Data for the table `admin_roles` */

insert  into `admin_roles`(`id`,`admin_id`,`role_id`) values (1,1,1),(2,2,2),(3,3,3),(7,5,5);

/*Table structure for table `admins` */

DROP TABLE IF EXISTS `admins`;

CREATE TABLE `admins` (
  `id` int(10) unsigned NOT NULL AUTO_INCREMENT,
  `username` varchar(25) COLLATE utf8_unicode_ci NOT NULL,
  `password` varchar(100) COLLATE utf8_unicode_ci NOT NULL,
  `email` varchar(100) COLLATE utf8_unicode_ci NOT NULL,
  `is_system` char(1) COLLATE utf8_unicode_ci DEFAULT '0',
  `is_active` char(1) COLLATE utf8_unicode_ci DEFAULT '1',
  `create_on` datetime NOT NULL,
  `last_update` datetime DEFAULT NULL,
  PRIMARY KEY (`id`),
  UNIQUE KEY `username` (`username`),
  UNIQUE KEY `email` (`email`)
) ENGINE=InnoDB AUTO_INCREMENT=6 DEFAULT CHARSET=utf8 COLLATE=utf8_unicode_ci;

/*Data for the table `admins` */

insert  into `admins`(`id`,`username`,`password`,`email`,`is_system`,`is_active`,`create_on`,`last_update`) values (1,'superadmin','$2y$10$ZvMMvYxMWHNnG0i7knC4Pe7H2y8H9T9tNaI4Of.6Zm4mocH0GpmN.','su@webmail.com','1','1','2016-12-21 10:00:00',NULL),(2,'administrator','$2y$10$IWX4vPAZky9TSkzWLxyusuToQs59m9OHgzSTQNlwTdJGlJr1TPCAm','ad@webmail.com','1','1','2016-12-21 10:00:00',NULL),(3,'support','$2y$10$dm9XD3S5tYvtyHA7lxCAZ.2mdBU7etgzmcQSm22uJ/cCWbHp1J8ae','sr@webmail.com','1','1','2016-12-21 10:00:00',NULL),(5,'cut','$2y$10$QfbmGaQrDFnd54jICuKy7.c9tO8mggpV7CV9eptN2BLpf0BZT8gV6','cut@webarq.com','0','1','2017-11-02 10:24:57','2017-11-09 05:31:00');

/*Table structure for table `area` */

DROP TABLE IF EXISTS `area`;

CREATE TABLE `area` (
  `id` int(10) unsigned NOT NULL AUTO_INCREMENT,
  `title` varchar(100) COLLATE utf8_unicode_ci NOT NULL,
  `sequence` varchar(100) COLLATE utf8_unicode_ci DEFAULT NULL,
  PRIMARY KEY (`id`)
) ENGINE=InnoDB AUTO_INCREMENT=4 DEFAULT CHARSET=utf8 COLLATE=utf8_unicode_ci;

/*Data for the table `area` */

insert  into `area`(`id`,`title`,`sequence`) values (2,'DKI Jakarta','2'),(3,'Bekasi','1');

/*Table structure for table `banner` */

DROP TABLE IF EXISTS `banner`;

CREATE TABLE `banner` (
  `id` int(10) unsigned NOT NULL AUTO_INCREMENT,
  `section_id` varchar(100) COLLATE utf8_unicode_ci NOT NULL,
  `path` varchar(100) COLLATE utf8_unicode_ci NOT NULL,
  `image_small` varchar(255) COLLATE utf8_unicode_ci NOT NULL,
  `image_medium` varchar(255) COLLATE utf8_unicode_ci NOT NULL,
  PRIMARY KEY (`id`)
) ENGINE=InnoDB AUTO_INCREMENT=33 DEFAULT CHARSET=utf8 COLLATE=utf8_unicode_ci;

/*Data for the table `banner` */

insert  into `banner`(`id`,`section_id`,`path`,`image_small`,`image_medium`) values (1,'28.96','site/uploads/banners/5a0d3ffd8b00d-banner-about.jpg','site/uploads/banners/5a0d3ffd8b333-banner-about.jpg','site/uploads/banners/5a0d3ffd8b1e3-banner-about.jpg'),(2,'3.28','site/uploads/banners/59eff8b339fe7-banner-about.jpg','',''),(3,'4.96','site/uploads/banners/5a0c299439b22-banner-about.jpg','site/uploads/banners/5a0c299439e10-banner-about-sm.jpg','site/uploads/banners/5a0c299439cca-banner-about-md.jpg'),(4,'5.31','site/uploads/banners/5a264e25cc8f1-banner-career.jpg','site/uploads/banners/5a264e25ccbec-banner-career.jpg','site/uploads/banners/5a264e25ccaa4-banner-career.jpg'),(5,'6.96','site/uploads/banners/5a0c3217da81c-banner-about.jpg','site/uploads/banners/5a0c3217dab0a-banner-about-sm.jpg','site/uploads/banners/5a0c3217da9bf-banner-about-md.jpg'),(6,'30.103','site/uploads/banners/5a0d04e0482b9-banner-about.jpg','site/uploads/banners/5a0d1e206aedc-banner-promo.jpg','site/uploads/banners/5a0d1e206ad45-banner-promo.jpg'),(7,'7.103','site/uploads/banners/5a0d0582dc331-banner-about.jpg','site/uploads/banners/5a0d1de8cd3d0-banner-promo.jpg','site/uploads/banners/5a0d1de8cd23d-banner-promo.jpg'),(8,'8.103','site/uploads/banners/5a2e55a4066e0-banner-promo.jpg','site/uploads/banners/5a2e55a4069cb-banner-promo.jpg','site/uploads/banners/5a2e55a406886-banner-promo.jpg'),(9,'10.103','site/uploads/banners/59f014c7ced50-banner-produk.jpg','site/uploads/banners/5a0d1e4b1d6b0-banner-promo.jpg','site/uploads/banners/5a0d1e4b1d51d-banner-promo.jpg'),(10,'12.96','site/uploads/banners/5a17848b18328-banner-promo2.jpg','site/uploads/banners/5a17848b18635-banner-promo2.jpg','site/uploads/banners/5a17848b184f4-banner-promo2.jpg'),(11,'11.52','site/uploads/banners/5a0d0e029e330-banner-about.jpg','site/uploads/banners/5a0d0e029e5d6-banner-about-sm.jpg','site/uploads/banners/5a0d0e029e491-banner-about-md.jpg'),(12,'33.55','site/uploads/banners/5a0c209375c3a-banner-promo.jpg','site/uploads/banners/5a0c209375f22-banner-promo.jpg','site/uploads/banners/5a0c209375dde-banner-promo.jpg'),(13,'16.58','site/uploads/banners/5a264debc041f-banner-produk.jpg','site/uploads/banners/5a264debc08d2-banner-produk.jpg','site/uploads/banners/5a264debc06ea-banner-produk.jpg'),(14,'17.59','site/uploads/banners/59f2df1f0f0dd-banner-career.jpg','',''),(15,'20.66','site/uploads/banners/59f2efc0e19fc-banner-career.jpg','',''),(16,'21.72','site/uploads/banners/59f2f9567732d-banner-promo.jpg','',''),(18,'22.74','site/uploads/banners/59f3076dda455-banner-promo.jpg','',''),(19,'23.79','site/uploads/banners/59f30bef785ee-banner-career.jpg','',''),(22,'2.25','site/uploads/banners/5a052121e781c-banner-about.jpg','site/uploads/banners/5a052121e7af4-slidehome-01-sm.jpg','site/uploads/banners/5a052121e79b4-slidehome-01-md-bw.jpg'),(23,'15.100','site/uploads/banners/5a0ba4389f8f5-banner-simulasi.jpg','site/uploads/banners/5a0ba4389fbd4-banner-simulasi.jpg','site/uploads/banners/5a0ba4389fa91-banner-simulasi.jpg'),(25,'31.96','site/uploads/banners/5a1784b6a53cb-banner-promo2.jpg','site/uploads/banners/5a1784b6a56dc-banner-promo2.jpg','site/uploads/banners/5a1784b6a5590-banner-promo2.jpg'),(27,'9.103','site/uploads/banners/5a0d1e7b5e17e-banner-promo.jpg','site/uploads/banners/5a0d1e7b5e46d-banner-promo.jpg','site/uploads/banners/5a0d1e7b5e320-banner-promo.jpg'),(28,'35.55','site/uploads/banners/5a0e92d75fcc8-banner-promo.jpg','site/uploads/banners/5a0e92d760312-banner-promo.jpg','site/uploads/banners/5a0e92d76006a-banner-promo.jpg'),(29,'36.96','site/uploads/banners/5a1502c7ab937-banner-produk.jpg','site/uploads/banners/5a1502c7abc0d-banner-produk.jpg','site/uploads/banners/5a1502c7abace-banner-produk.jpg'),(30,'32.58','site/uploads/banners/5a1539f8e1f28-banner-promo2.jpg','site/uploads/banners/5a1539f8e22ca-banner-promo2.jpg','site/uploads/banners/5a1539f8e2131-banner-promo2.jpg'),(31,'36.103','site/uploads/banners/5a2e563d02e62-banner-motor.jpg','site/uploads/banners/5a2e563d0317d-banner-motor.jpg','site/uploads/banners/5a2e563d03007-banner-motor.jpg'),(32,'37.103','site/uploads/banners/5a3cc58a47588-5a2e55a406886-banner-promo.jpg','site/uploads/banners/5a3cc58a480f4-5a2e55a406886-banner-promo.jpg','site/uploads/banners/5a3cc58a47c09-5a2e55a406886-banner-promo.jpg');

/*Table structure for table `brand` */

DROP TABLE IF EXISTS `brand`;

CREATE TABLE `brand` (
  `id` int(10) unsigned NOT NULL AUTO_INCREMENT,
  `produk_id` varchar(100) COLLATE utf8_unicode_ci NOT NULL,
  `title` varchar(100) COLLATE utf8_unicode_ci NOT NULL,
  `sequence` varchar(100) COLLATE utf8_unicode_ci DEFAULT NULL,
  PRIMARY KEY (`id`)
) ENGINE=InnoDB AUTO_INCREMENT=10 DEFAULT CHARSET=utf8 COLLATE=utf8_unicode_ci;

/*Data for the table `brand` */

insert  into `brand`(`id`,`produk_id`,`title`,`sequence`) values (2,'2','mobil','1'),(3,'3','motor','1'),(4,'4','modal usaha','1'),(5,'5','Elektronik','1'),(8,'2','Mobil C','3'),(9,'2','Mobil B','2');

/*Table structure for table `cabang` */

DROP TABLE IF EXISTS `cabang`;

CREATE TABLE `cabang` (
  `id` int(10) unsigned NOT NULL AUTO_INCREMENT,
  `section_id` varchar(100) COLLATE utf8_unicode_ci NOT NULL,
  `kota` varchar(100) COLLATE utf8_unicode_ci NOT NULL,
  `alamat` varchar(100) COLLATE utf8_unicode_ci NOT NULL,
  `fax` varchar(100) COLLATE utf8_unicode_ci NOT NULL,
  `email` varchar(100) COLLATE utf8_unicode_ci NOT NULL,
  `telp` varchar(100) COLLATE utf8_unicode_ci NOT NULL,
  `lat` varchar(100) COLLATE utf8_unicode_ci DEFAULT NULL,
  `long` varchar(100) COLLATE utf8_unicode_ci DEFAULT NULL,
  `title_name` varchar(100) COLLATE utf8_unicode_ci DEFAULT NULL,
  `contact_name` varchar(100) COLLATE utf8_unicode_ci DEFAULT NULL,
  `provinsi` varchar(100) COLLATE utf8_unicode_ci DEFAULT NULL,
  PRIMARY KEY (`id`)
) ENGINE=InnoDB AUTO_INCREMENT=13 DEFAULT CHARSET=utf8 COLLATE=utf8_unicode_ci;

/*Data for the table `cabang` */

insert  into `cabang`(`id`,`section_id`,`kota`,`alamat`,`fax`,`email`,`telp`,`lat`,`long`,`title_name`,`contact_name`,`provinsi`) values (7,'24.82','BANDENGAN','Puri Deltamas Blok A6\r\nPenjaringan\r\nJakarta Barat','','','','-6.1371775','106.7994715','Kredit Plus','Bandengan','31'),(8,'24.82','BEKASI','Ruko Bekasi Mas Blok C-22-23\r\nJl. Ahmad yani\r\nBekasi Barat','','','','-6.2412499','106.9934076','Kredit Plus','Bekasi','31'),(10,'24.82','BOGOR','Jl. KH Soleh Iskandar\r\nNo. 1E Rt 06/07\r\nCibuluh, Bogor Utara','','','','-6.5618576','106.8047515','Kredit Plus','Bogor','31'),(11,'24.82','CEMPAKA MAS (KMB)','Komplek Ruko Mega Grosir\r\nCempaka Mas Blok E-1/3\r\nJakarta Pusat','','','','-6.1649968','106.8773985','Kredit Plus','Cempaka Mas','31'),(12,'24.82','CIKARANG','Jl. Raya Jababeka\r\nRuko Permata Junction\r\nBlok A No. 11\r\nKel Pasirgombong','','','','-6.2957604','107.1465819','Kredit Plus','Cikarang','31');

/*Table structure for table `configurations` */

DROP TABLE IF EXISTS `configurations`;

CREATE TABLE `configurations` (
  `id` int(10) unsigned NOT NULL AUTO_INCREMENT,
  `module` varchar(100) COLLATE utf8_unicode_ci NOT NULL,
  `key` varchar(255) COLLATE utf8_unicode_ci NOT NULL,
  `setting` varchar(2000) COLLATE utf8_unicode_ci NOT NULL,
  `create_on` datetime NOT NULL,
  `last_update` datetime DEFAULT NULL,
  PRIMARY KEY (`id`),
  UNIQUE KEY `module-key` (`module`,`key`)
) ENGINE=InnoDB AUTO_INCREMENT=21 DEFAULT CHARSET=utf8 COLLATE=utf8_unicode_ci;

/*Data for the table `configurations` */

insert  into `configurations`(`id`,`module`,`key`,`setting`,`create_on`,`last_update`) values (2,'system','siteLogo','site/uploads/logo/5a0c14b198ff8-logo.png','2016-12-21 10:00:00',NULL),(3,'system','favicon','favicon.png','2016-12-21 10:00:00',NULL),(5,'system','48d35125f4a3c2c005d5b0697463c4651704b427','eyJpdiI6InN4ZjkyKzE5ckhXMXpDcUJ4WlpmUHc9PSIsInZhbHVlIjoiK3lwSHNlRjZua1UzcEN3K0tEZnJmVmQ5RUN2WW5jeE5UTEgrM0E0UGNtdU1cL1Z0SytlaXRKUVI2VUgyQlJScVhSZUt1SzJyRWVtXC83eVBHaVdzZElvaFJYTWZGZzVDV0dZckRJa21KaUZFdHBtTXdobWd2VmRySnZob3NsbjJIaHFWdEpDYmhyNDNvVWJxZG1kaTFPQjF5ZGk2SWY5aTlzYXNWa3dOZU0wc0swVDZ3bXFkdVRvT015ZzI1RU9GMFU4M3czN1dyWml0dU1IU1IyVXhXSFNXN1wvK3dTMWtObURFZjB3NUhXS0JMNnN2aSszQnJWUzZJUzJtWitiRXBieiIsIm1hYyI6ImVkY2I3OTBmZWMyMmNjM2ExZTVmZGY2OWU5ZDU2NWVlMGVkODc2YzBjZTU0ZjhmNTc3ZDIwMDBiOGE4NTFmOGMifQ==','2017-11-02 03:20:29',NULL),(6,'system','cmsLogo','5a091e83ec5b4-logo-cms.png','2017-11-02 05:45:22',NULL),(7,'system','cmsTitle','CMS Kredit Plus','2017-11-02 05:45:22',NULL),(8,'system','cmsShortTitle','KP','2017-11-02 05:45:22',NULL),(9,'system','lang','id','2017-11-02 05:45:22',NULL),(10,'system','siteMetaTitle','Meta Title','2017-11-02 05:45:22',NULL),(11,'system','siteMetaDescription','Meta Description','2017-11-02 05:45:22',NULL),(12,'system','siteCopyright','Copyright © 2017 kreditplus . Site By ','2017-11-02 05:45:22',NULL),(13,'system','siteOnline','1','2017-11-02 05:45:22',NULL),(14,'system','siteCache','1','2017-11-02 05:45:22',NULL),(15,'system','facebook','https://www.facebook.com/KreditplusOfficial/','2017-11-09 05:10:36',NULL),(16,'system','instagram','https://www.instagram.com/kreditmu/','2017-11-09 05:10:36',NULL),(17,'system','twitter','https://twitter.com/kreditmu_id','2017-11-09 05:10:36',NULL),(18,'system','linkedin','https://www.linkedin.com/company/10077513/','2017-11-09 05:10:36',NULL),(19,'system','telepon','1500605','2017-11-10 01:38:29',NULL),(20,'system','siteLogofooter','site/uploads/logo/5a091e83ec8f9-logo-footer.png','2017-11-10 07:15:13',NULL);

/*Table structure for table `contact` */

DROP TABLE IF EXISTS `contact`;

CREATE TABLE `contact` (
  `id` int(10) unsigned NOT NULL AUTO_INCREMENT,
  `section_id` varchar(100) COLLATE utf8_unicode_ci NOT NULL,
  `title` varchar(100) COLLATE utf8_unicode_ci NOT NULL,
  `description` text COLLATE utf8_unicode_ci,
  `alamat` varchar(255) COLLATE utf8_unicode_ci NOT NULL,
  `fax` varchar(100) COLLATE utf8_unicode_ci NOT NULL,
  `email` varchar(100) COLLATE utf8_unicode_ci NOT NULL,
  `telp` varchar(100) COLLATE utf8_unicode_ci NOT NULL,
  `field1` varchar(100) COLLATE utf8_unicode_ci NOT NULL,
  `field2` varchar(100) COLLATE utf8_unicode_ci NOT NULL,
  `field3` varchar(100) COLLATE utf8_unicode_ci NOT NULL,
  `field4` varchar(100) COLLATE utf8_unicode_ci NOT NULL,
  `nm_persh` varchar(255) COLLATE utf8_unicode_ci NOT NULL,
  `icon` varchar(255) COLLATE utf8_unicode_ci NOT NULL,
  `contact_name` varchar(255) COLLATE utf8_unicode_ci NOT NULL,
  `title_name` varchar(255) COLLATE utf8_unicode_ci NOT NULL,
  `long` varchar(255) COLLATE utf8_unicode_ci NOT NULL,
  `lat` varchar(255) COLLATE utf8_unicode_ci NOT NULL,
  PRIMARY KEY (`id`)
) ENGINE=InnoDB AUTO_INCREMENT=2 DEFAULT CHARSET=utf8 COLLATE=utf8_unicode_ci;

/*Data for the table `contact` */

insert  into `contact`(`id`,`section_id`,`title`,`description`,`alamat`,`fax`,`email`,`telp`,`field1`,`field2`,`field3`,`field4`,`nm_persh`,`icon`,`contact_name`,`title_name`,`long`,`lat`) values (1,'34.56','OFFICE','<h3><strong>What can we help?</strong></h3>\r\n\r\n<p>Fill out the Form below to ask questions or you can come to our nearest branch.</p>\r\n','Office 8, lantai 15, SCBD Lot 28\r\nJl. Jendral Sudirman Kav. 52-53\r\nJakarta 12190','021-2933 3648','cs@kreditplus.com','1500605','Name','Telephone','Email','Message','PT. Finansia Multi Finance','site/uploads/slidess/5a0d10fcbb517-ic-building.png','Kantor KreditPlus Kedoya','KreditPlus','106.7639424','-6.1782296');

/*Table structure for table `contact_i18n` */

DROP TABLE IF EXISTS `contact_i18n`;

CREATE TABLE `contact_i18n` (
  `id` bigint(20) unsigned NOT NULL AUTO_INCREMENT,
  `lang_code` char(2) COLLATE utf8_unicode_ci NOT NULL,
  `contact_id` int(10) unsigned NOT NULL,
  `title` varchar(100) COLLATE utf8_unicode_ci DEFAULT NULL,
  `description` text COLLATE utf8_unicode_ci,
  `field1` varchar(100) COLLATE utf8_unicode_ci DEFAULT NULL,
  `field2` varchar(100) COLLATE utf8_unicode_ci DEFAULT NULL,
  `field3` varchar(100) COLLATE utf8_unicode_ci DEFAULT NULL,
  `field4` varchar(100) COLLATE utf8_unicode_ci DEFAULT NULL,
  `create_on` datetime NOT NULL,
  PRIMARY KEY (`id`)
) ENGINE=InnoDB AUTO_INCREMENT=4 DEFAULT CHARSET=utf8 COLLATE=utf8_unicode_ci;

/*Data for the table `contact_i18n` */

insert  into `contact_i18n`(`id`,`lang_code`,`contact_id`,`title`,`description`,`field1`,`field2`,`field3`,`field4`,`create_on`) values (2,'id',2,'KANTOR CABANG','<h3>Apa yang Bisa Kami Bantu?</h3>\r\n\r\n<p>Isi Form dibawah untuk mengajukan pertanyaan atau anda dapat datang ke&nbsp;cabang terdekat kami</p>\r\n','No Telp ID','Nama','Email ID','Pesan','2017-11-06 09:52:37'),(3,'id',1,'KANTOR','<h3>Apa yang Bisa Kami Bantu?</h3>\r\n\r\n<p>Isi Form dibawah untuk mengajukan pertanyaan atau anda dapat datang ke&nbsp;cabang terdekat kami.</p>\r\n','Nama','Telpon','Email','Pesan','2017-11-09 07:09:11');

/*Table structure for table `content` */

DROP TABLE IF EXISTS `content`;

CREATE TABLE `content` (
  `id` int(10) unsigned NOT NULL AUTO_INCREMENT,
  `section_id` varchar(100) COLLATE utf8_unicode_ci NOT NULL,
  `image1` varchar(100) COLLATE utf8_unicode_ci DEFAULT NULL,
  `image2` varchar(100) COLLATE utf8_unicode_ci DEFAULT NULL,
  `title` varchar(100) COLLATE utf8_unicode_ci NOT NULL,
  `intro` varchar(2000) COLLATE utf8_unicode_ci NOT NULL,
  `description` text COLLATE utf8_unicode_ci NOT NULL,
  `link` varchar(100) COLLATE utf8_unicode_ci DEFAULT NULL,
  `txtbtn_pelajari` varchar(100) COLLATE utf8_unicode_ci DEFAULT NULL,
  PRIMARY KEY (`id`)
) ENGINE=InnoDB AUTO_INCREMENT=18 DEFAULT CHARSET=utf8 COLLATE=utf8_unicode_ci;

/*Data for the table `content` */

insert  into `content`(`id`,`section_id`,`image1`,`image2`,`title`,`intro`,`description`,`link`,`txtbtn_pelajari`) values (2,'16.104','','','FORM CREDIT APPLICATION','I hereby submit a loan (credit) for the purchase of the product:','','/',''),(3,'17.84',NULL,NULL,'JOIN CREDITPLUS','Kreditplus opens opportunities for young professionals / new graduates to experience learning as well as work that sharpen and build self-capabilities. Join us.','<p>Seek talented and potential individuals who are able to reflect corporate values ​​to be part of the team that accelerates the achievement of the vision. Develop your ideas, creativity and innovation as a solution in order to improve operational quality up to business development. Find challenging jobs and tasks and workplace options. You will work with colleagues from various educational backgrounds, professions and cultures. Find valuable experience and feel how all these things can develop your skills and competencies.</p>\r\n',NULL,NULL),(6,'24.89',NULL,NULL,'Branch Office','Temukan Cabang Kreditplus terdekat','','/',''),(7,'23.92',NULL,NULL,'gfdsdggf','fdssfdfsd','<p>fdfdssfdsfd</p>\r\n',NULL,NULL),(8,'28.97',NULL,NULL,'Company Profile','PT. Finansia Multi Finance dengan brand Kreditplus merupakan suatu badan usaha bersama antara perusahaan gabungan profesional Indonesia dan Singapura dan perusahaan Amerika. ','<p>Sejak didirikan pada tanggal 9 Juni 1994 Kreditplus telah memiliki jaringan kantor cabang yang tersebar luas hingga 260 titik di seluruh Indonesia dan telah memiliki pengalaman lebih dari 20 tahun dalam bidang pembiayaan konsumen..</p>\r\n\r\n<p>Berawal hanya dari membiayai&nbsp;<strong>motor, mobil dan alat-alat berat</strong>,&nbsp;Kreditplus membangun usaha dan menjaring konsumen, hingga tetap bertahan di saat krisis ekonomi melanda Indonesia melalui diverisifikasi usaha dan menambah jumlah produk yang dibiayai. Kemudian Kreditplus merubah produk dengan membiayai&nbsp;<strong>Motor Baru, Elektronik, KPR dan Motor Bekas</strong>.</p>\r\n\r\n<p><img alt=\"\" src=\"http://dev.webarq.info:8081/kreditplus-be/ck/files/office-01.jpg\" /><img alt=\"\" src=\"http://dev.webarq.info:8081/kreditplus-be/ck/files/office-02.jpg\" /></p>\r\n\r\n<p>Dengan selalu mengikuti perkembangan jaman dan kebutuhan konsumen, kreditplus meningkatkan fasilitas dengan mengembangkan sistem dan jaringan terpadu. Salah satu strateginya adalah dengan menjalin kerjasama dengan&nbsp;<em><strong>ecommerce channel</strong></em>&nbsp;melalui system yang terintegrasi dalam rangka memberikan layanan terbaik kepada konsumen dalam melakukan transaksi&nbsp;<em><strong>online</strong></em>&nbsp;tanpa kartu kredit.</p>\r\n\r\n<p>Sebagai perusahaan pembiayaan, kreditplus memberikan limit pembiayaan&nbsp; yang maksimal untuk beragam kategori produk seperti : gadget, audio video, home appliance, computer / laptop, furniture, game console hingga sport equipment dibiayai oleh kreditplus dengan jangka waktu pembiayaan yang variatif. Dengan mengusung prinsip&nbsp;<strong>&ldquo;belanja online tanpa kartu kredit&rdquo;</strong>, kreditplus juga menjangkau konsumen baru yang bertransaksi secara online melalui ecommerce channel yang ternama dan dipercaya.</p>\r\n\r\n<p>Inovasi lainnya dari Kreditplus untuk meningkatkan penjualan di dunia digital,&nbsp;<strong>Kreditplus mobile dan digital application form</strong>&nbsp;menjadi tawaran menarik lainnya bagi konsumen. Informasi yang akurat dalam system berbasis mobile memudahkan konsumen mendapatkan informasi akurat sejak pengajuan diajukan hingga persetujuan, jumlah cicilan beserta tanggal jatuh tempo dan layanan contact center.</p>\r\n\r\n<p>Kerjasama dengan lebih dari 9.000 jaringan ATM berbagai bank, Kantor Pos, gerai Indomaret dan Alfamart menambah berbagai kemudahan yang ditawarkan kreditplus kepada konsumen.</p>\r\n\r\n<p><strong>Perlu Kredit ..?.. Ingat Kreditplus</strong></p>\r\n','/',''),(9,'6.97',NULL,NULL,'Application GCG','The practice of Good Corporate Governance (GCG) becomes essential in the management of the Company','<p>EN This is Photoshop&#39;s version of Lorem Ipsum. Proin gravida nibh vel velit auctor aliquet. Aenean sollicitudin, lorem quis bibendum auctor, nisi elit consequat ipsum, nec sagittis sem nibh id elit. Duis sed odio sit amet nibh vulputate cursus a sit amet mauris. Morbi accumsan ipsum velit. Nam nec tellus a odio tincidunt auctor a ornare odio. Sed non mauris vitae erat consequat auctor eu in elit. Class aptent taciti sociosqu ad litora torquent per conubia nostra, per inceptos himenaeos.</p>\r\n\r\n<p><img alt=\"\" src=\"http://dev.webarq.info:8081/kreditplus-be/ck/7cf3a051a2df4fc43ba765933d5dea4d_gcg-img.jpg\" /></p>\r\n\r\n<h4>This is Lorem Ipsum</h4>\r\n\r\n<p>This is Photoshop&#39;s version of Lorem Ipsum. Proin gravida nibh vel velit auctor aliquet. Aenean sollicitudin, lorem quis bibendum auctor, nisi elit consequat ipsum, nec sagittis sem nibh id elit. Duis sed odio sit amet nibh vulputate cursus a sit amet mauris. Morbi accumsan ipsum velit. Nam nec tellus a odio tincidunt auctor a ornare odio. Sed non mauris vitae erat consequat auctor eu in elit. Class aptent taciti sociosqu ad litora torquent per conubia nostra, per inceptos himenaeos. This is Photoshop&#39;s version of Lorem Ipsum. Proin gravida nibh vel velit auctor aliquet. Aenean sollicitudin, lorem quis bibendum auctor, nisi elit consequat ipsum, nec sagittis sem nibh id elit. Duis sed odio sit amet nibh vulputate cursus a sit amet mauris. Morbi accumsan ipsum velit. Nam nec tellus a odio tincidunt auctor a ornare odio. Sed non mauris vitae erat consequat auctor eu in elit. Class aptent taciti sociosqu ad litora torquent per conubia nostra, per inceptos himenaeos. Mauris in erat justo. Nullam ac urna eu felis dapibus condimentum sit amet a augue. Sed non neque elit. Sed ut imperdiet nisi. Proin condimentum fermentum nunc. Etiam pharetra, erat sed fermentum feugiat, velit mauris egestas quam, ut aliquam massa nisl quis neque. Suspendisse in orci enim.</p>\r\n','/',''),(12,'31.97',NULL,NULL,'Feature KreditPlus Mobile','Nikmati kemudahan kredit online dalam genggaman Anda!','<p><img alt=\"\" src=\"http://dev.webarq.info:8081/kreditplus-be/ck/files/image%20KPM%20mobile2.jpg\" /></p>\r\n\r\n<p>Kreditplus mobile merupakan fasilitas dari Kreditplus yang menawarkan kemudahan transaksi kredit secara online berbasis aplikasi mobile. Download kreditplus mobile, kredit semakin Mudah, Cepat dan Aman</p>\r\n\r\n<p>Fitur :</p>\r\n\r\n<ul>\r\n	<li>Kredit multiguna</li>\r\n	<li>Pinjaman Modal Kerja</li>\r\n	<li>Untuk pengembangan modal bisnis dengan menggunakan agunan kendaraan.</li>\r\n</ul>\r\n\r\n<p>&nbsp;</p>\r\n\r\n<p><img alt=\"\" src=\"http://dev.webarq.info:8081/kreditplus-be/ck/files/image%20KPM%20mobile1.jpg\" /></p>\r\n','/',''),(13,'12.97',NULL,NULL,'Fitur KreditMu','','<p><img alt=\"\" src=\"http://dev.webarq.info:8081/kreditplus-be/ck/files/image%20Kreditmu1.jpg\" /></p>\r\n\r\n<p><u><strong>4 LANGKAH AKTIFKAN KREDITMU</strong></u></p>\r\n\r\n<ol>\r\n	<li>Daftar di www.kreditmu.com atau melalui kreditplus mobile</li>\r\n	<li>Verifikasi data</li>\r\n	<li>Terima sms limit kredit</li>\r\n	<li>Belanja di website / toko rekanan kreditplus</li>\r\n</ol>\r\n\r\n<p><img alt=\"\" src=\"http://dev.webarq.info:8081/kreditplus-be/ck/files/image%20Kreditmu2.jpg\" /></p>\r\n\r\n<p><strong>MUDAH</strong><br />\r\nMengedepankan kemudahan transaksi kredit dimulai saat konsumen melakukan pengajuan plafond kredit sampai proses transaksi kredit.</p>\r\n\r\n<p><strong>CEPAT</strong><br />\r\nKecepatan mendapatkan keputusan kredit berdasarkan plafond kredit konsumen</p>\r\n\r\n<p><strong>AMAN</strong><br />\r\nAman karena transaksi kredit dicover Asuransi Barang dan Jiwa.</p>\r\n\r\n<p>**Kreditmu dapat di transaksikan melalui Channel E&ndash;Commerce maupun toko rekanan yang sudah memiliki kerjasama dengan kreditplus</p>\r\n','/',''),(14,'4.97',NULL,NULL,'Management','','<p>Kreditplus memiliki lisensi pembiayaan modal kerja, pembiayaan multi guna dan berbagai aktivitas lainnya sesuai dengan persetujuan Otoritas Jasa Keuangan. Saat ini, Kreditplus memfokuskan bisnisnya pada pembiayaan mobil, motor dan elektronik. Serta telah menjadi salah satu pemain terkemuka di industri pembiayaan yang tersebar melalui jaringan distribusi di 244 lokasi di seluruh Indonesia serta didukung oleh lebih dari 12.000 karyawan.</p>\r\n\r\n<p style=\"text-align:center\"><img alt=\"\" src=\"http://dev.webarq.info:8081/kreditplus-be/ck/files/bod.jpg\" /><img alt=\"\" src=\"http://dev.webarq.info:8081/kreditplus-be/ck/files/ic_phone.png\" style=\"height:60px; width:60px\" /></p>\r\n','/',''),(15,'5.101',NULL,NULL,'Achievement','This is Photoshop\'s version of Lorem Ipsum.','<p>This is Photoshop&#39;s version of Lorem Ipsum. Proin gravida nibh vel velit auctor aliquet.</p>\r\n','/',''),(17,'36.97',NULL,NULL,'fdgfd','gfgfgfgdgf','<p>gffgfddfdf</p>\r\n','/','');

/*Table structure for table `content_i18n` */

DROP TABLE IF EXISTS `content_i18n`;

CREATE TABLE `content_i18n` (
  `id` bigint(20) unsigned NOT NULL AUTO_INCREMENT,
  `lang_code` char(2) COLLATE utf8_unicode_ci NOT NULL,
  `content_id` int(10) unsigned NOT NULL,
  `intro` varchar(2000) COLLATE utf8_unicode_ci DEFAULT NULL,
  `description` text COLLATE utf8_unicode_ci,
  `create_on` datetime NOT NULL,
  `title` varchar(200) COLLATE utf8_unicode_ci DEFAULT NULL,
  `txtbtn_pelajari` varchar(100) COLLATE utf8_unicode_ci DEFAULT NULL,
  PRIMARY KEY (`id`)
) ENGINE=InnoDB AUTO_INCREMENT=18 DEFAULT CHARSET=utf8 COLLATE=utf8_unicode_ci;

/*Data for the table `content_i18n` */

insert  into `content_i18n`(`id`,`lang_code`,`content_id`,`intro`,`description`,`create_on`,`title`,`txtbtn_pelajari`) values (2,'id',3,'Kreditplus membuka peluang bagi professional muda/lulusan baru untuk pengalaman belajar sekaligus bekerja yang mengasah dan membangun kapabilitas diri. Bergabunglah bersama kami.','<p>Mencari individu-individu berbakat dan berpotensi yang mampu mencerminkan tata nilai perusahaan untuk menjadi bagian dari tim yang mengakselerasi pencapaian visi. Kembangkanlah ide, kreativitas dan inovasi anda sebagai solusi dalam rangka peningkatan kualitas operasional sampai dengan pengembangan bisnis. Temukan berbagai pekerjaan dan tugas yang menantang dan berbagai pilihan tempat bekerja. Anda akan bekerja sama dengan rekan kerja dari berbagai latar belakang pendidikan, profesi dan budaya. Temukan pengalaman berharga dan rasakan bagaimana semua hal tersebut dapat mengembangkan kemampuan dan kompetensi anda.</p>\r\n','2017-11-01 10:19:55','BERGABUNG DENGAN KREDITPLUS',NULL),(3,'id',2,'Saya dengan ini mengajukan pembiayaan (kredit) untuk pembelian produk :','','2017-11-01 10:26:11','FORM PENGAJUAN KREDIT',''),(6,'id',6,'Temukan Cabang Kreditplus terdekat','','2017-11-08 06:00:53','Kantor Cabang',''),(7,'id',7,'fdsfdsfdsd','<p>fsdfsdfsd</p>\r\n','2017-11-09 04:13:25','dsffsdsdf',NULL),(8,'id',8,'PT. Finansia Multi Finance dengan brand Kreditplus merupakan suatu badan usaha bersama antara perusahaan gabungan profesional Indonesia dan Singapura dan perusahaan Amerika. ','<p>Sejak didirikan pada tanggal 9 Juni 1994 Kreditplus telah memiliki jaringan kantor cabang yang tersebar luas hingga 260 titik di seluruh Indonesia dan telah memiliki pengalaman lebih dari 20 tahun dalam bidang pembiayaan konsumen..</p>\r\n\r\n<p>Berawal hanya dari membiayai&nbsp;<strong>motor, mobil dan alat-alat berat</strong>,&nbsp;Kreditplus membangun usaha dan menjaring konsumen, hingga tetap bertahan di saat krisis ekonomi melanda Indonesia melalui diverisifikasi usaha dan menambah jumlah produk yang dibiayai. Kemudian Kreditplus merubah produk dengan membiayai&nbsp;<strong>Motor Baru, Elektronik, KPR dan Motor Bekas</strong>.</p>\r\n\r\n<p><img alt=\"\" src=\"http://dev.webarq.info:8081/kreditplus-be/ck/files/office-01.jpg\" /><img alt=\"\" src=\"http://dev.webarq.info:8081/kreditplus-be/ck/files/office-02.jpg\" /></p>\r\n\r\n<p>Dengan selalu mengikuti perkembangan jaman dan kebutuhan konsumen, kreditplus meningkatkan fasilitas dengan mengembangkan sistem dan jaringan terpadu. Salah satu strateginya adalah dengan menjalin kerjasama dengan&nbsp;<em><strong>ecommerce channel</strong></em>&nbsp;melalui system yang terintegrasi dalam rangka memberikan layanan terbaik kepada konsumen dalam melakukan transaksi&nbsp;<em><strong>online</strong></em>&nbsp;tanpa kartu kredit.</p>\r\n\r\n<p>Sebagai perusahaan pembiayaan, kreditplus memberikan limit pembiayaan&nbsp; yang maksimal untuk beragam kategori produk seperti : gadget, audio video, home appliance, computer / laptop, furniture, game console hingga sport equipment dibiayai oleh kreditplus dengan jangka waktu pembiayaan yang variatif. Dengan mengusung prinsip&nbsp;<strong>&ldquo;belanja online tanpa kartu kredit&rdquo;</strong>, kreditplus juga menjangkau konsumen baru yang bertransaksi secara online melalui ecommerce channel yang ternama dan dipercaya.</p>\r\n\r\n<p>Inovasi lainnya dari Kreditplus untuk meningkatkan penjualan di dunia digital,&nbsp;<strong>Kreditplus mobile dan digital application form</strong>&nbsp;menjadi tawaran menarik lainnya bagi konsumen. Informasi yang akurat dalam system berbasis mobile memudahkan konsumen mendapatkan informasi akurat sejak pengajuan diajukan hingga persetujuan, jumlah cicilan beserta tanggal jatuh tempo dan layanan contact center.</p>\r\n\r\n<p>Kerjasama dengan lebih dari 9.000 jaringan ATM berbagai bank, Kantor Pos, gerai Indomaret dan Alfamart menambah berbagai kemudahan yang ditawarkan kreditplus kepada konsumen.</p>\r\n\r\n<p><strong>Perlu Kredit ..?.. Ingat Kreditplus</strong></p>\r\n','2017-11-09 09:35:15','Profil Perusahaan',''),(9,'id',9,'Praktik Tata Kelola Perusahaan yang Baik (GCG) sangat penting dalam pengelolaan Perseroan','<p>This is Photoshop&#39;s version of Lorem Ipsum. Proin gravida nibh vel velit auctor aliquet. Aenean sollicitudin, lorem quis bibendum auctor, nisi elit consequat ipsum, nec sagittis sem nibh id elit. Duis sed odio sit amet nibh vulputate cursus a sit amet mauris. Morbi accumsan ipsum velit. Nam nec tellus a odio tincidunt auctor a ornare odio. Sed non mauris vitae erat consequat auctor eu in elit. Class aptent taciti sociosqu ad litora torquent per conubia nostra, per inceptos himenaeos.</p>\r\n\r\n<p><img alt=\"\" src=\"http://dev.webarq.info:8081/kreditplus-be/ck/7cf3a051a2df4fc43ba765933d5dea4d_gcg-img.jpg\" /></p>\r\n\r\n<h4>This is Lorem Ipsum</h4>\r\n\r\n<p>This is Photoshop&#39;s version of Lorem Ipsum. Proin gravida nibh vel velit auctor aliquet. Aenean sollicitudin, lorem quis bibendum auctor, nisi elit consequat ipsum, nec sagittis sem nibh id elit. Duis sed odio sit amet nibh vulputate cursus a sit amet mauris. Morbi accumsan ipsum velit. Nam nec tellus a odio tincidunt auctor a ornare odio. Sed non mauris vitae erat consequat auctor eu in elit. Class aptent taciti sociosqu ad litora torquent per conubia nostra, per inceptos himenaeos. This is Photoshop&#39;s version of Lorem Ipsum. Proin gravida nibh vel velit auctor aliquet. Aenean sollicitudin, lorem quis bibendum auctor, nisi elit consequat ipsum, nec sagittis sem nibh id elit. Duis sed odio sit amet nibh vulputate cursus a sit amet mauris. Morbi accumsan ipsum velit. Nam nec tellus a odio tincidunt auctor a ornare odio. Sed non mauris vitae erat consequat auctor eu in elit. Class aptent taciti sociosqu ad litora torquent per conubia nostra, per inceptos himenaeos. Mauris in erat justo. Nullam ac urna eu felis dapibus condimentum sit amet a augue. Sed non neque elit. Sed ut imperdiet nisi. Proin condimentum fermentum nunc. Etiam pharetra, erat sed fermentum feugiat, velit mauris egestas quam, ut aliquam massa nisl quis neque. Suspendisse in orci enim.</p>\r\n','2017-11-09 10:15:41','Penerapan GCG',''),(12,'id',12,'Nikmati kemudahan kredit online dalam genggaman Anda!','<p><img alt=\"\" src=\"http://dev.webarq.info:8081/kreditplus-be/ck/files/image%20KPM%20mobile2.jpg\" /></p>\r\n\r\n<p>Kreditplus mobile merupakan fasilitas dari Kreditplus yang menawarkan kemudahan transaksi kredit secara online berbasis aplikasi mobile. Download kreditplus mobile, kredit semakin Mudah, Cepat dan Aman</p>\r\n\r\n<p>Fitur :</p>\r\n\r\n<ul>\r\n	<li>Kredit multiguna</li>\r\n	<li>Pinjaman Modal Kerja</li>\r\n	<li>Untuk pengembangan modal bisnis dengan menggunakan agunan kendaraan.</li>\r\n</ul>\r\n\r\n<p>&nbsp;</p>\r\n\r\n<p><img alt=\"\" src=\"http://dev.webarq.info:8081/kreditplus-be/ck/files/image%20KPM%20mobile1.jpg\" /></p>\r\n','2017-11-10 01:47:33','Fitur KreditPlus Mobile',''),(13,'id',13,'','<p><img alt=\"\" src=\"http://dev.webarq.info:8081/kreditplus-be/ck/files/image%20Kreditmu1.jpg\" /></p>\r\n\r\n<p><u><strong>4 LANGKAH AKTIFKAN KREDITMU</strong></u></p>\r\n\r\n<ol>\r\n	<li>Daftar di www.kreditmu.com atau melalui kreditplus mobile</li>\r\n	<li>Verifikasi data</li>\r\n	<li>Terima sms limit kredit</li>\r\n	<li>Belanja di website / toko rekanan kreditplus</li>\r\n</ol>\r\n\r\n<p><img alt=\"\" src=\"http://dev.webarq.info:8081/kreditplus-be/ck/files/image%20Kreditmu2.jpg\" /></p>\r\n\r\n<p><strong>MUDAH</strong><br />\r\nMengedepankan kemudahan transaksi kredit dimulai saat konsumen melakukan pengajuan plafond kredit sampai proses transaksi kredit.</p>\r\n\r\n<p><strong>CEPAT</strong><br />\r\nKecepatan mendapatkan keputusan kredit berdasarkan plafond kredit konsumen</p>\r\n\r\n<p><strong>AMAN</strong><br />\r\nAman karena transaksi kredit dicover Asuransi Barang dan Jiwa.</p>\r\n\r\n<p>**Kreditmu dapat di transaksikan melalui Channel E&ndash;Commerce maupun toko rekanan yang sudah memiliki kerjasama dengan kreditplus</p>\r\n','2017-11-10 01:49:05','Fitur KreditMu',''),(14,'id',14,'','<p>Kreditplus memiliki lisensi pembiayaan modal kerja, pembiayaan multi guna dan berbagai aktivitas lainnya sesuai dengan persetujuan Otoritas Jasa Keuangan. Saat ini, Kreditplus memfokuskan bisnisnya pada pembiayaan mobil, motor dan elektronik. Serta telah menjadi salah satu pemain terkemuka di industri pembiayaan yang tersebar melalui jaringan distribusi di 244 lokasi di seluruh Indonesia serta didukung oleh lebih dari 12.000 karyawan.</p>\r\n\r\n<p style=\"text-align:center\"><img alt=\"\" src=\"http://dev.webarq.info:8081/kreditplus-be/ck/files/bod.jpg\" /><img alt=\"\" src=\"http://dev.webarq.info:8081/kreditplus-be/ck/files/ic_phone.png\" style=\"height:60px; width:60px\" /></p>\r\n','2017-11-15 11:46:59','Manajemen',''),(15,'id',15,'Ini adalah versi Photoshop dari Lorem Ipsum.','<p>Ini adalah versi Photoshop dari Lorem Ipsum. Tempurung matium nias velvet nilam.</p>\r\n','2017-11-15 11:57:27','Prestasi',''),(17,'id',17,'gfggdffd','<p>gfddfdfddf</p>\r\n','2017-11-22 04:53:53','gfdgsdgsdggf','');

/*Table structure for table `content_karir` */

DROP TABLE IF EXISTS `content_karir`;

CREATE TABLE `content_karir` (
  `id` int(10) unsigned NOT NULL AUTO_INCREMENT,
  `section_id` varchar(50) COLLATE utf8_unicode_ci DEFAULT NULL,
  `title` varchar(100) COLLATE utf8_unicode_ci NOT NULL,
  `intro` text COLLATE utf8_unicode_ci NOT NULL,
  `description` text COLLATE utf8_unicode_ci NOT NULL,
  `txt1` varchar(100) COLLATE utf8_unicode_ci NOT NULL,
  `txt2` varchar(100) COLLATE utf8_unicode_ci NOT NULL,
  `email` varchar(100) COLLATE utf8_unicode_ci NOT NULL,
  PRIMARY KEY (`id`)
) ENGINE=InnoDB AUTO_INCREMENT=2 DEFAULT CHARSET=utf8 COLLATE=utf8_unicode_ci;

/*Data for the table `content_karir` */

insert  into `content_karir`(`id`,`section_id`,`title`,`intro`,`description`,`txt1`,`txt2`,`email`) values (1,'17.84','JOIN CREDITPLUS','Kreditplus opens opportunities for young professionals / new graduates to experience learning as well as work that sharpen and build self-capabilities. Join us.','<p>Seek talented and potential individuals who are able to reflect corporate values ​​to be part of the team that accelerates the achievement of the vision. Develop your ideas, creativity and innovation as a solution in order to improve operational quality up to business development. Find challenging jobs and tasks and workplace options. You will work with colleagues from various educational backgrounds, professions and cultures. Find valuable experience and feel how all these things can develop your skills and competencies.</p>\r\n','placement','Apply by submitting your CV to','recruitment@finansia.com');

/*Table structure for table `content_karir_i18n` */

DROP TABLE IF EXISTS `content_karir_i18n`;

CREATE TABLE `content_karir_i18n` (
  `id` bigint(20) unsigned NOT NULL AUTO_INCREMENT,
  `lang_code` char(2) COLLATE utf8_unicode_ci NOT NULL,
  `content_karir_id` int(10) unsigned NOT NULL,
  `txt1` varchar(100) COLLATE utf8_unicode_ci DEFAULT NULL,
  `txt2` varchar(100) COLLATE utf8_unicode_ci DEFAULT NULL,
  `title` varchar(100) COLLATE utf8_unicode_ci DEFAULT NULL,
  `intro` text COLLATE utf8_unicode_ci,
  `description` text COLLATE utf8_unicode_ci,
  `create_on` datetime NOT NULL,
  PRIMARY KEY (`id`)
) ENGINE=InnoDB AUTO_INCREMENT=2 DEFAULT CHARSET=utf8 COLLATE=utf8_unicode_ci;

/*Data for the table `content_karir_i18n` */

insert  into `content_karir_i18n`(`id`,`lang_code`,`content_karir_id`,`txt1`,`txt2`,`title`,`intro`,`description`,`create_on`) values (1,'id',1,'penempatan','Apply dengan mengirimkan CV Anda ke','BERGABUNG DENGAN KREDITPLUS','Kreditplus membuka peluang bagi professional muda/lulusan baru untuk pengalaman belajar sekaligus bekerja yang mengasah dan membangun kapabilitas diri. Bergabunglah bersama kami.','<p>Mencari individu-individu berbakat dan berpotensi yang mampu mencerminkan tata nilai perusahaan untuk menjadi bagian dari tim yang mengakselerasi pencapaian visi. Kembangkanlah ide, kreativitas dan inovasi anda sebagai solusi dalam rangka peningkatan kualitas operasional sampai dengan pengembangan bisnis. Temukan berbagai pekerjaan dan tugas yang menantang dan berbagai pilihan tempat bekerja. Anda akan bekerja sama dengan rekan kerja dari berbagai latar belakang pendidikan, profesi dan budaya. Temukan pengalaman berharga dan rasakan bagaimana semua hal tersebut dapat mengembangkan kemampuan dan kompetensi anda.</p>\r\n','2017-11-06 07:55:38');

/*Table structure for table `content_kreditplus` */

DROP TABLE IF EXISTS `content_kreditplus`;

CREATE TABLE `content_kreditplus` (
  `id` int(10) unsigned NOT NULL AUTO_INCREMENT,
  `section_id` varchar(100) COLLATE utf8_unicode_ci NOT NULL,
  `title` varchar(100) COLLATE utf8_unicode_ci NOT NULL,
  `intro` varchar(2000) COLLATE utf8_unicode_ci NOT NULL,
  `description` text COLLATE utf8_unicode_ci NOT NULL,
  `image` varchar(100) COLLATE utf8_unicode_ci NOT NULL,
  PRIMARY KEY (`id`)
) ENGINE=InnoDB AUTO_INCREMENT=6 DEFAULT CHARSET=utf8 COLLATE=utf8_unicode_ci;

/*Data for the table `content_kreditplus` */

insert  into `content_kreditplus`(`id`,`section_id`,`title`,`intro`,`description`,`image`) values (3,'12.51','FITUR KREDITMU','<p><span style=\"font-size:18px\"><strong>Your credit is the payment method &quot;CICILAN WITHOUT CREDIT CARD&quot; from Kreditplus (PT.Finansia Multifinance). With your credit, you can buy the goods in installments with the period from 3, 6, to 12 months.</strong></span></p>\r\n\r\n<p>By registering with your Credit, you will be provided with a quick cicialan limit facility that can be used to shop online (elevenia, jd.id, pasarwarga, livaza) &quot;NO CREDIT CARD WITHOUT RIBET&quot;.</p>\r\n','<p>Your credit is the payment method &quot;CICILAN WITHOUT CREDIT CARD&quot; from Kreditplus (PT.Finansia Multifinance). With your credit, you can buy the goods in installments with the period from 3, 6, to 12 months.<br />\r\nBy registering with your Credit, you will be provided with a quick cicialan limit facility that can be used to shop online (elevenia, jd.id, pasarwarga, livaza) &quot;NO CREDIT CARD WITHOUT RIBET&quot;.</p>\r\n','site/uploads/banners/59fac657668d9-promo-img3.jpg'),(4,'11.51','FITUR KREDITPLUS MOBILE','<h3>Kreditplus Mobile is a consumer finance services application from Kreditplus that offers various facilities and benefits for all users (non-members and members of Kreditplus) in one hand.</h3>\r\n\r\n<p><span style=\"font-family:Times New Roman,Times,serif\"><span style=\"font-size:16px\">In accordance with our motto is fast, easy, and secure, enjoy the speed of information and ease of credit application up to direct payment from your smartphone.</span></span></p>\r\n','<p>You can start developing your dream business with business capital and multipurpose services of motorcycles and cars from Kreditplus and fulfill all your electronic needs with multipurpose services.</p>\r\n\r\n<p>While available for Jabodetabek area.<br />\r\nFor further information please contact Contact Center KreditPlus 1500 605.</p>\r\n','site/uploads/banners/59fac6239793b-promo-img2.jpg'),(5,'27.83','Title','<p>Intro</p>\r\n','<p>Description</p>\r\n','site/uploads/banners/5a0007ace7e54-promo-img2-bw.jpg');

/*Table structure for table `content_kreditplus_i18n` */

DROP TABLE IF EXISTS `content_kreditplus_i18n`;

CREATE TABLE `content_kreditplus_i18n` (
  `id` bigint(20) unsigned NOT NULL AUTO_INCREMENT,
  `lang_code` char(2) COLLATE utf8_unicode_ci NOT NULL,
  `content_kreditplus_id` int(10) unsigned NOT NULL,
  `title` varchar(100) COLLATE utf8_unicode_ci DEFAULT NULL,
  `intro` varchar(2000) COLLATE utf8_unicode_ci DEFAULT NULL,
  `description` text COLLATE utf8_unicode_ci,
  `create_on` datetime NOT NULL,
  PRIMARY KEY (`id`)
) ENGINE=InnoDB AUTO_INCREMENT=5 DEFAULT CHARSET=utf8 COLLATE=utf8_unicode_ci;

/*Data for the table `content_kreditplus_i18n` */

insert  into `content_kreditplus_i18n`(`id`,`lang_code`,`content_kreditplus_id`,`title`,`intro`,`description`,`create_on`) values (1,'id',2,'FITUR KREDITPLUS MOBILE','<h3>Kreditplus Mobile adalah aplikasi jasa pembiayaan konsumen dari Kreditplus yang menawarkan berbagai kemudahan dan manfaat bagi seluruh pengguna (member maupun non-member Kreditplus) dalam satu genggaman.</h3>\r\n\r\n<p>Sesuai dengan motto kami yaitu cepat, mudah, dan aman, nikmati kecepatan informasi dan kemudahan pengajuan kredit sampai dengan pembayaran langsung dari smartphone anda.</p>\r\n','<p>Anda dapat mulai mengembangkan usaha impian anda dengan layanan modal usaha maupun multiguna motor dan mobil dari Kreditplus serta penuhi semua kebutuhan elektronik anda dengan layanan multiguna barang.</p>\r\n\r\n<p>Sementara tersedia untuk wilayah Jabodetabek.<br />\r\nInformasi lebih lanjut hubungi&nbsp;<a href=\"http://localhost/kreditplus__/information_promo_detail2.php\"><strong>Contact Center KreditPlus 1500 605.</strong></a></p>\r\n','2017-11-01 09:49:46'),(2,'id',4,'FITUR KREDITPLUS MOBILE','<h3>Kreditplus Mobile adalah aplikasi jasa pembiayaan konsumen dari Kreditplus yang menawarkan berbagai kemudahan dan manfaat bagi seluruh pengguna (member maupun non-member Kreditplus) dalam satu genggaman.</h3>\r\n\r\n<p>Sesuai dengan motto kami yaitu cepat, mudah, dan aman, nikmati kecepatan informasi dan kemudahan pengajuan kredit sampai dengan pembayaran langsung dari smartphone anda.</p>\r\n','<p>Anda dapat mulai mengembangkan usaha impian anda dengan layanan modal usaha maupun multiguna motor dan mobil dari Kreditplus serta penuhi semua kebutuhan elektronik anda dengan layanan multiguna barang.</p>\r\n\r\n<p>Sementara tersedia untuk wilayah Jabodetabek.<br />\r\nInformasi lebih lanjut hubungi&nbsp;<a href=\"http://localhost/kreditplus__/information_promo_detail2.php\"><strong>Contact Center KreditPlus 1500 605.</strong></a></p>\r\n','2017-11-01 09:56:53'),(3,'id',3,'FITUR KREDITMU','<h3>Kreditmu adalah metode pembayaran &quot;CICILAN TANPA KARTU KREDIT&quot; dari Kreditplus (PT.Finansia Multifinance). Dengan kreditmu, Anda bisa membeli barang dengan cara dicicil dengan periode dari 3, 6, sampai 12 bulan.</h3>\r\n\r\n<p>Dengan mendafat di Kreditmu, Anda akan diberikan fasilitas limit cicialan dengan cepat yang bisa digunakan untuk berbelanja secara online (elevenia, jd.id, pasarwarga, livaza) &quot;TANPA KARTU KREDIT TANPA RIBET&quot;.</p>\r\n','<p>Kreditmu adalah metode pembayaran &quot;CICILAN TANPA KARTU KREDIT&quot; dari Kreditplus (PT.Finansia Multifinance). Dengan kreditmu, Anda bisa membeli barang dengan cara dicicil dengan periode dari 3, 6, sampai 12 bulan.<br />\r\nDengan mendafat di Kreditmu, Anda akan diberikan fasilitas limit cicialan dengan cepat yang bisa digunakan untuk berbelanja secara online (elevenia, jd.id, pasarwarga, livaza) &quot;TANPA KARTU KREDIT TANPA RIBET&quot;.</p>\r\n','2017-11-01 09:58:43'),(4,'id',5,'Title (ID)','<p>Intro (ID)</p>\r\n','<p>Description (ID)</p>\r\n','2017-11-06 06:30:15');

/*Table structure for table `content_produk` */

DROP TABLE IF EXISTS `content_produk`;

CREATE TABLE `content_produk` (
  `id` int(10) unsigned NOT NULL AUTO_INCREMENT,
  `section_id` varchar(100) COLLATE utf8_unicode_ci NOT NULL,
  `title` varchar(100) COLLATE utf8_unicode_ci NOT NULL,
  `intro` varchar(2000) COLLATE utf8_unicode_ci NOT NULL,
  `description` text COLLATE utf8_unicode_ci,
  PRIMARY KEY (`id`)
) ENGINE=InnoDB AUTO_INCREMENT=9 DEFAULT CHARSET=utf8 COLLATE=utf8_unicode_ci;

/*Data for the table `content_produk` */

insert  into `content_produk`(`id`,`section_id`,`title`,`intro`,`description`) values (2,'8.41','Multi Guna Elektronik','Didukung oleh lebih dari 5.000 dealer yang tersebar di seluruh Indonesia. ','<p>Kredit Plus terus mengembangkan pembiayaan di bidang Elektronik, Furniture, Gadget, Computer, Alat Musik, Alat Olah raga dll. Kreditplus juga menjalin kerjasama yang baik dengan berbagai Prinsipal besar seperti Samsung, Sharp, Elektrolux, LG, Panasonic, dll</p>\r\n\r\n<table>\r\n	<thead>\r\n		<tr>\r\n			<th class=\"a-left\">Persyaratan Umum</th>\r\n			<th>Karyawan</th>\r\n			<th>Wiraswasta</th>\r\n			<th>Profesional</th>\r\n		</tr>\r\n	</thead>\r\n	<tbody>\r\n		<tr>\r\n			<td data-title=\"Persyaratan Umum\">Fotocopy KTP Pemohon</td>\r\n			<td class=\"a-center\" data-title=\"Karyawan\"><img alt=\"\" src=\"http://dev.webarq.info:8081/kreditplus-be/ck/files/ic_checked.png\" style=\"width: 28px; height: 21px;\" /></td>\r\n			<td class=\"a-center\" data-title=\"Wiraswasta\">&nbsp;</td>\r\n			<td class=\"a-center\" data-title=\"Profesional\">&nbsp;</td>\r\n		</tr>\r\n		<tr>\r\n			<td data-title=\"Persyaratan Umum\">Fotocopy Surat Ijin Usaha Perdagangan (SIUP)</td>\r\n			<td class=\"a-center\" data-title=\"Karyawan\">&nbsp;</td>\r\n			<td class=\"a-center\" data-title=\"Wiraswasta\"><img alt=\"\" src=\"http://dev.webarq.info:8081/kreditplus-be/ck/files/ic_checked.png\" style=\"width: 28px; height: 21px;\" /></td>\r\n			<td class=\"a-center\" data-title=\"Profesional\">&nbsp;</td>\r\n		</tr>\r\n		<tr>\r\n			<td data-title=\"Persyaratan Umum\">Fotocopy Nomor Pokok Wajib Pajak (NPWP)</td>\r\n			<td class=\"a-center\" data-title=\"Karyawan\">&nbsp;</td>\r\n			<td class=\"a-center\" data-title=\"Wiraswasta\">&nbsp;</td>\r\n			<td class=\"a-center\" data-title=\"Profesional\"><img alt=\"\" src=\"http://dev.webarq.info:8081/kreditplus-be/ck/files/ic_checked.png\" style=\"width: 28px; height: 21px;\" /></td>\r\n		</tr>\r\n		<tr>\r\n			<td data-title=\"Persyaratan Umum\">Fotocopy Rekening Koran/Rekening Tabungan 3 Bulan Terakhir</td>\r\n			<td class=\"a-center\" data-title=\"Karyawan\">&nbsp;</td>\r\n			<td class=\"a-center\" data-title=\"Wiraswasta\"><img alt=\"\" src=\"http://dev.webarq.info:8081/kreditplus-be/ck/files/ic_checked.png\" style=\"width: 28px; height: 21px;\" /></td>\r\n			<td class=\"a-center\" data-title=\"Profesional\">&nbsp;</td>\r\n		</tr>\r\n		<tr>\r\n			<td data-title=\"Persyaratan Umum\">Fotocopy Slip Gaji atau surat Keterangan Penghasilan Resmi dan Sah ( Bulan Terakhir )</td>\r\n			<td class=\"a-center\" data-title=\"Karyawan\"><img alt=\"\" src=\"http://dev.webarq.info:8081/kreditplus-be/ck/files/ic_checked.png\" style=\"width: 28px; height: 21px;\" /></td>\r\n			<td class=\"a-center\" data-title=\"Wiraswasta\">&nbsp;</td>\r\n			<td class=\"a-center\" data-title=\"Profesional\">&nbsp;</td>\r\n		</tr>\r\n	</tbody>\r\n</table>\r\n'),(3,'9.41','EN PEMBELIAN MOTOR','Plus Credit provides your motorcycle financing solutions with an easy, fast and secure process.','<p>EN Solusi pembiayaan kendaraan mobil &amp; motor anda dengan proses yang mudah, cepat dan aman. Berbagai kemudahan yang ditawarkan Kreditplus yaitu :</p>\r\n\r\n<ol>\r\n	<li>3 jam sudah bisa transaksi</li>\r\n	<li>Membiayai kendaraan Jepang ataupun non jepang</li>\r\n	<li>Asuransi atas mobil &amp; motor yang dibiayai sepanjang masa pembiayaan</li>\r\n	<li>Asuransi jiwa atas konsumen yang mengajukan pembiayaan</li>\r\n	<li>Dapat membiayai kendaraan hingga 10 tahun termasuk tenor</li>\r\n	<li>Jangka waktu pembiayaan mulai dari 9 hingga 47 bulan</li>\r\n	<li>Pembayaran angsuran yang mudah melalui berbagai payment point</li>\r\n</ol>\r\n\r\n<p><br />\r\nBerikut adalah persyaratan aplikasi pengajuan kredit mobil:&nbsp;</p>\r\n\r\n<table>\r\n	<thead>\r\n		<tr>\r\n			<th>Persyaratan Umum</th>\r\n			<th>Karyawan</th>\r\n			<th>Wiraswasta</th>\r\n			<th>Profesional</th>\r\n		</tr>\r\n	</thead>\r\n	<tbody>\r\n		<tr>\r\n			<td>Fotocopy KTP Pemohon</td>\r\n			<td style=\"text-align:center\"><img alt=\"\" src=\"http://dev.webarq.info:8081/kreditplus-be/ck/bf337d1682914a8a6895f4764010e94d_ic_checked.png\" /></td>\r\n			<td style=\"text-align:center\"><img alt=\"\" src=\"http://dev.webarq.info:8081/kreditplus-be/ck/bf337d1682914a8a6895f4764010e94d_ic_checked.png\" /></td>\r\n			<td style=\"text-align:center\"><img alt=\"\" src=\"http://dev.webarq.info:8081/kreditplus-be/ck/bf337d1682914a8a6895f4764010e94d_ic_checked.png\" /></td>\r\n		</tr>\r\n		<tr>\r\n			<td>Fotocopy Surat Ijin Usaha Perdagangan (SIUP)</td>\r\n			<td>&nbsp;</td>\r\n			<td style=\"text-align:center\"><img alt=\"\" src=\"http://dev.webarq.info:8081/kreditplus-be/ck/bf337d1682914a8a6895f4764010e94d_ic_checked.png\" /></td>\r\n			<td style=\"text-align:center\"><img alt=\"\" src=\"http://dev.webarq.info:8081/kreditplus-be/ck/bf337d1682914a8a6895f4764010e94d_ic_checked.png\" /></td>\r\n		</tr>\r\n		<tr>\r\n			<td>Fotocopy Nomor Pokok Wajib Pajak (NPWP)</td>\r\n			<td>&nbsp;</td>\r\n			<td style=\"text-align:center\"><img alt=\"\" src=\"http://dev.webarq.info:8081/kreditplus-be/ck/bf337d1682914a8a6895f4764010e94d_ic_checked.png\" /></td>\r\n			<td style=\"text-align:center\"><img alt=\"\" src=\"http://dev.webarq.info:8081/kreditplus-be/ck/bf337d1682914a8a6895f4764010e94d_ic_checked.png\" /></td>\r\n		</tr>\r\n		<tr>\r\n			<td>Fotocopy Rekening Koran/Rekening Tabungan 3 Bulan Terakhir</td>\r\n			<td>&nbsp;</td>\r\n			<td style=\"text-align:center\"><img alt=\"\" src=\"http://dev.webarq.info:8081/kreditplus-be/ck/bf337d1682914a8a6895f4764010e94d_ic_checked.png\" /></td>\r\n			<td style=\"text-align:center\"><img alt=\"\" src=\"http://dev.webarq.info:8081/kreditplus-be/ck/bf337d1682914a8a6895f4764010e94d_ic_checked.png\" /></td>\r\n		</tr>\r\n		<tr>\r\n			<td>Fotocopy Slip Gaji atau surat Keterangan Penghasilan Resmi dan Sah ( Bulan Terakhir )</td>\r\n			<td><img alt=\"\" src=\"http://dev.webarq.info:8081/kreditplus-be/ck/bf337d1682914a8a6895f4764010e94d_ic_checked.png\" /></td>\r\n			<td>&nbsp;</td>\r\n			<td>&nbsp;</td>\r\n		</tr>\r\n	</tbody>\r\n</table>\r\n\r\n<p>Informasi lebih lanjut mengenai pembiayaan Kreditplus dapat diperoleh melalui petugas kami di toko/dealer rekanan kami atau langsung menghubungi kantor cabang krediplus terdekat.</p>\r\n'),(4,'10.41','Multi Guna Mobil','Adalah solusi pembiayaan mobil anda dengan proses yang mudah, cepat dan aman, dengan jaminan BPKB kendaraan dari Debitur dan tenor diperjanjikan.','<p>Berbagai kemudahan yang ditawarkan kreditplus yaitu :</p>\r\n\r\n<ul>\r\n	<li>3 jam sudah bisa transaksi</li>\r\n	<li>Membiayai kendaraan Jepang ataupun non jepang</li>\r\n	<li>Asuransi atas mobil yang dibiayai sepanjang masa pembiayaan</li>\r\n	<li>Asuransi jiwa atas konsumen yang mengajukan pembiayaan</li>\r\n	<li>Dapat membiayai kendaraan dengan umur kendaraan hingga 15 (lima belas) tahun termasuk tenor</li>\r\n	<li>Jangka waktu pembiayaan mulai dari 12 hingga 36 bulan</li>\r\n	<li>Pembayaran angsuran yang mudah melalui berbagai payment gateway</li>\r\n</ul>\r\n'),(5,'27.37','PINJAMAN USAHA','Intro','<p>Description</p>\r\n\r\n<table>\r\n	<thead>\r\n		<tr>\r\n			<th>Persyaratan Umum</th>\r\n			<th>Karyawan</th>\r\n			<th>Wiraswasta</th>\r\n			<th>Profesional</th>\r\n		</tr>\r\n	</thead>\r\n	<tbody>\r\n		<tr>\r\n			<td>Copy of Applicant&#39;s ID</td>\r\n			<td>v</td>\r\n			<td>v</td>\r\n			<td>v</td>\r\n		</tr>\r\n		<tr>\r\n			<td>Copy of Trading Business License (SIUP)</td>\r\n			<td>&nbsp;</td>\r\n			<td>v</td>\r\n			<td>&nbsp;</td>\r\n		</tr>\r\n		<tr>\r\n			<td>Copy of Taxpayer Identification Number (NPWP)</td>\r\n			<td>v</td>\r\n			<td>v</td>\r\n			<td>&nbsp;</td>\r\n		</tr>\r\n		<tr>\r\n			<td>Copy of Newspaper Account / Last 3 Month Savings Account</td>\r\n			<td>&nbsp;</td>\r\n			<td>v</td>\r\n			<td>v</td>\r\n		</tr>\r\n		<tr>\r\n			<td>Copy of Salary Slip or Certificate of Official and Legal Income (Last Month)</td>\r\n			<td>&nbsp;</td>\r\n			<td>v</td>\r\n			<td>&nbsp;</td>\r\n		</tr>\r\n	</tbody>\r\n</table>\r\n\r\n<p>&nbsp;</p>\r\n'),(6,'30.41','Kreditmu ','Apa itu kreditmu? Bisa apa saja?','<p>Kreditmu adalah metode pembayaran &quot;<strong>CICILAN TANPA KARTU KREDIT</strong>&quot; dari Kreditplus (PT. Finansia Multifinance). Dengan kreditmu, Anda bisa membeli barang dengan cara dicicil dengan periode dari 3, 6 sampai 12 bulan.&nbsp;</p>\r\n\r\n<p>Dengan mendaftar di Kreditmu, Anda akan diberikan fasilitas limit cicilan dengan cepat yang bisa digunakan untuk berbelanja secara online (elevania, jd.id, pasarwarga dan livaza) &quot;<strong>TANPA KARTU KREDIT TANPA RIBET</strong>&quot;.&nbsp;</p>\r\n\r\n<p>Bertransaksi menggunakan Kreditmu &quot;<strong>TANPA BIAYA ADMIN, TANPA DP, PEMBAYARAN PERTAMA DI BULAN DEPAN</strong>&quot;.</p>\r\n'),(7,'36.41','Multi Guna Motor','“Transaksi Pembiayaan untuk pengadaan barang Motor Bekas  dengan jaminan BPKB kendaraan dari Debitur dan tenor diperjanjikan“','<p>Kendaraan yang dibiayai ATPM, yaitu :</p>\r\n\r\n<ol>\r\n	<li>Honda</li>\r\n	<li>Suzuki</li>\r\n	<li>Yamaha</li>\r\n	<li>Kawasaki</li>\r\n</ol>\r\n\r\n<p>&nbsp;</p>\r\n\r\n<p>Jenis Kendaraan , yaitu :</p>\r\n\r\n<ul>\r\n	<li>Matic</li>\r\n	<li>Bebek</li>\r\n	<li>Sport<br />\r\n	&nbsp;</li>\r\n</ul>\r\n\r\n<p>Note :<br />\r\nUmur kendaraan&nbsp; max. 10 tahun termasuk tenor</p>\r\n'),(8,'37.41','Modal Usaha','Adalah solusi kebutuhan pengadaan barang modal dan bahan baku dengan proses yang mudah, cepat dan aman.','<p>Berbagai kemudahan yang ditawarkan Kreditplus yaitu :</p>\r\n\r\n<ul>\r\n	<li>3 jam sudah bisa transaksi</li>\r\n	<li>Cukup dengan melampirkan invoice/bon/kwitansi dari penyedia barang modal dan atau bahan baku</li>\r\n	<li>Jangka waktu pembiayaan mulai dari 9 hingga 47 bulan</li>\r\n	<li>Jaminan BPKB &ldquo;Mobil &amp; Motor&rdquo;</li>\r\n	<li>Pembayaran angsuran yang mudah melalui berbagai payment point</li>\r\n</ul>\r\n\r\n<p>Dokumen persyaratan :</p>\r\n\r\n<p>Informasi lebih lanjut mengenai pembiayaan Kreditplus dapat diperoleh melalui petugas kami di toko/dealer rekanan kami atau langsung menghubungi kantor cabang krediplus terdekat<br />\r\n&lt;table&gt;<br />\r\n&nbsp;&nbsp; &nbsp;&nbsp;&nbsp; &nbsp;&nbsp;&nbsp; &nbsp;&lt;thead&gt;<br />\r\n&nbsp;&nbsp; &nbsp;&nbsp;&nbsp; &nbsp;&nbsp;&nbsp; &nbsp;&nbsp;&nbsp; &nbsp;&lt;tr&gt;<br />\r\n&nbsp;&nbsp; &nbsp;&nbsp;&nbsp; &nbsp;&nbsp;&nbsp; &nbsp;&nbsp;&nbsp; &nbsp;&nbsp;&nbsp; &nbsp;&lt;th class=&quot;a-left&quot;&gt;Persyaratan Umum&lt;/th&gt;<br />\r\n&nbsp;&nbsp; &nbsp;&nbsp;&nbsp; &nbsp;&nbsp;&nbsp; &nbsp;&nbsp;&nbsp; &nbsp;&nbsp;&nbsp; &nbsp;&lt;th&gt;Karyawan&lt;/th&gt;<br />\r\n&nbsp;&nbsp; &nbsp;&nbsp;&nbsp; &nbsp;&nbsp;&nbsp; &nbsp;&nbsp;&nbsp; &nbsp;&nbsp;&nbsp; &nbsp;&lt;th&gt;Wiraswasta&lt;/th&gt;<br />\r\n&nbsp;&nbsp; &nbsp;&nbsp;&nbsp; &nbsp;&nbsp;&nbsp; &nbsp;&nbsp;&nbsp; &nbsp;&nbsp;&nbsp; &nbsp;&lt;th&gt;Profesional&lt;/th&gt;<br />\r\n&nbsp;&nbsp; &nbsp;&nbsp;&nbsp; &nbsp;&nbsp;&nbsp; &nbsp;&nbsp;&nbsp; &nbsp;&lt;/tr&gt;<br />\r\n&nbsp;&nbsp; &nbsp;&nbsp;&nbsp; &nbsp;&nbsp;&nbsp; &nbsp;&lt;/thead&gt;<br />\r\n&nbsp;&nbsp; &nbsp;&nbsp;&nbsp; &nbsp;&nbsp;&nbsp; &nbsp;&lt;tbody&gt;<br />\r\n&nbsp;&nbsp; &nbsp;&nbsp;&nbsp; &nbsp;&nbsp;&nbsp; &nbsp;&nbsp;&nbsp; &nbsp;&lt;tr&gt;<br />\r\n&nbsp;&nbsp; &nbsp;&nbsp;&nbsp; &nbsp;&nbsp;&nbsp; &nbsp;&nbsp;&nbsp; &nbsp;&nbsp;&nbsp; &nbsp;&lt;td data-title=&quot;Persyaratan Umum&quot;&gt;Fotocopy KTP Pemohon&lt;/td&gt;<br />\r\n&nbsp;&nbsp; &nbsp;&nbsp;&nbsp; &nbsp;&nbsp;&nbsp; &nbsp;&nbsp;&nbsp; &nbsp;&nbsp;&nbsp; &nbsp;&lt;td data-title=&quot;Karyawan&quot; class=&quot;a-center&quot;&gt;&lt;i class=&quot;icwp ic_checked&quot;&gt;&lt;/i&gt;&lt;/td&gt;<br />\r\n&nbsp;&nbsp; &nbsp;&nbsp;&nbsp; &nbsp;&nbsp;&nbsp; &nbsp;&nbsp;&nbsp; &nbsp;&nbsp;&nbsp; &nbsp;&lt;td data-title=&quot;Wiraswasta&quot; class=&quot;a-center&quot;&gt;&lt;i class=&quot;icwp ic_checked&quot;&gt;&lt;/i&gt;&lt;/td&gt;<br />\r\n&nbsp;&nbsp; &nbsp;&nbsp;&nbsp; &nbsp;&nbsp;&nbsp; &nbsp;&nbsp;&nbsp; &nbsp;&nbsp;&nbsp; &nbsp;&lt;td data-title=&quot;Profesional&quot; class=&quot;a-center&quot;&gt;&lt;i class=&quot;icwp ic_checked&quot;&gt;&lt;/i&gt;&lt;/td&gt;<br />\r\n&nbsp;&nbsp; &nbsp;&nbsp;&nbsp; &nbsp;&nbsp;&nbsp; &nbsp;&nbsp;&nbsp; &nbsp;&lt;/tr&gt;<br />\r\n&nbsp;&nbsp; &nbsp;&nbsp;&nbsp; &nbsp;&nbsp;&nbsp; &nbsp;&nbsp;&nbsp; &nbsp;&lt;tr&gt;<br />\r\n&nbsp;&nbsp; &nbsp;&nbsp;&nbsp; &nbsp;&nbsp;&nbsp; &nbsp;&nbsp;&nbsp; &nbsp;&nbsp;&nbsp; &nbsp;&lt;td data-title=&quot;Persyaratan Umum&quot;&gt;Fotocopy Surat Ijin Usaha Perdagangan (SIUP)&lt;/td&gt;<br />\r\n&nbsp;&nbsp; &nbsp;&nbsp;&nbsp; &nbsp;&nbsp;&nbsp; &nbsp;&nbsp;&nbsp; &nbsp;&nbsp;&nbsp; &nbsp;&lt;td data-title=&quot;Karyawan&quot; class=&quot;a-center&quot;&gt;&amp;nbsp;&lt;/td&gt;<br />\r\n&nbsp;&nbsp; &nbsp;&nbsp;&nbsp; &nbsp;&nbsp;&nbsp; &nbsp;&nbsp;&nbsp; &nbsp;&nbsp;&nbsp; &nbsp;&lt;td data-title=&quot;Wiraswasta&quot; class=&quot;a-center&quot;&gt;&lt;i class=&quot;icwp ic_checked&quot;&gt;&lt;/i&gt;&lt;/td&gt;<br />\r\n&nbsp;&nbsp; &nbsp;&nbsp;&nbsp; &nbsp;&nbsp;&nbsp; &nbsp;&nbsp;&nbsp; &nbsp;&nbsp;&nbsp; &nbsp;&lt;td data-title=&quot;Profesional&quot; class=&quot;a-center&quot;&gt;&lt;i class=&quot;icwp ic_checked&quot;&gt;&lt;/i&gt;&lt;/td&gt;<br />\r\n&nbsp;&nbsp; &nbsp;&nbsp;&nbsp; &nbsp;&nbsp;&nbsp; &nbsp;&nbsp;&nbsp; &nbsp;&lt;/tr&gt;<br />\r\n&nbsp;&nbsp; &nbsp;&nbsp;&nbsp; &nbsp;&nbsp;&nbsp; &nbsp;&nbsp;&nbsp; &nbsp;&lt;tr&gt;<br />\r\n&nbsp;&nbsp; &nbsp;&nbsp;&nbsp; &nbsp;&nbsp;&nbsp; &nbsp;&nbsp;&nbsp; &nbsp;&nbsp;&nbsp; &nbsp;&lt;td data-title=&quot;Persyaratan Umum&quot;&gt;Fotocopy Nomor Pokok Wajib Pajak (NPWP)&lt;/td&gt;<br />\r\n&nbsp;&nbsp; &nbsp;&nbsp;&nbsp; &nbsp;&nbsp;&nbsp; &nbsp;&nbsp;&nbsp; &nbsp;&nbsp;&nbsp; &nbsp;&lt;td data-title=&quot;Karyawan&quot; class=&quot;a-center&quot;&gt;&amp;nbsp;&lt;/td&gt;<br />\r\n&nbsp;&nbsp; &nbsp;&nbsp;&nbsp; &nbsp;&nbsp;&nbsp; &nbsp;&nbsp;&nbsp; &nbsp;&nbsp;&nbsp; &nbsp;&lt;td data-title=&quot;Wiraswasta&quot; class=&quot;a-center&quot;&gt;&lt;i class=&quot;icwp ic_checked&quot;&gt;&lt;/i&gt;&lt;/td&gt;<br />\r\n&nbsp;&nbsp; &nbsp;&nbsp;&nbsp; &nbsp;&nbsp;&nbsp; &nbsp;&nbsp;&nbsp; &nbsp;&nbsp;&nbsp; &nbsp;&lt;td data-title=&quot;Profesional&quot; class=&quot;a-center&quot;&gt;&lt;i class=&quot;icwp ic_checked&quot;&gt;&lt;/i&gt;&lt;/td&gt;<br />\r\n&nbsp;&nbsp; &nbsp;&nbsp;&nbsp; &nbsp;&nbsp;&nbsp; &nbsp;&nbsp;&nbsp; &nbsp;&lt;/tr&gt;<br />\r\n&nbsp;&nbsp; &nbsp;&nbsp;&nbsp; &nbsp;&nbsp;&nbsp; &nbsp;&nbsp;&nbsp; &nbsp;&lt;tr&gt;<br />\r\n&nbsp;&nbsp; &nbsp;&nbsp;&nbsp; &nbsp;&nbsp;&nbsp; &nbsp;&nbsp;&nbsp; &nbsp;&nbsp;&nbsp; &nbsp;&lt;td data-title=&quot;Persyaratan Umum&quot;&gt;Fotocopy Rekening Koran/Rekening Tabungan 3 Bulan Terakhir&lt;/td&gt;<br />\r\n&nbsp;&nbsp; &nbsp;&nbsp;&nbsp; &nbsp;&nbsp;&nbsp; &nbsp;&nbsp;&nbsp; &nbsp;&nbsp;&nbsp; &nbsp;&lt;td data-title=&quot;Karyawan&quot; class=&quot;a-center&quot;&gt;&amp;nbsp;&lt;/td&gt;<br />\r\n&nbsp;&nbsp; &nbsp;&nbsp;&nbsp; &nbsp;&nbsp;&nbsp; &nbsp;&nbsp;&nbsp; &nbsp;&nbsp;&nbsp; &nbsp;&lt;td data-title=&quot;Wiraswasta&quot; class=&quot;a-center&quot;&gt;&lt;i class=&quot;icwp ic_checked&quot;&gt;&lt;/i&gt;&lt;/td&gt;<br />\r\n&nbsp;&nbsp; &nbsp;&nbsp;&nbsp; &nbsp;&nbsp;&nbsp; &nbsp;&nbsp;&nbsp; &nbsp;&nbsp;&nbsp; &nbsp;&lt;td data-title=&quot;Profesional&quot; class=&quot;a-center&quot;&gt;&lt;i class=&quot;icwp ic_checked&quot;&gt;&lt;/i&gt;&lt;/td&gt;<br />\r\n&nbsp;&nbsp; &nbsp;&nbsp;&nbsp; &nbsp;&nbsp;&nbsp; &nbsp;&nbsp;&nbsp; &nbsp;&lt;/tr&gt;<br />\r\n&nbsp;&nbsp; &nbsp;&nbsp;&nbsp; &nbsp;&nbsp;&nbsp; &nbsp;&nbsp;&nbsp; &nbsp;&lt;tr&gt;<br />\r\n&nbsp;&nbsp; &nbsp;&nbsp;&nbsp; &nbsp;&nbsp;&nbsp; &nbsp;&nbsp;&nbsp; &nbsp;&nbsp;&nbsp; &nbsp;&lt;td data-title=&quot;Persyaratan Umum&quot;&gt;Fotocopy Slip Gaji atau surat Keterangan Penghasilan Resmi dan Sah ( Bulan Terakhir )&lt;/td&gt;<br />\r\n&nbsp;&nbsp; &nbsp;&nbsp;&nbsp; &nbsp;&nbsp;&nbsp; &nbsp;&nbsp;&nbsp; &nbsp;&nbsp;&nbsp; &nbsp;&lt;td data-title=&quot;Karyawan&quot; class=&quot;a-center&quot;&gt;&lt;i class=&quot;icwp ic_checked&quot;&gt;&lt;/i&gt;&lt;/td&gt;<br />\r\n&nbsp;&nbsp; &nbsp;&nbsp;&nbsp; &nbsp;&nbsp;&nbsp; &nbsp;&nbsp;&nbsp; &nbsp;&nbsp;&nbsp; &nbsp;&lt;td data-title=&quot;Wiraswasta&quot; class=&quot;a-center&quot;&gt;&amp;nbsp;&lt;/td&gt;<br />\r\n&nbsp;&nbsp; &nbsp;&nbsp;&nbsp; &nbsp;&nbsp;&nbsp; &nbsp;&nbsp;&nbsp; &nbsp;&nbsp;&nbsp; &nbsp;&lt;td data-title=&quot;Profesional&quot; class=&quot;a-center&quot;&gt;&amp;nbsp;&lt;/td&gt;<br />\r\n&nbsp;&nbsp; &nbsp;&nbsp;&nbsp; &nbsp;&nbsp;&nbsp; &nbsp;&nbsp;&nbsp; &nbsp;&lt;/tr&gt;<br />\r\n&nbsp;&nbsp; &nbsp;&nbsp;&nbsp; &nbsp;&nbsp;&nbsp; &nbsp;&lt;/tbody&gt;<br />\r\n&nbsp;&nbsp; &nbsp;&nbsp;&nbsp; &nbsp;&lt;/table&gt;</p>\r\n');

/*Table structure for table `content_produk_i18n` */

DROP TABLE IF EXISTS `content_produk_i18n`;

CREATE TABLE `content_produk_i18n` (
  `id` bigint(20) unsigned NOT NULL AUTO_INCREMENT,
  `lang_code` char(2) COLLATE utf8_unicode_ci NOT NULL,
  `content_produk_id` int(10) unsigned NOT NULL,
  `title` varchar(100) COLLATE utf8_unicode_ci DEFAULT NULL,
  `intro` varchar(2000) COLLATE utf8_unicode_ci DEFAULT NULL,
  `description` text COLLATE utf8_unicode_ci,
  `create_on` datetime NOT NULL,
  PRIMARY KEY (`id`)
) ENGINE=InnoDB AUTO_INCREMENT=9 DEFAULT CHARSET=utf8 COLLATE=utf8_unicode_ci;

/*Data for the table `content_produk_i18n` */

insert  into `content_produk_i18n`(`id`,`lang_code`,`content_produk_id`,`title`,`intro`,`description`,`create_on`) values (2,'id',2,'Multi Guna Elektronik','Didukung oleh lebih dari 5.000 dealer yang tersebar di seluruh Indonesia. ','<p>Kredit Plus terus mengembangkan pembiayaan di bidang Elektronik, Furniture, Gadget, Computer, Alat Musik, Alat Olah raga dll. Kreditplus juga menjalin kerjasama yang baik dengan berbagai Prinsipal besar seperti Samsung, Sharp, Elektrolux, LG, Panasonic, dll</p>\r\n','2017-11-01 08:00:56'),(3,'id',3,'PEMBELIAN MOTOR','Kredit Plus memberikan solusi pembiayaan motor anda dengan proses yang mudah, cepat dan aman.','<p>Solusi pembiayaan kendaraan mobil &amp; motor anda dengan proses yang mudah, cepat dan aman. Berbagai kemudahan yang ditawarkan Kreditplus yaitu :</p>\r\n\r\n<ol>\r\n	<li>3 jam sudah bisa transaksi</li>\r\n	<li>Membiayai kendaraan Jepang ataupun non jepang</li>\r\n	<li>Asuransi atas mobil &amp; motor yang dibiayai sepanjang masa pembiayaan</li>\r\n	<li>Asuransi jiwa atas konsumen yang mengajukan pembiayaan</li>\r\n	<li>Dapat membiayai kendaraan hingga 10 tahun termasuk tenor</li>\r\n	<li>Jangka waktu pembiayaan mulai dari 9 hingga 47 bulan</li>\r\n	<li>Pembayaran angsuran yang mudah melalui berbagai payment point</li>\r\n</ol>\r\n\r\n<p><br />\r\nBerikut adalah persyaratan aplikasi pengajuan kredit mobil:&nbsp;</p>\r\n\r\n<table>\r\n	<thead>\r\n		<tr>\r\n			<th>Persyaratan Umum</th>\r\n			<th>Karyawan</th>\r\n			<th>Wiraswasta</th>\r\n			<th>Profesional</th>\r\n		</tr>\r\n	</thead>\r\n	<tbody>\r\n		<tr>\r\n			<td>Fotocopy KTP Pemohon</td>\r\n			<td style=\"text-align:center\"><img alt=\"\" src=\"http://dev.webarq.info:8081/kreditplus-be/ck/bf337d1682914a8a6895f4764010e94d_ic_checked.png\" /></td>\r\n			<td style=\"text-align:center\"><img alt=\"\" src=\"http://dev.webarq.info:8081/kreditplus-be/ck/bf337d1682914a8a6895f4764010e94d_ic_checked.png\" /></td>\r\n			<td style=\"text-align:center\"><img alt=\"\" src=\"http://dev.webarq.info:8081/kreditplus-be/ck/bf337d1682914a8a6895f4764010e94d_ic_checked.png\" /></td>\r\n		</tr>\r\n		<tr>\r\n			<td>Fotocopy Surat Ijin Usaha Perdagangan (SIUP)</td>\r\n			<td>&nbsp;</td>\r\n			<td style=\"text-align:center\"><img alt=\"\" src=\"http://dev.webarq.info:8081/kreditplus-be/ck/bf337d1682914a8a6895f4764010e94d_ic_checked.png\" /></td>\r\n			<td style=\"text-align:center\"><img alt=\"\" src=\"http://dev.webarq.info:8081/kreditplus-be/ck/bf337d1682914a8a6895f4764010e94d_ic_checked.png\" /></td>\r\n		</tr>\r\n		<tr>\r\n			<td>Fotocopy Nomor Pokok Wajib Pajak (NPWP)</td>\r\n			<td>&nbsp;</td>\r\n			<td style=\"text-align:center\"><img alt=\"\" src=\"http://dev.webarq.info:8081/kreditplus-be/ck/bf337d1682914a8a6895f4764010e94d_ic_checked.png\" /></td>\r\n			<td style=\"text-align:center\"><img alt=\"\" src=\"http://dev.webarq.info:8081/kreditplus-be/ck/bf337d1682914a8a6895f4764010e94d_ic_checked.png\" /></td>\r\n		</tr>\r\n		<tr>\r\n			<td>Fotocopy Rekening Koran/Rekening Tabungan 3 Bulan Terakhir</td>\r\n			<td>&nbsp;</td>\r\n			<td style=\"text-align:center\"><img alt=\"\" src=\"http://dev.webarq.info:8081/kreditplus-be/ck/bf337d1682914a8a6895f4764010e94d_ic_checked.png\" /></td>\r\n			<td style=\"text-align:center\"><img alt=\"\" src=\"http://dev.webarq.info:8081/kreditplus-be/ck/bf337d1682914a8a6895f4764010e94d_ic_checked.png\" /></td>\r\n		</tr>\r\n		<tr>\r\n			<td>Fotocopy Slip Gaji atau surat Keterangan Penghasilan Resmi dan Sah ( Bulan Terakhir )</td>\r\n			<td><img alt=\"\" src=\"http://dev.webarq.info:8081/kreditplus-be/ck/bf337d1682914a8a6895f4764010e94d_ic_checked.png\" /></td>\r\n			<td>&nbsp;</td>\r\n			<td>&nbsp;</td>\r\n		</tr>\r\n	</tbody>\r\n</table>\r\n\r\n<p>Informasi lebih lanjut mengenai pembiayaan Kreditplus dapat diperoleh melalui petugas kami di toko/dealer rekanan kami atau langsung menghubungi kantor cabang krediplus terdekat.</p>\r\n','2017-11-01 08:01:29'),(4,'id',4,'Multi Guna Mobil','Adalah solusi pembiayaan mobil anda dengan proses yang mudah, cepat dan aman, dengan jaminan BPKB kendaraan dari Debitur dan tenor diperjanjikan.','<p>Berbagai kemudahan yang ditawarkan kreditplus yaitu :</p>\r\n\r\n<ul>\r\n	<li>3 jam sudah bisa transaksi</li>\r\n	<li>Membiayai kendaraan Jepang ataupun non jepang</li>\r\n	<li>Asuransi atas mobil yang dibiayai sepanjang masa pembiayaan</li>\r\n	<li>Asuransi jiwa atas konsumen yang mengajukan pembiayaan</li>\r\n	<li>Dapat membiayai kendaraan dengan umur kendaraan hingga 15 (lima belas) tahun termasuk tenor</li>\r\n	<li>Jangka waktu pembiayaan mulai dari 12 hingga 36 bulan</li>\r\n	<li>Pembayaran angsuran yang mudah melalui berbagai payment gateway</li>\r\n</ul>\r\n','2017-11-01 08:02:01'),(5,'id',5,'Title (ID)','Intro (ID)','<p>Description (ID)</p>\r\n\r\n<table>\r\n	<thead>\r\n		<tr>\r\n			<th>Persyaratan Umum</th>\r\n			<th>Karyawan</th>\r\n			<th>Wiraswasta</th>\r\n			<th>Profesional</th>\r\n		</tr>\r\n	</thead>\r\n	<tbody>\r\n		<tr>\r\n			<td>Copy of Applicant&#39;s ID</td>\r\n			<td>v</td>\r\n			<td>v</td>\r\n			<td>v</td>\r\n		</tr>\r\n		<tr>\r\n			<td>Copy of Trading Business License (SIUP)</td>\r\n			<td>&nbsp;</td>\r\n			<td>v</td>\r\n			<td>&nbsp;</td>\r\n		</tr>\r\n		<tr>\r\n			<td>Copy of Taxpayer Identification Number (NPWP)</td>\r\n			<td>v</td>\r\n			<td>v</td>\r\n			<td>&nbsp;</td>\r\n		</tr>\r\n		<tr>\r\n			<td>Copy of Newspaper Account / Last 3 Month Savings Account</td>\r\n			<td>&nbsp;</td>\r\n			<td>v</td>\r\n			<td>v</td>\r\n		</tr>\r\n		<tr>\r\n			<td>Copy of Salary Slip or Certificate of Official and Legal Income (Last Month)</td>\r\n			<td>&nbsp;</td>\r\n			<td>v</td>\r\n			<td>&nbsp;</td>\r\n		</tr>\r\n	</tbody>\r\n</table>\r\n\r\n<p>&nbsp;</p>\r\n','2017-11-06 04:00:19'),(6,'id',6,'Kreditmu','Apa itu kreditmu? Bisa apa saja?','<p>Kreditmu adalah metode pembayaran &quot;<strong>CICILAN TANPA KARTU KREDIT</strong>&quot; dari Kreditplus (PT. Finansia Multifinance). Dengan kreditmu, Anda bisa membeli barang dengan cara dicicil dengan periode dari 3, 6 sampai 12 bulan.&nbsp;</p>\r\n\r\n<p>Dengan mendaftar di Kreditmu, Anda akan diberikan fasilitas limit cicilan dengan cepat yang bisa digunakan untuk berbelanja secara online (elevania, jd.id, pasarwarga dan livaza) &quot;<strong>TANPA KARTU KREDIT TANPA RIBET</strong>&quot;.&nbsp;</p>\r\n\r\n<p>Bertransaksi menggunakan Kreditmu &quot;<strong>TANPA BIAYA ADMIN, TANPA DP, PEMBAYARAN PERTAMA DI BULAN DEPAN</strong>&quot;.</p>\r\n','2017-11-15 12:28:37'),(7,'id',7,'Multi Guna Motor','“Transaksi Pembiayaan untuk pengadaan barang Motor Bekas  dengan jaminan BPKB kendaraan dari Debitur dan tenor diperjanjikan“','<p>Kendaraan yang dibiayai ATPM, yaitu :</p>\r\n\r\n<ol>\r\n	<li>Honda</li>\r\n	<li>Suzuki</li>\r\n	<li>Yamaha</li>\r\n	<li>Kawasaki</li>\r\n</ol>\r\n\r\n<p>&nbsp;</p>\r\n\r\n<p>Jenis Kendaraan , yaitu :</p>\r\n\r\n<ul>\r\n	<li>Matic</li>\r\n	<li>Bebek</li>\r\n	<li>Sport</li>\r\n</ul>\r\n\r\n<p>&nbsp;</p>\r\n\r\n<p>Note :<br />\r\nUmur kendaraan&nbsp; max. 10 tahun termasuk tenor</p>\r\n','2017-12-11 09:31:12'),(8,'id',8,'Modal Usaha','Adalah solusi kebutuhan pengadaan barang modal dan bahan baku dengan proses yang mudah, cepat dan aman.','<p>Berbagai kemudahan yang ditawarkan Kreditplus yaitu :</p>\r\n\r\n<ul>\r\n	<li>3 jam sudah bisa transaksi</li>\r\n	<li>Cukup dengan melampirkan invoice/bon/kwitansi dari penyedia barang modal dan atau bahan baku</li>\r\n	<li>Jangka waktu pembiayaan mulai dari 9 hingga 47 bulan</li>\r\n	<li>Jaminan BPKB &ldquo;Mobil &amp; Motor&rdquo;</li>\r\n	<li>Pembayaran angsuran yang mudah melalui berbagai payment point</li>\r\n</ul>\r\n\r\n<p>Dokumen persyaratan :</p>\r\n\r\n<table>\r\n	<thead>\r\n		<tr>\r\n			<th class=\"a-left\">Persyaratan Umum</th>\r\n			<th>Karyawan</th>\r\n			<th>Wiraswasta</th>\r\n			<th>Profesional</th>\r\n		</tr>\r\n	</thead>\r\n	<tbody>\r\n		<tr>\r\n			<td data-title=\"Persyaratan Umum\">Fotocopy KTP Pemohon</td>\r\n			<td class=\"a-center\" data-title=\"Karyawan\"><img alt=\"\" src=\"http://dev.webarq.info:8081/kreditplus-be/ck/files/ic_checked.png\" /></td>\r\n			<td class=\"a-center\" data-title=\"Wiraswasta\"><img alt=\"\" src=\"http://dev.webarq.info:8081/kreditplus-be/ck/files/ic_checked.png\" /></td>\r\n			<td class=\"a-center\" data-title=\"Profesional\"><img alt=\"\" src=\"http://dev.webarq.info:8081/kreditplus-be/ck/files/ic_checked.png\" /></td>\r\n		</tr>\r\n		<tr>\r\n			<td data-title=\"Persyaratan Umum\">Fotocopy Surat Ijin Usaha Perdagangan (SIUP)</td>\r\n			<td class=\"a-center\" data-title=\"Karyawan\">&nbsp;</td>\r\n			<td class=\"a-center\" data-title=\"Wiraswasta\"><img alt=\"\" src=\"http://dev.webarq.info:8081/kreditplus-be/ck/files/ic_checked.png\" /></td>\r\n			<td class=\"a-center\" data-title=\"Profesional\"><img alt=\"\" src=\"http://dev.webarq.info:8081/kreditplus-be/ck/files/ic_checked.png\" /></td>\r\n		</tr>\r\n		<tr>\r\n			<td data-title=\"Persyaratan Umum\">Fotocopy Nomor Pokok Wajib Pajak (NPWP)</td>\r\n			<td class=\"a-center\" data-title=\"Karyawan\">&nbsp;</td>\r\n			<td class=\"a-center\" data-title=\"Wiraswasta\"><img alt=\"\" src=\"http://dev.webarq.info:8081/kreditplus-be/ck/files/ic_checked.png\" /></td>\r\n			<td class=\"a-center\" data-title=\"Profesional\"><img alt=\"\" src=\"http://dev.webarq.info:8081/kreditplus-be/ck/files/ic_checked.png\" /></td>\r\n		</tr>\r\n		<tr>\r\n			<td data-title=\"Persyaratan Umum\">Fotocopy Rekening Koran/Rekening Tabungan 3 Bulan Terakhir</td>\r\n			<td class=\"a-center\" data-title=\"Karyawan\">&nbsp;</td>\r\n			<td class=\"a-center\" data-title=\"Wiraswasta\"><img alt=\"\" src=\"http://dev.webarq.info:8081/kreditplus-be/ck/files/ic_checked.png\" /></td>\r\n			<td class=\"a-center\" data-title=\"Profesional\"><img alt=\"\" src=\"http://dev.webarq.info:8081/kreditplus-be/ck/files/ic_checked.png\" /></td>\r\n		</tr>\r\n		<tr>\r\n			<td data-title=\"Persyaratan Umum\">Fotocopy Slip Gaji atau surat Keterangan Penghasilan Resmi dan Sah ( Bulan Terakhir )</td>\r\n			<td class=\"a-center\" data-title=\"Karyawan\"><img alt=\"\" src=\"http://dev.webarq.info:8081/kreditplus-be/ck/files/ic_checked.png\" /></td>\r\n			<td class=\"a-center\" data-title=\"Wiraswasta\">&nbsp;</td>\r\n			<td class=\"a-center\" data-title=\"Profesional\">&nbsp;</td>\r\n		</tr>\r\n	</tbody>\r\n</table>\r\n\r\n<p>Informasi lebih lanjut mengenai pembiayaan Kreditplus dapat diperoleh melalui petugas kami di toko/dealer rekanan kami atau langsung menghubungi kantor cabang krediplus terdekat.</p>\r\n','2017-12-22 08:49:23');

/*Table structure for table `desc_prestasi` */

DROP TABLE IF EXISTS `desc_prestasi`;

CREATE TABLE `desc_prestasi` (
  `id` int(10) unsigned NOT NULL AUTO_INCREMENT,
  `section_id` varchar(100) COLLATE utf8_unicode_ci NOT NULL,
  `title` varchar(100) COLLATE utf8_unicode_ci NOT NULL,
  `intro` varchar(2000) COLLATE utf8_unicode_ci NOT NULL,
  `description` text COLLATE utf8_unicode_ci NOT NULL,
  PRIMARY KEY (`id`)
) ENGINE=InnoDB AUTO_INCREMENT=2 DEFAULT CHARSET=utf8 COLLATE=utf8_unicode_ci;

/*Data for the table `desc_prestasi` */

insert  into `desc_prestasi`(`id`,`section_id`,`title`,`intro`,`description`) values (1,'5.85','Achievement','This is Photoshop\'s version of Lorem Ipsum.','<p>This is Photoshop&#39;s version of Lorem Ipsum. Proin gravida nibh vel velit auctor aliquet.</p>\r\n');

/*Table structure for table `desc_prestasi_i18n` */

DROP TABLE IF EXISTS `desc_prestasi_i18n`;

CREATE TABLE `desc_prestasi_i18n` (
  `id` bigint(20) unsigned NOT NULL AUTO_INCREMENT,
  `lang_code` char(2) COLLATE utf8_unicode_ci NOT NULL,
  `desc_prestasi_id` int(10) unsigned NOT NULL,
  `title` varchar(100) COLLATE utf8_unicode_ci DEFAULT NULL,
  `intro` varchar(2000) COLLATE utf8_unicode_ci DEFAULT NULL,
  `description` text COLLATE utf8_unicode_ci,
  `create_on` datetime NOT NULL,
  PRIMARY KEY (`id`)
) ENGINE=InnoDB AUTO_INCREMENT=2 DEFAULT CHARSET=utf8 COLLATE=utf8_unicode_ci;

/*Data for the table `desc_prestasi_i18n` */

insert  into `desc_prestasi_i18n`(`id`,`lang_code`,`desc_prestasi_id`,`title`,`intro`,`description`,`create_on`) values (1,'id',1,'Prestasi','Ini adalah versi Photoshop dari Lorem Ipsum.','<p>Ini adalah versi Photoshop dari Lorem Ipsum. Tempurung matium nias velvet nilam.</p>\r\n','2017-11-06 05:11:29');

/*Table structure for table `footer` */

DROP TABLE IF EXISTS `footer`;

CREATE TABLE `footer` (
  `id` int(10) unsigned NOT NULL AUTO_INCREMENT,
  `image` varchar(100) COLLATE utf8_unicode_ci NOT NULL,
  `txt1` varchar(100) COLLATE utf8_unicode_ci NOT NULL,
  `txt2` varchar(100) COLLATE utf8_unicode_ci NOT NULL,
  `link` varchar(100) COLLATE utf8_unicode_ci DEFAULT NULL,
  PRIMARY KEY (`id`)
) ENGINE=InnoDB AUTO_INCREMENT=2 DEFAULT CHARSET=utf8 COLLATE=utf8_unicode_ci;

/*Data for the table `footer` */

insert  into `footer`(`id`,`image`,`txt1`,`txt2`,`link`) values (1,'site/uploads/banners/5a03e635e9ea1-logo-ojk.png','Sign Up and Get Financial Tips','Listed and Supervised','http://www.ojk.go.id/id/Default.aspx');

/*Table structure for table `footer_i18n` */

DROP TABLE IF EXISTS `footer_i18n`;

CREATE TABLE `footer_i18n` (
  `id` bigint(20) unsigned NOT NULL AUTO_INCREMENT,
  `lang_code` char(2) COLLATE utf8_unicode_ci NOT NULL,
  `footer_id` int(10) unsigned NOT NULL,
  `txt1` varchar(100) COLLATE utf8_unicode_ci DEFAULT NULL,
  `txt2` varchar(100) COLLATE utf8_unicode_ci DEFAULT NULL,
  `create_on` datetime NOT NULL,
  PRIMARY KEY (`id`)
) ENGINE=InnoDB AUTO_INCREMENT=2 DEFAULT CHARSET=utf8 COLLATE=utf8_unicode_ci;

/*Data for the table `footer_i18n` */

insert  into `footer_i18n`(`id`,`lang_code`,`footer_id`,`txt1`,`txt2`,`create_on`) values (1,'id',1,'Daftar dan Dapatkan Tips Keuangan','Terdaftar dan Diawasi oleh','2017-11-06 04:53:35');

/*Table structure for table `form_pengajuan` */

DROP TABLE IF EXISTS `form_pengajuan`;

CREATE TABLE `form_pengajuan` (
  `id` int(10) unsigned NOT NULL AUTO_INCREMENT,
  `section_id` varchar(100) COLLATE utf8_unicode_ci NOT NULL,
  `field1` varchar(100) COLLATE utf8_unicode_ci NOT NULL,
  `field2` varchar(100) COLLATE utf8_unicode_ci NOT NULL,
  `field3` varchar(100) COLLATE utf8_unicode_ci NOT NULL,
  `field4` varchar(100) COLLATE utf8_unicode_ci NOT NULL,
  `field5` varchar(100) COLLATE utf8_unicode_ci NOT NULL,
  `field6` varchar(100) COLLATE utf8_unicode_ci NOT NULL,
  `field7` varchar(100) COLLATE utf8_unicode_ci NOT NULL,
  `field8` varchar(100) COLLATE utf8_unicode_ci NOT NULL,
  `field9` varchar(100) COLLATE utf8_unicode_ci NOT NULL,
  `field10` varchar(100) COLLATE utf8_unicode_ci NOT NULL,
  `field11` varchar(100) COLLATE utf8_unicode_ci NOT NULL,
  `field12` varchar(100) COLLATE utf8_unicode_ci NOT NULL,
  `field13` varchar(100) COLLATE utf8_unicode_ci NOT NULL,
  `captcha` varchar(100) COLLATE utf8_unicode_ci NOT NULL,
  PRIMARY KEY (`id`)
) ENGINE=InnoDB AUTO_INCREMENT=2 DEFAULT CHARSET=utf8 COLLATE=utf8_unicode_ci;

/*Data for the table `form_pengajuan` */

insert  into `form_pengajuan`(`id`,`section_id`,`field1`,`field2`,`field3`,`field4`,`field5`,`field6`,`field7`,`field8`,`field9`,`field10`,`field11`,`field12`,`field13`,`captcha`) values (1,'16.86','Brand','Area','Profile','Full Name','Address','ID Card','Telephone','Email','Apakah anda pernah menggunakan produk Adira Finance','Yes','No','Message','Submit','6LeD3DYUAAAAAOVtE1h3tRe4S9kBOvZ9q8fRwSwG');

/*Table structure for table `form_pengajuan_i18n` */

DROP TABLE IF EXISTS `form_pengajuan_i18n`;

CREATE TABLE `form_pengajuan_i18n` (
  `id` bigint(20) unsigned NOT NULL AUTO_INCREMENT,
  `lang_code` char(2) COLLATE utf8_unicode_ci NOT NULL,
  `form_pengajuan_id` int(10) unsigned NOT NULL,
  `field1` varchar(100) COLLATE utf8_unicode_ci DEFAULT NULL,
  `field2` varchar(100) COLLATE utf8_unicode_ci DEFAULT NULL,
  `field3` varchar(100) COLLATE utf8_unicode_ci DEFAULT NULL,
  `field4` varchar(100) COLLATE utf8_unicode_ci DEFAULT NULL,
  `field5` varchar(100) COLLATE utf8_unicode_ci DEFAULT NULL,
  `field6` varchar(100) COLLATE utf8_unicode_ci DEFAULT NULL,
  `field7` varchar(100) COLLATE utf8_unicode_ci DEFAULT NULL,
  `field8` varchar(100) COLLATE utf8_unicode_ci DEFAULT NULL,
  `field9` varchar(100) COLLATE utf8_unicode_ci DEFAULT NULL,
  `field10` varchar(100) COLLATE utf8_unicode_ci DEFAULT NULL,
  `field11` varchar(100) COLLATE utf8_unicode_ci DEFAULT NULL,
  `field12` varchar(100) COLLATE utf8_unicode_ci DEFAULT NULL,
  `field13` varchar(100) COLLATE utf8_unicode_ci DEFAULT NULL,
  `create_on` datetime NOT NULL,
  PRIMARY KEY (`id`)
) ENGINE=InnoDB AUTO_INCREMENT=2 DEFAULT CHARSET=utf8 COLLATE=utf8_unicode_ci;

/*Data for the table `form_pengajuan_i18n` */

insert  into `form_pengajuan_i18n`(`id`,`lang_code`,`form_pengajuan_id`,`field1`,`field2`,`field3`,`field4`,`field5`,`field6`,`field7`,`field8`,`field9`,`field10`,`field11`,`field12`,`field13`,`create_on`) values (1,'id',1,'Merek','Area','Profil','Nama Lengkap','Alamat','No KTP','Telpon','Email','Apakah anda pernah menggunakan produk Adira Finance','Ya','Tidak','Pesan','Kirim','2017-11-02 03:50:47');

/*Table structure for table `goodcorporategov` */

DROP TABLE IF EXISTS `goodcorporategov`;

CREATE TABLE `goodcorporategov` (
  `id` int(10) unsigned NOT NULL AUTO_INCREMENT,
  `section_id` varchar(100) COLLATE utf8_unicode_ci NOT NULL,
  `image` varchar(100) COLLATE utf8_unicode_ci NOT NULL,
  `title` varchar(100) COLLATE utf8_unicode_ci NOT NULL,
  `intro` text COLLATE utf8_unicode_ci NOT NULL,
  `description` text COLLATE utf8_unicode_ci NOT NULL,
  PRIMARY KEY (`id`)
) ENGINE=InnoDB AUTO_INCREMENT=2 DEFAULT CHARSET=utf8 COLLATE=utf8_unicode_ci;

/*Data for the table `goodcorporategov` */

insert  into `goodcorporategov`(`id`,`section_id`,`image`,`title`,`intro`,`description`) values (1,'6.34','site/uploads/banners/59f9ac12bab95-gcg-img.jpg','APPLICATION OF GOOD CORPORATE GOVERNANCE','<h3>The practice of Good Corporate Governance (GCG) becomes essential in the management of the Company</h3>\r\n\r\n<p>This is Photoshop&#39;s version of Lorem Ipsum. Proin gravida nibh vel velit auctor aliquet. Aenean sollicitudin, lorem quis bibendum auctor, nisi elit consequat ipsum, nec sagittis sem nibh id elit. Duis sed odio sit amet nibh vulputate cursus a sit amet mauris. Morbi accumsan ipsum velit. Nam nec tellus a odio tincidunt auctor a ornare odio. Sed non mauris vitae erat consequat auctor eu in elit. Class aptent taciti sociosqu ad litora torquent per conubia nostra, per inceptos himenaeos.</p>\r\n','<h4>This is Lorem Ipsum</h4>\r\n\r\n<p>This is Photoshop&#39;s version of Lorem Ipsum. Proin gravida nibh vel velit auctor aliquet. Aenean sollicitudin, lorem quis bibendum auctor, nisi elit consequat ipsum, nec sagittis sem nibh id elit. Duis sed odio sit amet nibh vulputate cursus a sit amet mauris. Morbi accumsan ipsum velit. Nam nec tellus a odio tincidunt auctor a ornare odio. Sed non mauris vitae erat consequat auctor eu in elit. Class aptent taciti sociosqu ad litora torquent per conubia nostra, per inceptos himenaeos. This is Photoshop&#39;s version of Lorem Ipsum. Proin gravida nibh vel velit auctor aliquet. Aenean sollicitudin, lorem quis bibendum auctor, nisi elit consequat ipsum, nec sagittis sem nibh id elit. Duis sed odio sit amet nibh vulputate cursus a sit amet mauris. Morbi accumsan ipsum velit. Nam nec tellus a odio tincidunt auctor a ornare odio. Sed non mauris vitae erat consequat auctor eu in elit. Class aptent taciti sociosqu ad litora torquent per conubia nostra, per inceptos himenaeos. Mauris in erat justo. Nullam ac urna eu felis dapibus condimentum sit amet a augue. Sed non neque elit. Sed ut imperdiet nisi. Proin condimentum fermentum nunc. Etiam pharetra, erat sed fermentum feugiat, velit mauris egestas quam, ut aliquam massa nisl quis neque. Suspendisse in orci enim.</p>\r\n\r\n<h4>This is Lorem Ipsum</h4>\r\n\r\n<p>This is Photoshop&#39;s version of Lorem Ipsum. Proin gravida nibh vel velit auctor aliquet. Aenean sollicitudin, lorem quis bibendum auctor, nisi elit consequat ipsum, nec sagittis sem nibh id elit. Duis sed odio sit amet nibh vulputate cursus a sit amet mauris. Morbi accumsan ipsum velit. Nam nec tellus a odio tincidunt auctor a ornare odio. Sed non mauris vitae erat consequat auctor eu in elit. Class aptent taciti sociosqu ad litora torquent per conubia nostra, per inceptos himenaeos. This is Photoshop&#39;s version of Lorem Ipsum. Proin gravida nibh vel velit auctor aliquet. Aenean sollicitudin, lorem quis bibendum auctor, nisi elit consequat ipsum, nec sagittis sem nibh id elit. Duis sed odio sit amet nibh vulputate cursus a sit amet mauris. Morbi accumsan ipsum velit. Nam nec tellus a odio tincidunt auctor a ornare odio. Sed non mauris vitae erat consequat auctor eu in elit. Class aptent taciti sociosqu ad litora torquent per conubia nostra, per inceptos himenaeos. Mauris in erat justo. Nullam ac urna eu felis dapibus condimentum sit amet a augue. Sed non neque elit. Sed ut imperdiet nisi. Proin condimentum fermentum nunc. Etiam pharetra, erat sed fermentum feugiat, velit mauris egestas quam, ut aliquam massa nisl quis neque. Suspendisse in orci enim.</p>\r\n');

/*Table structure for table `goodcorporategov_i18n` */

DROP TABLE IF EXISTS `goodcorporategov_i18n`;

CREATE TABLE `goodcorporategov_i18n` (
  `id` bigint(20) unsigned NOT NULL AUTO_INCREMENT,
  `lang_code` char(2) COLLATE utf8_unicode_ci NOT NULL,
  `goodcorporategov_id` int(10) unsigned NOT NULL,
  `title` varchar(100) COLLATE utf8_unicode_ci DEFAULT NULL,
  `intro` text COLLATE utf8_unicode_ci,
  `description` text COLLATE utf8_unicode_ci,
  `create_on` datetime NOT NULL,
  PRIMARY KEY (`id`)
) ENGINE=InnoDB AUTO_INCREMENT=2 DEFAULT CHARSET=utf8 COLLATE=utf8_unicode_ci;

/*Data for the table `goodcorporategov_i18n` */

insert  into `goodcorporategov_i18n`(`id`,`lang_code`,`goodcorporategov_id`,`title`,`intro`,`description`,`create_on`) values (1,'id',1,'PENERAPAN GOOD CORPORATE GOVERNANCE','<h3>Praktik Tata Kelola Perusahaan yang Baik (GCG) sangat penting dalam pengelolaan Perseroan</h3>\r\n\r\n<p>Ini adalah versi Photoshop dari Lorem Ipsum. Tempurung matium nias velvet nilam. Aenean sollicitudin, lorem quis bibendum auctor, nisi elit akibatnya ipsum, nec sagittis sem nibh id elit. Duis sed odio duduk amet nibh vulputate cursus duduk amet mauris. Morbi accumsan ipsum velit. Nam nec tellus seorang odio tincidunt auctor a ornare odio. Sed non mauris vitae erat akibat auctor eu di elit. Kelas taciti sosiosqu oc litora torquent per conubia nostra, per inceptos himenaeos.</p>\r\n','<p><strong>Ini adalah Lorem Ipsum</strong></p>\r\n\r\n<p>Ini adalah versi Photoshop dari Lorem Ipsum. Tempurung matium nias velvet nilam. Aenean sollicitudin, lorem quis bibendum auctor, nisi elit akibatnya ipsum, nec sagittis sem nibh id elit. Duis sed odio duduk amet nibh vulputate cursus duduk amet mauris. Morbi accumsan ipsum velit. Nam nec tellus seorang odio tincidunt auctor a ornare odio. Sed non mauris vitae erat akibat auctor eu di elit. Kelas taciti sosiosqu oc litora torquent per conubia nostra, per inceptos himenaeos. Ini adalah versi Photoshop dari Lorem Ipsum. Tempurung matium nias velvet nilam. Aenean sollicitudin, lorem quis bibendum auctor, nisi elit akibatnya ipsum, nec sagittis sem nibh id elit. Duis sed odio duduk amet nibh vulputate cursus duduk amet mauris. Morbi accumsan ipsum velit. Nam nec tellus seorang odio tincidunt auctor a ornare odio. Sed non mauris vitae erat akibat auctor eu di elit. Kelas taciti sosiosqu oc litora torquent per conubia nostra, per inceptos himenaeos. Mauris di erat justo. Nullam ac urna eu felis dapibus condimentum duduk amet augue. Sed non neque elit. Sed ut imperdiet nisi. Proin condimentum fermentum nunc. Etiam pharetra, erat sed fermentum feugiat, velit mauris egestas quam, ut aliquam massa nisl quis neque. Suspendisse di orci enim.</p>\r\n\r\n<p><strong>Ini adalah Lorem Ipsum</strong></p>\r\n\r\n<p>Ini adalah versi Photoshop dari Lorem Ipsum. Tempurung matium nias velvet nilam. Aenean sollicitudin, lorem quis bibendum auctor, nisi elit akibatnya ipsum, nec sagittis sem nibh id elit. Duis sed odio duduk amet nibh vulputate cursus duduk amet mauris. Morbi accumsan ipsum velit. Nam nec tellus seorang odio tincidunt auctor a ornare odio. Sed non mauris vitae erat akibat auctor eu di elit. Kelas taciti sosiosqu oc litora torquent per conubia nostra, per inceptos himenaeos. Ini adalah versi Photoshop dari Lorem Ipsum. Tempurung matium nias velvet nilam. Aenean sollicitudin, lorem quis bibendum auctor, nisi elit akibatnya ipsum, nec sagittis sem nibh id elit. Duis sed odio duduk amet nibh vulputate cursus duduk amet mauris. Morbi accumsan ipsum velit. Nam nec tellus seorang odio tincidunt auctor a ornare odio. Sed non mauris vitae erat akibat auctor eu di elit. Kelas taciti sosiosqu oc litora torquent per conubia nostra, per inceptos himenaeos. Mauris di erat justo. Nullam ac urna eu felis dapibus condimentum duduk amet augue. Sed non neque elit. Sed ut imperdiet nisi. Proin condimentum fermentum nunc. Etiam pharetra, erat sed fermentum feugiat, velit mauris egestas quam, ut aliquam massa nisl quis neque. Suspendisse di orci enim.</p>\r\n','2017-11-01 07:59:52');

/*Table structure for table `google_play` */

DROP TABLE IF EXISTS `google_play`;

CREATE TABLE `google_play` (
  `id` int(10) unsigned NOT NULL AUTO_INCREMENT,
  `section_id` varchar(100) COLLATE utf8_unicode_ci NOT NULL,
  `image` varchar(100) COLLATE utf8_unicode_ci NOT NULL,
  `txt` varchar(100) COLLATE utf8_unicode_ci NOT NULL,
  `link` varchar(100) COLLATE utf8_unicode_ci NOT NULL,
  PRIMARY KEY (`id`)
) ENGINE=InnoDB AUTO_INCREMENT=5 DEFAULT CHARSET=utf8 COLLATE=utf8_unicode_ci;

/*Data for the table `google_play` */

insert  into `google_play`(`id`,`section_id`,`image`,`txt`,`link`) values (4,'31.105','site/uploads/banners/5a4b435027dc6-google-play.png','Get on Google Play','https://play.google.com/store/apps/details?id=com.kreditplus.kpm');

/*Table structure for table `google_play_i18n` */

DROP TABLE IF EXISTS `google_play_i18n`;

CREATE TABLE `google_play_i18n` (
  `id` bigint(20) unsigned NOT NULL AUTO_INCREMENT,
  `lang_code` char(2) COLLATE utf8_unicode_ci NOT NULL,
  `google_play_id` int(10) unsigned NOT NULL,
  `txt` varchar(100) COLLATE utf8_unicode_ci DEFAULT NULL,
  `create_on` datetime NOT NULL,
  PRIMARY KEY (`id`)
) ENGINE=InnoDB AUTO_INCREMENT=5 DEFAULT CHARSET=utf8 COLLATE=utf8_unicode_ci;

/*Data for the table `google_play_i18n` */

insert  into `google_play_i18n`(`id`,`lang_code`,`google_play_id`,`txt`,`create_on`) values (4,'id',4,'Dapatkan di Google Play','2018-01-02 08:31:12');

/*Table structure for table `histories` */

DROP TABLE IF EXISTS `histories`;

CREATE TABLE `histories` (
  `id` int(10) unsigned NOT NULL AUTO_INCREMENT,
  `parent_id` int(10) unsigned NOT NULL,
  `role_level` smallint(5) unsigned NOT NULL,
  `action` varchar(25) COLLATE utf8_unicode_ci NOT NULL,
  `actor` varchar(25) COLLATE utf8_unicode_ci NOT NULL,
  `properties` text COLLATE utf8_unicode_ci NOT NULL,
  `create_on` datetime NOT NULL,
  PRIMARY KEY (`id`)
) ENGINE=InnoDB AUTO_INCREMENT=1374 DEFAULT CHARSET=utf8 COLLATE=utf8_unicode_ci;

/*Data for the table `histories` */

insert  into `histories`(`id`,`parent_id`,`role_level`,`action`,`actor`,`properties`,`create_on`) values (1,0,0,'update','redAlderGreatDane','YToyOntzOjU6Imdyb3VwIjtzOjQ6Im1lbnUiO3M6NDoiaXRlbSI7czo0OiJIb21lIjt9','2017-10-20 16:30:27'),(2,0,0,'update','redAlderGreatDane','YToyOntzOjU6Imdyb3VwIjtzOjQ6Im1lbnUiO3M6NDoiaXRlbSI7czo0OiJIb21lIjt9','2017-10-20 16:34:26'),(3,0,0,'insert','redAlderGreatDane','YToyOntzOjU6Imdyb3VwIjtzOjQ6Im1lbnUiO3M6NDoiaXRlbSI7czoxMjoiVGVudGFuZyBLYW1pIjt9','2017-10-20 16:38:30'),(4,0,0,'delete','redAlderGreatDane','YToxOntzOjU6Imdyb3VwIjtzOjc6InNlY3Rpb24iO30=','2017-10-20 16:39:44'),(5,0,0,'insert','redAlderGreatDane','YToxOntzOjU6Imdyb3VwIjtzOjc6InNlY3Rpb24iO30=','2017-10-20 16:42:24'),(6,0,0,'update','redAlderGreatDane','YToyOntzOjU6Imdyb3VwIjtzOjQ6Im1lbnUiO3M6NDoiaXRlbSI7czo3OiJEeW5hbWljIjt9','2017-10-20 16:44:14'),(7,0,0,'update','redAlderGreatDane','YToyOntzOjU6Imdyb3VwIjtzOjQ6Im1lbnUiO3M6NDoiaXRlbSI7czo3OiJEeW5hbWljIjt9','2017-10-20 16:44:56'),(8,0,0,'update','redAlderGreatDane','YToxOntzOjU6Imdyb3VwIjtzOjc6InNlY3Rpb24iO30=','2017-10-20 16:45:47'),(9,0,0,'insert','redAlderGreatDane','YToxOntzOjU6Imdyb3VwIjtzOjY6ImJhbm5lciI7fQ==','2017-10-20 16:46:46'),(10,0,0,'update','redAlderGreatDane','YToyOntzOjU6Imdyb3VwIjtzOjQ6Im1lbnUiO3M6NDoiaXRlbSI7czoxMjoiVGVudGFuZyBLYW1pIjt9','2017-10-20 16:47:26'),(11,0,0,'update','redAlderGreatDane','YToyOntzOjU6Imdyb3VwIjtzOjQ6Im1lbnUiO3M6NDoiaXRlbSI7czoxMjoiVGVudGFuZyBLYW1pIjt9','2017-10-20 16:47:45'),(12,0,0,'insert','redAlderGreatDane','YToxOntzOjU6Imdyb3VwIjtzOjc6InNlY3Rpb24iO30=','2017-10-20 16:49:54'),(13,0,0,'insert','redAlderGreatDane','YToxOntzOjU6Imdyb3VwIjtzOjc6ImNvbnRlbnQiO30=','2017-10-20 16:51:47'),(14,0,0,'insert','redAlderGreatDane','YToyOntzOjU6Imdyb3VwIjtzOjQ6Im1lbnUiO3M6NDoiaXRlbSI7czo1OiJQb2R1ayI7fQ==','2017-10-20 17:03:13'),(15,0,0,'update','redAlderGreatDane','YToxOntzOjU6Imdyb3VwIjtzOjc6InNlY3Rpb24iO30=','2017-10-20 17:04:32'),(16,0,0,'update','redAlderGreatDane','YToxOntzOjU6Imdyb3VwIjtzOjc6InNlY3Rpb24iO30=','2017-10-20 17:04:47'),(17,0,0,'insert','redAlderGreatDane','YToxOntzOjU6Imdyb3VwIjtzOjY6ImJhbm5lciI7fQ==','2017-10-20 17:05:17'),(18,0,0,'insert','redAlderGreatDane','YToxOntzOjU6Imdyb3VwIjtzOjc6ImNvbnRlbnQiO30=','2017-10-20 17:07:46'),(19,0,0,'update','redAlderGreatDane','YToyOntzOjU6Imdyb3VwIjtzOjQ6Im1lbnUiO3M6NDoiaXRlbSI7czo2OiJQcm9kdWsiO30=','2017-10-20 17:13:03'),(20,0,0,'insert','redAlderGreatDane','YToxOntzOjU6Imdyb3VwIjtzOjc6InNlY3Rpb24iO30=','2017-10-20 17:27:23'),(21,0,0,'insert','redAlderGreatDane','YToxOntzOjU6Imdyb3VwIjtzOjk6InBlbmdhanVhbiI7fQ==','2017-10-20 17:28:48'),(22,0,0,'insert','redAlderGreatDane','YToxOntzOjU6Imdyb3VwIjtzOjk6InBlbmdhanVhbiI7fQ==','2017-10-20 17:29:32'),(23,0,0,'insert','redAlderGreatDane','YToxOntzOjU6Imdyb3VwIjtzOjk6InBlbmdhanVhbiI7fQ==','2017-10-20 17:31:20'),(24,0,0,'insert','redAlderGreatDane','YToxOntzOjU6Imdyb3VwIjtzOjk6InBlbmdhanVhbiI7fQ==','2017-10-20 17:31:39'),(25,0,0,'insert','redAlderGreatDane','YToxOntzOjU6Imdyb3VwIjtzOjk6InBlbmdhanVhbiI7fQ==','2017-10-20 17:31:58'),(26,0,0,'insert','redAlderGreatDane','YToyOntzOjU6Imdyb3VwIjtzOjQ6Im1lbnUiO3M6NDoiaXRlbSI7czoxMjoiS3JlZGl0cGx1c2t1Ijt9','2017-10-20 17:34:24'),(27,0,0,'insert','redAlderGreatDane','YToxOntzOjU6Imdyb3VwIjtzOjc6ImNvbnRlbnQiO30=','2017-10-20 17:36:56'),(28,0,0,'insert','redAlderGreatDane','YToxOntzOjU6Imdyb3VwIjtzOjY6ImJhbm5lciI7fQ==','2017-10-20 17:37:42'),(29,0,0,'insert','redAlderGreatDane','YToyOntzOjU6Imdyb3VwIjtzOjQ6Im1lbnUiO3M6NDoiaXRlbSI7czoxMToiSW5mb3JtYXRpb24iO30=','2017-10-20 17:42:11'),(30,0,0,'insert','redAlderGreatDane','YToxOntzOjU6Imdyb3VwIjtzOjY6ImJhbm5lciI7fQ==','2017-10-20 17:42:54'),(31,0,0,'insert','redAlderGreatDane','YToxOntzOjU6Imdyb3VwIjtzOjc6InNlY3Rpb24iO30=','2017-10-20 17:47:05'),(32,0,0,'insert','redAlderGreatDane','YToxOntzOjU6Imdyb3VwIjtzOjk6ImluZm9ybWFzaSI7fQ==','2017-10-20 17:49:15'),(33,0,0,'insert','redAlderGreatDane','YToxOntzOjU6Imdyb3VwIjtzOjk6ImluZm9ybWFzaSI7fQ==','2017-10-20 17:50:15'),(34,0,0,'insert','redAlderGreatDane','YToxOntzOjU6Imdyb3VwIjtzOjk6ImluZm9ybWFzaSI7fQ==','2017-10-20 17:51:21'),(35,0,0,'insert','redAlderGreatDane','YToxOntzOjU6Imdyb3VwIjtzOjk6ImluZm9ybWFzaSI7fQ==','2017-10-20 17:52:33'),(36,0,0,'insert','redAlderGreatDane','YToyOntzOjU6Imdyb3VwIjtzOjQ6Im1lbnUiO3M6NDoiaXRlbSI7czoxNToiSGkgS3JlZGl0cGx1c2t1Ijt9','2017-10-20 17:59:44'),(37,0,0,'update','redAlderGreatDane','YToyOntzOjU6Imdyb3VwIjtzOjQ6Im1lbnUiO3M6NDoiaXRlbSI7czoxNToiSGkgS3JlZGl0cGx1c2t1Ijt9','2017-10-21 12:51:57'),(38,0,0,'insert','redAlderGreatDane','YToxOntzOjU6Imdyb3VwIjtzOjc6InNlY3Rpb24iO30=','2017-10-21 12:52:29'),(39,0,0,'delete','redAlderGreatDane','YToxOntzOjU6Imdyb3VwIjtzOjc6InNlY3Rpb24iO30=','2017-10-21 12:52:47'),(40,0,0,'insert','redAlderGreatDane','YToxOntzOjU6Imdyb3VwIjtzOjc6InNlY3Rpb24iO30=','2017-10-21 12:53:12'),(41,0,0,'insert','redAlderGreatDane','YToxOntzOjU6Imdyb3VwIjtzOjc6ImNvbnRhY3QiO30=','2017-10-21 12:57:11'),(42,0,0,'insert','redAlderGreatDane','YToyOntzOjU6Imdyb3VwIjtzOjQ6Im1lbnUiO3M6NDoiaXRlbSI7czoxNjoiUGVuZ2FqdWFuIEtyZWRpdCI7fQ==','2017-10-21 13:10:25'),(43,0,0,'insert','redAlderGreatDane','YToxOntzOjU6Imdyb3VwIjtzOjc6InNlY3Rpb24iO30=','2017-10-21 13:13:00'),(44,0,0,'insert','redAlderGreatDane','YToxOntzOjU6Imdyb3VwIjtzOjY6ImJhbm5lciI7fQ==','2017-10-21 13:13:47'),(45,0,0,'insert','redAlderGreatDane','YToxOntzOjU6Imdyb3VwIjtzOjE2OiJwZW5nYWp1YW5fa3JlZGl0Ijt9','2017-10-21 13:16:34'),(46,0,0,'delete','redAlderGreatDane','YToxOntzOjU6Imdyb3VwIjtzOjE2OiJwZW5nYWp1YW5fa3JlZGl0Ijt9','2017-10-21 13:19:58'),(47,0,0,'insert','redAlderGreatDane','YToxOntzOjU6Imdyb3VwIjtzOjE2OiJwZW5nYWp1YW5fa3JlZGl0Ijt9','2017-10-21 13:25:11'),(48,0,0,'insert','redAlderGreatDane','YToyOntzOjU6Imdyb3VwIjtzOjQ6Im1lbnUiO3M6NDoiaXRlbSI7czoxMjoiUHJvZHVrIE1vdG9yIjt9','2017-10-21 13:30:54'),(49,0,0,'insert','redAlderGreatDane','YToxOntzOjU6Imdyb3VwIjtzOjk6InBlbmdhanVhbiI7fQ==','2017-10-21 13:31:33'),(50,0,0,'insert','redAlderGreatDane','YToxOntzOjU6Imdyb3VwIjtzOjk6InBlbmdhanVhbiI7fQ==','2017-10-21 13:31:52'),(51,0,0,'insert','redAlderGreatDane','YToxOntzOjU6Imdyb3VwIjtzOjk6InBlbmdhanVhbiI7fQ==','2017-10-21 13:32:13'),(52,0,0,'insert','redAlderGreatDane','YToxOntzOjU6Imdyb3VwIjtzOjk6InBlbmdhanVhbiI7fQ==','2017-10-21 13:32:27'),(53,0,0,'insert','redAlderGreatDane','YToxOntzOjU6Imdyb3VwIjtzOjk6InBlbmdhanVhbiI7fQ==','2017-10-21 13:32:43'),(54,0,0,'insert','redAlderGreatDane','YToxOntzOjU6Imdyb3VwIjtzOjY6ImJhbm5lciI7fQ==','2017-10-21 13:33:12'),(55,0,0,'insert','redAlderGreatDane','YToxOntzOjU6Imdyb3VwIjtzOjc6ImNvbnRlbnQiO30=','2017-10-21 13:34:32'),(56,0,0,'delete','redAlderGreatDane','YToxOntzOjU6Imdyb3VwIjtzOjk6InBlbmdhanVhbiI7fQ==','2017-10-21 13:42:06'),(57,0,0,'delete','redAlderGreatDane','YToxOntzOjU6Imdyb3VwIjtzOjk6InBlbmdhanVhbiI7fQ==','2017-10-21 13:42:12'),(58,0,0,'delete','redAlderGreatDane','YToxOntzOjU6Imdyb3VwIjtzOjk6InBlbmdhanVhbiI7fQ==','2017-10-21 13:42:19'),(59,0,0,'delete','redAlderGreatDane','YToxOntzOjU6Imdyb3VwIjtzOjk6InBlbmdhanVhbiI7fQ==','2017-10-21 13:42:27'),(60,0,0,'delete','redAlderGreatDane','YToxOntzOjU6Imdyb3VwIjtzOjk6InBlbmdhanVhbiI7fQ==','2017-10-21 13:42:33'),(61,0,0,'delete','redAlderGreatDane','YToxOntzOjU6Imdyb3VwIjtzOjY6ImJhbm5lciI7fQ==','2017-10-21 13:42:51'),(62,0,0,'delete','redAlderGreatDane','YToxOntzOjU6Imdyb3VwIjtzOjc6ImNvbnRlbnQiO30=','2017-10-21 13:43:04'),(63,0,0,'delete','redAlderGreatDane','YToyOntzOjU6Imdyb3VwIjtzOjQ6Im1lbnUiO3M6NDoiaXRlbSI7czoxMjoiUHJvZHVrIE1vdG9yIjt9','2017-10-21 13:43:19'),(64,0,0,'insert','redAlderGreatDane','YToyOntzOjU6Imdyb3VwIjtzOjQ6Im1lbnUiO3M6NDoiaXRlbSI7czoxMjoiUHJvZHVrIE1vdG9yIjt9','2017-10-21 13:43:51'),(65,0,0,'insert','redAlderGreatDane','YToxOntzOjU6Imdyb3VwIjtzOjY6ImJhbm5lciI7fQ==','2017-10-21 13:44:24'),(66,0,0,'insert','redAlderGreatDane','YToxOntzOjU6Imdyb3VwIjtzOjk6InBlbmdhanVhbiI7fQ==','2017-10-21 13:44:51'),(67,0,0,'insert','redAlderGreatDane','YToxOntzOjU6Imdyb3VwIjtzOjk6InBlbmdhanVhbiI7fQ==','2017-10-21 13:45:13'),(68,0,0,'insert','redAlderGreatDane','YToxOntzOjU6Imdyb3VwIjtzOjk6InBlbmdhanVhbiI7fQ==','2017-10-21 13:45:28'),(69,0,0,'insert','redAlderGreatDane','YToxOntzOjU6Imdyb3VwIjtzOjk6InBlbmdhanVhbiI7fQ==','2017-10-21 13:45:44'),(70,0,0,'insert','redAlderGreatDane','YToxOntzOjU6Imdyb3VwIjtzOjk6InBlbmdhanVhbiI7fQ==','2017-10-21 13:46:00'),(71,0,0,'insert','redAlderGreatDane','YToxOntzOjU6Imdyb3VwIjtzOjc6ImNvbnRlbnQiO30=','2017-10-21 13:47:45'),(72,0,0,'insert','redAlderGreatDane','YToyOntzOjU6Imdyb3VwIjtzOjQ6Im1lbnUiO3M6NDoiaXRlbSI7czoxMjoiUHJvZHVrIE1vYmlsIjt9','2017-10-21 13:48:49'),(73,0,0,'insert','redAlderGreatDane','YToxOntzOjU6Imdyb3VwIjtzOjY6ImJhbm5lciI7fQ==','2017-10-21 13:49:18'),(74,0,0,'insert','redAlderGreatDane','YToxOntzOjU6Imdyb3VwIjtzOjc6ImNvbnRlbnQiO30=','2017-10-21 13:50:57'),(75,0,0,'insert','redAlderGreatDane','YToxOntzOjU6Imdyb3VwIjtzOjk6InBlbmdhanVhbiI7fQ==','2017-10-21 13:51:23'),(76,0,0,'insert','redAlderGreatDane','YToxOntzOjU6Imdyb3VwIjtzOjk6InBlbmdhanVhbiI7fQ==','2017-10-21 13:51:40'),(77,0,0,'insert','redAlderGreatDane','YToxOntzOjU6Imdyb3VwIjtzOjk6InBlbmdhanVhbiI7fQ==','2017-10-21 13:51:56'),(78,0,0,'insert','redAlderGreatDane','YToxOntzOjU6Imdyb3VwIjtzOjk6InBlbmdhanVhbiI7fQ==','2017-10-21 13:52:11'),(79,0,0,'insert','redAlderGreatDane','YToxOntzOjU6Imdyb3VwIjtzOjk6InBlbmdhanVhbiI7fQ==','2017-10-21 13:52:36'),(80,0,0,'insert','redAlderGreatDane','YToyOntzOjU6Imdyb3VwIjtzOjQ6Im1lbnUiO3M6NDoiaXRlbSI7czoxNzoiUHJvZHVrIEVsZWt0cm9uaWsiO30=','2017-10-21 13:56:21'),(81,0,0,'insert','redAlderGreatDane','YToxOntzOjU6Imdyb3VwIjtzOjY6ImJhbm5lciI7fQ==','2017-10-21 13:56:53'),(82,0,0,'insert','redAlderGreatDane','YToxOntzOjU6Imdyb3VwIjtzOjc6ImNvbnRlbnQiO30=','2017-10-21 13:57:48'),(83,0,0,'insert','redAlderGreatDane','YToxOntzOjU6Imdyb3VwIjtzOjk6InBlbmdhanVhbiI7fQ==','2017-10-21 13:58:15'),(84,0,0,'insert','redAlderGreatDane','YToxOntzOjU6Imdyb3VwIjtzOjk6InBlbmdhanVhbiI7fQ==','2017-10-21 13:58:34'),(85,0,0,'insert','redAlderGreatDane','YToxOntzOjU6Imdyb3VwIjtzOjk6InBlbmdhanVhbiI7fQ==','2017-10-21 13:58:53'),(86,0,0,'insert','redAlderGreatDane','YToxOntzOjU6Imdyb3VwIjtzOjk6InBlbmdhanVhbiI7fQ==','2017-10-21 13:59:07'),(87,0,0,'insert','redAlderGreatDane','YToxOntzOjU6Imdyb3VwIjtzOjk6InBlbmdhanVhbiI7fQ==','2017-10-21 13:59:23'),(88,0,0,'insert','redAlderGreatDane','YToyOntzOjU6Imdyb3VwIjtzOjQ6Im1lbnUiO3M6NDoiaXRlbSI7czoxNzoiS3JlZGl0cGx1cyBNb2JpbGUiO30=','2017-10-21 14:02:50'),(89,0,0,'insert','redAlderGreatDane','YToxOntzOjU6Imdyb3VwIjtzOjY6ImJhbm5lciI7fQ==','2017-10-21 14:03:19'),(90,0,0,'insert','redAlderGreatDane','YToxOntzOjU6Imdyb3VwIjtzOjc6ImNvbnRlbnQiO30=','2017-10-21 14:04:53'),(91,0,0,'insert','redAlderGreatDane','YToyOntzOjU6Imdyb3VwIjtzOjQ6Im1lbnUiO3M6NDoiaXRlbSI7czoxNDoiUGluamFtYW4gVXNhaGEiO30=','2017-10-21 14:08:50'),(92,0,0,'insert','redAlderGreatDane','YToxOntzOjU6Imdyb3VwIjtzOjY6ImJhbm5lciI7fQ==','2017-10-21 14:09:23'),(93,0,0,'insert','redAlderGreatDane','YToxOntzOjU6Imdyb3VwIjtzOjc6ImNvbnRlbnQiO30=','2017-10-21 14:10:17'),(94,0,0,'insert','redAlderGreatDane','YToxOntzOjU6Imdyb3VwIjtzOjk6InBlbmdhanVhbiI7fQ==','2017-10-21 14:10:37'),(95,0,0,'insert','redAlderGreatDane','YToxOntzOjU6Imdyb3VwIjtzOjk6InBlbmdhanVhbiI7fQ==','2017-10-21 14:10:52'),(96,0,0,'insert','redAlderGreatDane','YToxOntzOjU6Imdyb3VwIjtzOjk6InBlbmdhanVhbiI7fQ==','2017-10-21 14:11:08'),(97,0,0,'insert','redAlderGreatDane','YToxOntzOjU6Imdyb3VwIjtzOjk6InBlbmdhanVhbiI7fQ==','2017-10-21 14:11:24'),(98,0,0,'insert','redAlderGreatDane','YToxOntzOjU6Imdyb3VwIjtzOjk6InBlbmdhanVhbiI7fQ==','2017-10-21 14:11:42'),(99,0,0,'update','redAlderGreatDane','YToyOntzOjU6Imdyb3VwIjtzOjQ6Im1lbnUiO3M6NDoiaXRlbSI7czo0OiJIb21lIjt9','2017-10-21 14:12:58'),(100,0,0,'insert','redAlderGreatDane','YToyOntzOjU6Imdyb3VwIjtzOjQ6Im1lbnUiO3M6NDoiaXRlbSI7czo4OiJTaW11bGFzaSI7fQ==','2017-10-21 14:16:23'),(101,0,0,'insert','redAlderGreatDane','YToxOntzOjU6Imdyb3VwIjtzOjY6ImJhbm5lciI7fQ==','2017-10-21 14:17:31'),(102,0,0,'insert','redAlderGreatDane','YToyOntzOjU6Imdyb3VwIjtzOjQ6Im1lbnUiO3M6NDoiaXRlbSI7czo4OiJLcmVkaXRtdSI7fQ==','2017-10-21 14:27:17'),(103,0,0,'insert','redAlderGreatDane','YToxOntzOjU6Imdyb3VwIjtzOjY6ImJhbm5lciI7fQ==','2017-10-21 14:27:41'),(104,0,0,'insert','redAlderGreatDane','YToxOntzOjU6Imdyb3VwIjtzOjc6ImNvbnRlbnQiO30=','2017-10-21 14:28:48'),(105,0,0,'insert','redAlderGreatDane','YToyOntzOjU6Imdyb3VwIjtzOjQ6Im1lbnUiO3M6NDoiaXRlbSI7czoxMToiQ2FyZWVyIExpc3QiO30=','2017-10-21 14:34:57'),(106,0,0,'insert','redAlderGreatDane','YToxOntzOjU6Imdyb3VwIjtzOjc6InNlY3Rpb24iO30=','2017-10-21 14:36:44'),(107,0,0,'insert','redAlderGreatDane','YToxOntzOjU6Imdyb3VwIjtzOjU6ImthcmlyIjt9','2017-10-21 14:37:49'),(108,0,0,'insert','redAlderGreatDane','YToxOntzOjU6Imdyb3VwIjtzOjU6ImthcmlyIjt9','2017-10-21 14:38:40'),(109,0,0,'insert','redAlderGreatDane','YToxOntzOjU6Imdyb3VwIjtzOjU6ImthcmlyIjt9','2017-10-21 14:39:26'),(110,0,0,'insert','redAlderGreatDane','YToxOntzOjU6Imdyb3VwIjtzOjU6ImthcmlyIjt9','2017-10-21 14:39:58'),(111,0,0,'insert','redAlderGreatDane','YToxOntzOjU6Imdyb3VwIjtzOjU6ImthcmlyIjt9','2017-10-21 14:40:26'),(112,0,0,'insert','redAlderGreatDane','YToxOntzOjU6Imdyb3VwIjtzOjY6ImJhbm5lciI7fQ==','2017-10-21 14:42:02'),(113,0,0,'insert','redAlderGreatDane','YToyOntzOjU6Imdyb3VwIjtzOjQ6Im1lbnUiO3M6NDoiaXRlbSI7czoxNjoiS3JlZGl0cGx1cyBLYXJpciI7fQ==','2017-10-21 14:44:22'),(114,0,0,'insert','redAlderGreatDane','YToxOntzOjU6Imdyb3VwIjtzOjY6ImJhbm5lciI7fQ==','2017-10-21 14:45:05'),(115,0,0,'insert','redAlderGreatDane','YToxOntzOjU6Imdyb3VwIjtzOjc6ImNvbnRlbnQiO30=','2017-10-21 14:46:51'),(116,0,0,'insert','redAlderGreatDane','YToyOntzOjU6Imdyb3VwIjtzOjQ6Im1lbnUiO3M6NDoiaXRlbSI7czo5OiJWaXNpIE1pc2kiO30=','2017-10-21 14:52:06'),(117,0,0,'update','redAlderGreatDane','YToyOntzOjU6Imdyb3VwIjtzOjQ6Im1lbnUiO3M6NDoiaXRlbSI7czo5OiJWaXNpIE1pc2kiO30=','2017-10-21 14:52:43'),(118,0,0,'insert','redAlderGreatDane','YToxOntzOjU6Imdyb3VwIjtzOjc6InNlY3Rpb24iO30=','2017-10-21 14:53:08'),(119,0,0,'insert','redAlderGreatDane','YToxOntzOjU6Imdyb3VwIjtzOjY6ImJhbm5lciI7fQ==','2017-10-21 14:53:27'),(120,0,0,'insert','redAlderGreatDane','YToxOntzOjU6Imdyb3VwIjtzOjg6InZpc2ltaXNpIjt9','2017-10-21 14:54:54'),(121,0,0,'insert','redAlderGreatDane','YToyOntzOjU6Imdyb3VwIjtzOjQ6Im1lbnUiO3M6NDoiaXRlbSI7czoxMDoiTWFuYWdlbWVudCI7fQ==','2017-10-21 14:56:59'),(122,0,0,'insert','redAlderGreatDane','YToxOntzOjU6Imdyb3VwIjtzOjY6ImJhbm5lciI7fQ==','2017-10-21 14:57:23'),(123,0,0,'insert','redAlderGreatDane','YToxOntzOjU6Imdyb3VwIjtzOjc6ImNvbnRlbnQiO30=','2017-10-21 15:00:02'),(124,0,0,'insert','redAlderGreatDane','YToyOntzOjU6Imdyb3VwIjtzOjQ6Im1lbnUiO3M6NDoiaXRlbSI7czo4OiJQcmVzdGFzaSI7fQ==','2017-10-21 15:02:18'),(125,0,0,'insert','redAlderGreatDane','YToxOntzOjU6Imdyb3VwIjtzOjY6ImJhbm5lciI7fQ==','2017-10-21 15:02:46'),(126,0,0,'insert','redAlderGreatDane','YToxOntzOjU6Imdyb3VwIjtzOjc6InNlY3Rpb24iO30=','2017-10-21 15:06:37'),(127,0,0,'delete','redAlderGreatDane','YToyOntzOjU6Imdyb3VwIjtzOjQ6Im1lbnUiO3M6NDoiaXRlbSI7czo4OiJQcmVzdGFzaSI7fQ==','2017-10-21 15:10:39'),(128,0,0,'delete','redAlderGreatDane','YToxOntzOjU6Imdyb3VwIjtzOjc6InNlY3Rpb24iO30=','2017-10-21 15:10:49'),(129,0,0,'insert','redAlderGreatDane','YToyOntzOjU6Imdyb3VwIjtzOjQ6Im1lbnUiO3M6NDoiaXRlbSI7czo4OiJQcmVzdGFzaSI7fQ==','2017-10-21 15:11:29'),(130,0,0,'insert','redAlderGreatDane','YToxOntzOjU6Imdyb3VwIjtzOjY6ImJhbm5lciI7fQ==','2017-10-21 15:11:52'),(131,0,0,'insert','redAlderGreatDane','YToxOntzOjU6Imdyb3VwIjtzOjc6InNlY3Rpb24iO30=','2017-10-21 15:16:27'),(132,0,0,'delete','redAlderGreatDane','YToyOntzOjU6Imdyb3VwIjtzOjQ6Im1lbnUiO3M6NDoiaXRlbSI7czo4OiJQcmVzdGFzaSI7fQ==','2017-10-21 15:29:00'),(133,0,0,'delete','redAlderGreatDane','YToxOntzOjU6Imdyb3VwIjtzOjc6InNlY3Rpb24iO30=','2017-10-21 15:29:11'),(134,0,0,'insert','redAlderGreatDane','YToyOntzOjU6Imdyb3VwIjtzOjQ6Im1lbnUiO3M6NDoiaXRlbSI7czo4OiJQcmVzdGFzaSI7fQ==','2017-10-21 15:35:15'),(135,0,0,'insert','redAlderGreatDane','YToxOntzOjU6Imdyb3VwIjtzOjc6InNlY3Rpb24iO30=','2017-10-21 15:35:42'),(136,0,0,'insert','redAlderGreatDane','YToxOntzOjU6Imdyb3VwIjtzOjc6InNlY3Rpb24iO30=','2017-10-21 15:35:59'),(137,0,0,'insert','redAlderGreatDane','YToxOntzOjU6Imdyb3VwIjtzOjY6ImJhbm5lciI7fQ==','2017-10-21 15:36:17'),(138,0,0,'insert','redAlderGreatDane','YToxOntzOjU6Imdyb3VwIjtzOjEzOiJkZXNjX3ByZXN0YXNpIjt9','2017-10-21 15:36:53'),(139,0,0,'delete','redAlderGreatDane','YToxOntzOjU6Imdyb3VwIjtzOjc6InNlY3Rpb24iO30=','2017-10-21 15:41:01'),(140,0,0,'insert','redAlderGreatDane','YToxOntzOjU6Imdyb3VwIjtzOjc6InNlY3Rpb24iO30=','2017-10-21 15:41:16'),(141,0,0,'insert','redAlderGreatDane','YToxOntzOjU6Imdyb3VwIjtzOjg6InByZXN0YXNpIjt9','2017-10-21 15:43:43'),(142,0,0,'insert','redAlderGreatDane','YToxOntzOjU6Imdyb3VwIjtzOjg6InByZXN0YXNpIjt9','2017-10-21 15:45:32'),(143,0,0,'insert','redAlderGreatDane','YToxOntzOjU6Imdyb3VwIjtzOjg6InByZXN0YXNpIjt9','2017-10-21 15:45:54'),(144,0,0,'insert','redAlderGreatDane','YToyOntzOjU6Imdyb3VwIjtzOjQ6Im1lbnUiO3M6NDoiaXRlbSI7czoyNjoiR29vZCBDb3Jwb3JhdGUgR292ZXJuYW5jZSAiO30=','2017-10-21 15:48:28'),(145,0,0,'insert','redAlderGreatDane','YToxOntzOjU6Imdyb3VwIjtzOjY6ImJhbm5lciI7fQ==','2017-10-21 15:49:04'),(146,0,0,'insert','redAlderGreatDane','YToxOntzOjU6Imdyb3VwIjtzOjc6ImNvbnRlbnQiO30=','2017-10-21 15:50:16'),(147,0,0,'delete','redAlderGreatDane','YToxOntzOjU6Imdyb3VwIjtzOjEwOiJzbGlkZV9ob21lIjt9','2017-10-24 01:12:08'),(148,0,0,'delete','redAlderGreatDane','YToxOntzOjU6Imdyb3VwIjtzOjEwOiJzbGlkZV9ob21lIjt9','2017-10-24 01:12:12'),(149,0,0,'delete','redAlderGreatDane','YToxOntzOjU6Imdyb3VwIjtzOjEyOiJzZXJ2aWNlX2hvbWUiO30=','2017-10-24 01:12:18'),(150,0,0,'insert','redAlderGreatDane','YToxOntzOjU6Imdyb3VwIjtzOjc6InNlY3Rpb24iO30=','2017-10-24 01:12:36'),(151,0,0,'insert','redAlderGreatDane','YToxOntzOjU6Imdyb3VwIjtzOjEwOiJzbGlkZV9ob21lIjt9','2017-10-24 01:14:17'),(152,0,0,'insert','redAlderGreatDane','YToxOntzOjU6Imdyb3VwIjtzOjEwOiJzbGlkZV9ob21lIjt9','2017-10-24 01:14:53'),(153,0,0,'insert','redAlderGreatDane','YToxOntzOjU6Imdyb3VwIjtzOjc6InNlY3Rpb24iO30=','2017-10-24 01:15:14'),(154,0,0,'insert','redAlderGreatDane','YToxOntzOjU6Imdyb3VwIjtzOjEyOiJzZXJ2aWNlX2hvbWUiO30=','2017-10-24 01:16:24'),(155,0,0,'insert','redAlderGreatDane','YToxOntzOjU6Imdyb3VwIjtzOjc6InNlY3Rpb24iO30=','2017-10-24 01:17:01'),(156,0,0,'update','redAlderGreatDane','YToyOntzOjU6Imdyb3VwIjtzOjQ6Im1lbnUiO3M6NDoiaXRlbSI7czo0OiJIb21lIjt9','2017-10-24 02:08:38'),(157,0,0,'delete','redAlderGreatDane','YToyOntzOjU6Imdyb3VwIjtzOjQ6Im1lbnUiO3M6NDoiaXRlbSI7czo0OiJIb21lIjt9','2017-10-24 07:57:49'),(158,0,0,'insert','redAlderGreatDane','YToyOntzOjU6Imdyb3VwIjtzOjQ6Im1lbnUiO3M6NDoiaXRlbSI7czo0OiJIb21lIjt9','2017-10-24 07:58:28'),(159,0,0,'delete','redAlderGreatDane','YToxOntzOjU6Imdyb3VwIjtzOjc6InNlY3Rpb24iO30=','2017-10-24 08:01:53'),(160,0,0,'delete','redAlderGreatDane','YToxOntzOjU6Imdyb3VwIjtzOjc6InNlY3Rpb24iO30=','2017-10-24 08:01:58'),(161,0,0,'delete','redAlderGreatDane','YToxOntzOjU6Imdyb3VwIjtzOjc6InNlY3Rpb24iO30=','2017-10-24 08:02:01'),(162,0,0,'insert','redAlderGreatDane','YToxOntzOjU6Imdyb3VwIjtzOjc6InNlY3Rpb24iO30=','2017-10-24 08:04:41'),(163,0,0,'insert','redAlderGreatDane','YToxOntzOjU6Imdyb3VwIjtzOjY6InByb2R1ayI7fQ==','2017-10-24 08:09:56'),(164,0,0,'insert','redAlderGreatDane','YToxOntzOjU6Imdyb3VwIjtzOjY6InByb2R1ayI7fQ==','2017-10-24 08:10:24'),(165,0,0,'delete','redAlderGreatDane','YToxOntzOjU6Imdyb3VwIjtzOjY6InByb2R1ayI7fQ==','2017-10-24 08:18:57'),(166,0,0,'delete','redAlderGreatDane','YToxOntzOjU6Imdyb3VwIjtzOjY6InByb2R1ayI7fQ==','2017-10-24 08:19:00'),(167,0,0,'insert','redAlderGreatDane','YToxOntzOjU6Imdyb3VwIjtzOjc6InNlY3Rpb24iO30=','2017-10-24 08:30:31'),(168,0,0,'insert','redAlderGreatDane','YToyOntzOjU6Imdyb3VwIjtzOjQ6Im1lbnUiO3M6NDoiaXRlbSI7czo0OiJIb21lIjt9','2017-10-24 08:35:21'),(169,0,0,'insert','redAlderGreatDane','YToxOntzOjU6Imdyb3VwIjtzOjc6InNlY3Rpb24iO30=','2017-10-24 08:35:39'),(170,0,0,'insert','redAlderGreatDane','YToxOntzOjU6Imdyb3VwIjtzOjc6InNlY3Rpb24iO30=','2017-10-24 08:41:21'),(171,0,0,'insert','redAlderGreatDane','YToxOntzOjU6Imdyb3VwIjtzOjc6InNlY3Rpb24iO30=','2017-10-24 08:41:32'),(172,0,0,'insert','redAlderGreatDane','YToxOntzOjU6Imdyb3VwIjtzOjY6InByb2R1ayI7fQ==','2017-10-24 08:43:39'),(173,0,0,'update','redAlderGreatDane','YToxOntzOjU6Imdyb3VwIjtzOjY6InByb2R1ayI7fQ==','2017-10-24 08:44:01'),(174,0,0,'insert','redAlderGreatDane','YToxOntzOjU6Imdyb3VwIjtzOjY6InByb2R1ayI7fQ==','2017-10-24 08:44:38'),(175,0,0,'insert','redAlderGreatDane','YToxOntzOjU6Imdyb3VwIjtzOjY6InByb2R1ayI7fQ==','2017-10-24 08:44:56'),(176,0,0,'insert','redAlderGreatDane','YToxOntzOjU6Imdyb3VwIjtzOjY6InByb2R1ayI7fQ==','2017-10-24 08:45:32'),(177,0,0,'delete','redAlderGreatDane','YToyOntzOjU6Imdyb3VwIjtzOjQ6Im1lbnUiO3M6NDoiaXRlbSI7czo0OiJIb21lIjt9','2017-10-25 01:36:47'),(178,0,0,'delete','redAlderGreatDane','YToxOntzOjU6Imdyb3VwIjtzOjc6InNlY3Rpb24iO30=','2017-10-25 01:36:58'),(179,0,0,'delete','redAlderGreatDane','YToxOntzOjU6Imdyb3VwIjtzOjc6InNlY3Rpb24iO30=','2017-10-25 01:37:01'),(180,0,0,'delete','redAlderGreatDane','YToxOntzOjU6Imdyb3VwIjtzOjc6InNlY3Rpb24iO30=','2017-10-25 01:37:03'),(181,0,0,'insert','redAlderGreatDane','YToyOntzOjU6Imdyb3VwIjtzOjQ6Im1lbnUiO3M6NDoiaXRlbSI7czo0OiJIb21lIjt9','2017-10-25 01:37:56'),(182,0,0,'insert','redAlderGreatDane','YToyOntzOjU6Imdyb3VwIjtzOjQ6Im1lbnUiO3M6NDoiaXRlbSI7czo0OiJIb21lIjt9','2017-10-25 01:44:22'),(183,0,0,'insert','redAlderGreatDane','YToxOntzOjU6Imdyb3VwIjtzOjc6InNlY3Rpb24iO30=','2017-10-25 01:47:18'),(184,0,0,'insert','redAlderGreatDane','YToxOntzOjU6Imdyb3VwIjtzOjU6InNsaWRlIjt9','2017-10-25 01:48:27'),(185,0,0,'insert','redAlderGreatDane','YToxOntzOjU6Imdyb3VwIjtzOjU6InNsaWRlIjt9','2017-10-25 01:48:56'),(186,0,0,'insert','redAlderGreatDane','YToxOntzOjU6Imdyb3VwIjtzOjc6InNlY3Rpb24iO30=','2017-10-25 01:53:50'),(187,0,0,'insert','redAlderGreatDane','YToxOntzOjU6Imdyb3VwIjtzOjc6ImxheWFuYW4iO30=','2017-10-25 01:54:41'),(188,0,0,'insert','redAlderGreatDane','YToxOntzOjU6Imdyb3VwIjtzOjc6InNlY3Rpb24iO30=','2017-10-25 02:08:14'),(189,0,0,'insert','redAlderGreatDane','YToxOntzOjU6Imdyb3VwIjtzOjY6InByb2R1ayI7fQ==','2017-10-25 02:13:10'),(190,0,0,'insert','redAlderGreatDane','YToxOntzOjU6Imdyb3VwIjtzOjY6InByb2R1ayI7fQ==','2017-10-25 02:13:31'),(191,0,0,'insert','redAlderGreatDane','YToxOntzOjU6Imdyb3VwIjtzOjY6InByb2R1ayI7fQ==','2017-10-25 02:13:49'),(192,0,0,'insert','redAlderGreatDane','YToxOntzOjU6Imdyb3VwIjtzOjY6InByb2R1ayI7fQ==','2017-10-25 02:14:30'),(193,0,0,'update','redAlderGreatDane','YToxOntzOjU6Imdyb3VwIjtzOjY6InByb2R1ayI7fQ==','2017-10-25 02:16:29'),(194,0,0,'insert','redAlderGreatDane','YToyOntzOjU6Imdyb3VwIjtzOjQ6Im1lbnUiO3M6NDoiaXRlbSI7czoxMjoiVGVudGFuZyBLYW1pIjt9','2017-10-25 02:19:14'),(195,0,0,'insert','redAlderGreatDane','YToxOntzOjU6Imdyb3VwIjtzOjc6InNlY3Rpb24iO30=','2017-10-25 02:20:40'),(196,0,0,'insert','redAlderGreatDane','YToxOntzOjU6Imdyb3VwIjtzOjY6ImJhbm5lciI7fQ==','2017-10-25 02:20:54'),(197,0,0,'insert','redAlderGreatDane','YToxOntzOjU6Imdyb3VwIjtzOjc6InNlY3Rpb24iO30=','2017-10-25 02:24:53'),(198,0,0,'insert','redAlderGreatDane','YToxOntzOjU6Imdyb3VwIjtzOjc6ImNvbnRlbnQiO30=','2017-10-25 02:28:25'),(199,0,0,'insert','redAlderGreatDane','YToyOntzOjU6Imdyb3VwIjtzOjQ6Im1lbnUiO3M6NDoiaXRlbSI7czo5OiJWaXNpIE1pc2kiO30=','2017-10-25 02:34:48'),(200,0,0,'insert','redAlderGreatDane','YToxOntzOjU6Imdyb3VwIjtzOjc6InNlY3Rpb24iO30=','2017-10-25 02:35:03'),(201,0,0,'insert','redAlderGreatDane','YToxOntzOjU6Imdyb3VwIjtzOjg6InZpc2ltaXNpIjt9','2017-10-25 02:35:43'),(202,0,0,'insert','redAlderGreatDane','YToxOntzOjU6Imdyb3VwIjtzOjc6InNlY3Rpb24iO30=','2017-10-25 02:36:21'),(203,0,0,'insert','redAlderGreatDane','YToxOntzOjU6Imdyb3VwIjtzOjY6ImJhbm5lciI7fQ==','2017-10-25 02:36:35'),(204,0,0,'insert','redAlderGreatDane','YToyOntzOjU6Imdyb3VwIjtzOjQ6Im1lbnUiO3M6NDoiaXRlbSI7czoxMDoiTWFuYWdlbWVudCI7fQ==','2017-10-25 02:41:30'),(205,0,0,'insert','redAlderGreatDane','YToxOntzOjU6Imdyb3VwIjtzOjc6InNlY3Rpb24iO30=','2017-10-25 02:41:48'),(206,0,0,'insert','redAlderGreatDane','YToxOntzOjU6Imdyb3VwIjtzOjc6InNlY3Rpb24iO30=','2017-10-25 02:42:05'),(207,0,0,'insert','redAlderGreatDane','YToxOntzOjU6Imdyb3VwIjtzOjY6ImJhbm5lciI7fQ==','2017-10-25 02:42:19'),(208,0,0,'insert','redAlderGreatDane','YToxOntzOjU6Imdyb3VwIjtzOjEwOiJtYW5hZ2VtZW50Ijt9','2017-10-25 02:45:04'),(209,0,0,'insert','redAlderGreatDane','YToyOntzOjU6Imdyb3VwIjtzOjQ6Im1lbnUiO3M6NDoiaXRlbSI7czo4OiJQcmVzdGFzaSI7fQ==','2017-10-25 02:48:15'),(210,0,0,'insert','redAlderGreatDane','YToxOntzOjU6Imdyb3VwIjtzOjc6InNlY3Rpb24iO30=','2017-10-25 02:48:37'),(211,0,0,'insert','redAlderGreatDane','YToxOntzOjU6Imdyb3VwIjtzOjc6InNlY3Rpb24iO30=','2017-10-25 02:48:54'),(212,0,0,'insert','redAlderGreatDane','YToxOntzOjU6Imdyb3VwIjtzOjg6InByZXN0YXNpIjt9','2017-10-25 02:52:25'),(213,0,0,'insert','redAlderGreatDane','YToxOntzOjU6Imdyb3VwIjtzOjY6ImJhbm5lciI7fQ==','2017-10-25 02:52:52'),(214,0,0,'update','redAlderGreatDane','YToxOntzOjU6Imdyb3VwIjtzOjg6InByZXN0YXNpIjt9','2017-10-25 02:53:53'),(215,0,0,'insert','redAlderGreatDane','YToyOntzOjU6Imdyb3VwIjtzOjQ6Im1lbnUiO3M6NDoiaXRlbSI7czoyNToiR09PRCBDT1JQT1JBVEUgR09WRVJOQU5DRSI7fQ==','2017-10-25 02:59:05'),(216,0,0,'insert','redAlderGreatDane','YToxOntzOjU6Imdyb3VwIjtzOjc6InNlY3Rpb24iO30=','2017-10-25 02:59:28'),(217,0,0,'insert','redAlderGreatDane','YToxOntzOjU6Imdyb3VwIjtzOjc6InNlY3Rpb24iO30=','2017-10-25 02:59:51'),(218,0,0,'insert','redAlderGreatDane','YToxOntzOjU6Imdyb3VwIjtzOjE2OiJnb29kY29ycG9yYXRlZ292Ijt9','2017-10-25 03:02:02'),(219,0,0,'insert','redAlderGreatDane','YToxOntzOjU6Imdyb3VwIjtzOjY6ImJhbm5lciI7fQ==','2017-10-25 03:02:28'),(220,0,0,'insert','redAlderGreatDane','YToxOntzOjU6Imdyb3VwIjtzOjc6InNlY3Rpb24iO30=','2017-10-25 03:47:17'),(221,0,0,'update','redAlderGreatDane','YToxOntzOjU6Imdyb3VwIjtzOjc6InNlY3Rpb24iO30=','2017-10-25 03:48:53'),(222,0,0,'delete','redAlderGreatDane','YToxOntzOjU6Imdyb3VwIjtzOjc6InNlY3Rpb24iO30=','2017-10-25 03:58:12'),(223,0,0,'insert','redAlderGreatDane','YToxOntzOjU6Imdyb3VwIjtzOjc6InNlY3Rpb24iO30=','2017-10-25 03:58:30'),(224,0,0,'insert','redAlderGreatDane','YToyOntzOjU6Imdyb3VwIjtzOjQ6Im1lbnUiO3M6NDoiaXRlbSI7czo2OiJQcm9kdWsiO30=','2017-10-25 04:02:22'),(225,0,0,'delete','redAlderGreatDane','YToxOntzOjU6Imdyb3VwIjtzOjc6InNlY3Rpb24iO30=','2017-10-25 04:02:31'),(226,0,0,'insert','redAlderGreatDane','YToxOntzOjU6Imdyb3VwIjtzOjc6InNlY3Rpb24iO30=','2017-10-25 04:02:52'),(227,0,0,'insert','redAlderGreatDane','YToxOntzOjU6Imdyb3VwIjtzOjE0OiJjb250ZW50LXByb2R1ayI7fQ==','2017-10-25 04:04:48'),(228,0,0,'insert','redAlderGreatDane','YToxOntzOjU6Imdyb3VwIjtzOjc6InNlY3Rpb24iO30=','2017-10-25 04:05:15'),(229,0,0,'insert','redAlderGreatDane','YToxOntzOjU6Imdyb3VwIjtzOjY6ImJhbm5lciI7fQ==','2017-10-25 04:05:32'),(230,0,0,'insert','redAlderGreatDane','YToxOntzOjU6Imdyb3VwIjtzOjc6InNlY3Rpb24iO30=','2017-10-25 04:20:22'),(231,0,0,'insert','redAlderGreatDane','YToxOntzOjU6Imdyb3VwIjtzOjE1OiJ0YWJlbF9wZW5nYWp1YW4iO30=','2017-10-25 04:20:41'),(232,0,0,'insert','redAlderGreatDane','YToxOntzOjU6Imdyb3VwIjtzOjE1OiJ0YWJlbF9wZW5nYWp1YW4iO30=','2017-10-25 04:21:17'),(233,0,0,'insert','redAlderGreatDane','YToxOntzOjU6Imdyb3VwIjtzOjE1OiJ0YWJlbF9wZW5nYWp1YW4iO30=','2017-10-25 04:21:27'),(234,0,0,'insert','redAlderGreatDane','YToxOntzOjU6Imdyb3VwIjtzOjE1OiJ0YWJlbF9wZW5nYWp1YW4iO30=','2017-10-25 04:21:38'),(235,0,0,'insert','redAlderGreatDane','YToxOntzOjU6Imdyb3VwIjtzOjE1OiJ0YWJlbF9wZW5nYWp1YW4iO30=','2017-10-25 04:21:47'),(236,0,0,'insert','redAlderGreatDane','YToyOntzOjU6Imdyb3VwIjtzOjQ6Im1lbnUiO3M6NDoiaXRlbSI7czoxMjoiUHJvZHVrIE1vYmlsIjt9','2017-10-25 04:23:12'),(237,0,0,'insert','redAlderGreatDane','YToxOntzOjU6Imdyb3VwIjtzOjc6InNlY3Rpb24iO30=','2017-10-25 04:23:33'),(238,0,0,'insert','redAlderGreatDane','YToxOntzOjU6Imdyb3VwIjtzOjY6ImJhbm5lciI7fQ==','2017-10-25 04:23:50'),(239,0,0,'insert','redAlderGreatDane','YToxOntzOjU6Imdyb3VwIjtzOjc6InNlY3Rpb24iO30=','2017-10-25 04:24:15'),(240,0,0,'insert','redAlderGreatDane','YToxOntzOjU6Imdyb3VwIjtzOjE0OiJjb250ZW50LXByb2R1ayI7fQ==','2017-10-25 04:26:24'),(241,0,0,'update','redAlderGreatDane','YToxOntzOjU6Imdyb3VwIjtzOjY6ImJhbm5lciI7fQ==','2017-10-25 04:27:20'),(242,0,0,'insert','redAlderGreatDane','YToxOntzOjU6Imdyb3VwIjtzOjc6InNlY3Rpb24iO30=','2017-10-25 04:27:56'),(243,0,0,'insert','redAlderGreatDane','YToxOntzOjU6Imdyb3VwIjtzOjE1OiJ0YWJlbF9wZW5nYWp1YW4iO30=','2017-10-25 04:28:15'),(244,0,0,'insert','redAlderGreatDane','YToxOntzOjU6Imdyb3VwIjtzOjE1OiJ0YWJlbF9wZW5nYWp1YW4iO30=','2017-10-25 04:28:26'),(245,0,0,'insert','redAlderGreatDane','YToxOntzOjU6Imdyb3VwIjtzOjE1OiJ0YWJlbF9wZW5nYWp1YW4iO30=','2017-10-25 04:28:35'),(246,0,0,'insert','redAlderGreatDane','YToxOntzOjU6Imdyb3VwIjtzOjE1OiJ0YWJlbF9wZW5nYWp1YW4iO30=','2017-10-25 04:28:46'),(247,0,0,'insert','redAlderGreatDane','YToxOntzOjU6Imdyb3VwIjtzOjE1OiJ0YWJlbF9wZW5nYWp1YW4iO30=','2017-10-25 04:28:56'),(248,0,0,'insert','redAlderGreatDane','YToyOntzOjU6Imdyb3VwIjtzOjQ6Im1lbnUiO3M6NDoiaXRlbSI7czoxMjoiUHJvZHVrIE1vdG9yIjt9','2017-10-25 04:30:06'),(249,0,0,'insert','redAlderGreatDane','YToxOntzOjU6Imdyb3VwIjtzOjc6InNlY3Rpb24iO30=','2017-10-25 04:30:47'),(250,0,0,'insert','redAlderGreatDane','YToxOntzOjU6Imdyb3VwIjtzOjc6InNlY3Rpb24iO30=','2017-10-25 04:30:59'),(251,0,0,'insert','redAlderGreatDane','YToxOntzOjU6Imdyb3VwIjtzOjc6InNlY3Rpb24iO30=','2017-10-25 04:31:19'),(252,0,0,'insert','redAlderGreatDane','YToxOntzOjU6Imdyb3VwIjtzOjY6ImJhbm5lciI7fQ==','2017-10-25 04:31:33'),(253,0,0,'insert','redAlderGreatDane','YToxOntzOjU6Imdyb3VwIjtzOjE0OiJjb250ZW50LXByb2R1ayI7fQ==','2017-10-25 04:32:13'),(254,0,0,'insert','redAlderGreatDane','YToxOntzOjU6Imdyb3VwIjtzOjE1OiJ0YWJlbF9wZW5nYWp1YW4iO30=','2017-10-25 04:32:26'),(255,0,0,'insert','redAlderGreatDane','YToxOntzOjU6Imdyb3VwIjtzOjE1OiJ0YWJlbF9wZW5nYWp1YW4iO30=','2017-10-25 04:32:36'),(256,0,0,'insert','redAlderGreatDane','YToxOntzOjU6Imdyb3VwIjtzOjE1OiJ0YWJlbF9wZW5nYWp1YW4iO30=','2017-10-25 04:32:45'),(257,0,0,'insert','redAlderGreatDane','YToxOntzOjU6Imdyb3VwIjtzOjE1OiJ0YWJlbF9wZW5nYWp1YW4iO30=','2017-10-25 04:32:56'),(258,0,0,'insert','redAlderGreatDane','YToxOntzOjU6Imdyb3VwIjtzOjE1OiJ0YWJlbF9wZW5nYWp1YW4iO30=','2017-10-25 04:33:06'),(259,0,0,'insert','redAlderGreatDane','YToyOntzOjU6Imdyb3VwIjtzOjQ6Im1lbnUiO3M6NDoiaXRlbSI7czoyMToiUElOSkFNQU4gTU9EQUwgIFVTQUhBIjt9','2017-10-25 04:34:34'),(260,0,0,'insert','redAlderGreatDane','YToxOntzOjU6Imdyb3VwIjtzOjc6InNlY3Rpb24iO30=','2017-10-25 04:35:30'),(261,0,0,'insert','redAlderGreatDane','YToxOntzOjU6Imdyb3VwIjtzOjc6InNlY3Rpb24iO30=','2017-10-25 04:35:49'),(262,0,0,'insert','redAlderGreatDane','YToxOntzOjU6Imdyb3VwIjtzOjc6InNlY3Rpb24iO30=','2017-10-25 04:36:04'),(263,0,0,'insert','redAlderGreatDane','YToxOntzOjU6Imdyb3VwIjtzOjY6ImJhbm5lciI7fQ==','2017-10-25 04:36:23'),(264,0,0,'insert','redAlderGreatDane','YToxOntzOjU6Imdyb3VwIjtzOjE0OiJjb250ZW50LXByb2R1ayI7fQ==','2017-10-25 06:05:44'),(265,0,0,'insert','redAlderGreatDane','YToxOntzOjU6Imdyb3VwIjtzOjE1OiJ0YWJlbF9wZW5nYWp1YW4iO30=','2017-10-25 06:06:02'),(266,0,0,'insert','redAlderGreatDane','YToxOntzOjU6Imdyb3VwIjtzOjE1OiJ0YWJlbF9wZW5nYWp1YW4iO30=','2017-10-25 06:06:12'),(267,0,0,'insert','redAlderGreatDane','YToxOntzOjU6Imdyb3VwIjtzOjE1OiJ0YWJlbF9wZW5nYWp1YW4iO30=','2017-10-25 06:06:22'),(268,0,0,'insert','redAlderGreatDane','YToxOntzOjU6Imdyb3VwIjtzOjE1OiJ0YWJlbF9wZW5nYWp1YW4iO30=','2017-10-25 06:06:32'),(269,0,0,'insert','redAlderGreatDane','YToxOntzOjU6Imdyb3VwIjtzOjE1OiJ0YWJlbF9wZW5nYWp1YW4iO30=','2017-10-25 06:06:44'),(270,0,0,'insert','redAlderGreatDane','YToyOntzOjU6Imdyb3VwIjtzOjQ6Im1lbnUiO3M6NDoiaXRlbSI7czoxMjoiS3JlZGl0cGx1c2t1Ijt9','2017-10-25 06:45:00'),(271,0,0,'insert','redAlderGreatDane','YToxOntzOjU6Imdyb3VwIjtzOjc6InNlY3Rpb24iO30=','2017-10-25 06:45:30'),(272,0,0,'insert','redAlderGreatDane','YToxOntzOjU6Imdyb3VwIjtzOjc6InNlY3Rpb24iO30=','2017-10-25 06:46:06'),(273,0,0,'insert','redAlderGreatDane','YToxOntzOjU6Imdyb3VwIjtzOjY6ImJhbm5lciI7fQ==','2017-10-25 06:46:38'),(274,0,0,'insert','redAlderGreatDane','YToxOntzOjU6Imdyb3VwIjtzOjE4OiJjb250ZW50LWtyZWRpdHBsdXMiO30=','2017-10-25 06:50:17'),(275,0,0,'delete','redAlderGreatDane','YToxOntzOjU6Imdyb3VwIjtzOjE4OiJjb250ZW50LWtyZWRpdHBsdXMiO30=','2017-10-25 06:50:43'),(276,0,0,'insert','redAlderGreatDane','YToxOntzOjU6Imdyb3VwIjtzOjE4OiJjb250ZW50LWtyZWRpdHBsdXMiO30=','2017-10-25 06:53:17'),(277,0,0,'insert','redAlderGreatDane','YToyOntzOjU6Imdyb3VwIjtzOjQ6Im1lbnUiO3M6NDoiaXRlbSI7czo4OiJLcmVkaXRtdSI7fQ==','2017-10-25 06:58:50'),(278,0,0,'insert','redAlderGreatDane','YToxOntzOjU6Imdyb3VwIjtzOjc6InNlY3Rpb24iO30=','2017-10-25 06:59:27'),(279,0,0,'insert','redAlderGreatDane','YToxOntzOjU6Imdyb3VwIjtzOjc6InNlY3Rpb24iO30=','2017-10-25 07:00:08'),(280,0,0,'insert','redAlderGreatDane','YToxOntzOjU6Imdyb3VwIjtzOjY6ImJhbm5lciI7fQ==','2017-10-25 07:00:29'),(281,0,0,'insert','redAlderGreatDane','YToxOntzOjU6Imdyb3VwIjtzOjE4OiJjb250ZW50LWtyZWRpdHBsdXMiO30=','2017-10-25 07:01:19'),(282,0,0,'delete','redAlderGreatDane','YToxOntzOjU6Imdyb3VwIjtzOjk6ImluZm9ybWFzaSI7fQ==','2017-10-25 07:57:45'),(283,0,0,'insert','redAlderGreatDane','YToyOntzOjU6Imdyb3VwIjtzOjQ6Im1lbnUiO3M6NDoiaXRlbSI7czoxMToiSW5mb3JtYXRpb24iO30=','2017-10-25 08:08:55'),(284,0,0,'insert','redAlderGreatDane','YToxOntzOjU6Imdyb3VwIjtzOjc6InNlY3Rpb24iO30=','2017-10-25 08:09:35'),(285,0,0,'insert','redAlderGreatDane','YToxOntzOjU6Imdyb3VwIjtzOjc6InNlY3Rpb24iO30=','2017-10-25 08:10:00'),(286,0,0,'delete','redAlderGreatDane','YToxOntzOjU6Imdyb3VwIjtzOjc6InNlY3Rpb24iO30=','2017-10-25 08:10:41'),(287,0,0,'insert','redAlderGreatDane','YToxOntzOjU6Imdyb3VwIjtzOjc6InNlY3Rpb24iO30=','2017-10-25 08:11:03'),(288,0,0,'insert','redAlderGreatDane','YToxOntzOjU6Imdyb3VwIjtzOjY6ImJhbm5lciI7fQ==','2017-10-25 08:11:21'),(289,0,0,'insert','redAlderGreatDane','YToxOntzOjU6Imdyb3VwIjtzOjk6ImluZm9ybWFzaSI7fQ==','2017-10-25 08:12:31'),(290,0,0,'insert','redAlderGreatDane','YToyOntzOjU6Imdyb3VwIjtzOjQ6Im1lbnUiO3M6NDoiaXRlbSI7czoxNDoiSEkhIEtSRURJVFBMVVMiO30=','2017-10-25 08:51:02'),(291,0,0,'insert','redAlderGreatDane','YToxOntzOjU6Imdyb3VwIjtzOjc6InNlY3Rpb24iO30=','2017-10-25 08:51:26'),(292,0,0,'insert','redAlderGreatDane','YToxOntzOjU6Imdyb3VwIjtzOjc6ImNvbnRhY3QiO30=','2017-10-25 08:54:37'),(293,0,0,'insert','redAlderGreatDane','YToyOntzOjU6Imdyb3VwIjtzOjQ6Im1lbnUiO3M6NDoiaXRlbSI7czo4OiJTaW11bGFzaSI7fQ==','2017-10-25 09:57:04'),(294,0,0,'insert','redAlderGreatDane','YToyOntzOjU6Imdyb3VwIjtzOjQ6Im1lbnUiO3M6NDoiaXRlbSI7czoxNjoiUGVuZ2FqdWFuIEtyZWRpdCI7fQ==','2017-10-27 02:38:26'),(295,0,0,'insert','redAlderGreatDane','YToxOntzOjU6Imdyb3VwIjtzOjc6InNlY3Rpb24iO30=','2017-10-27 02:38:44'),(296,0,0,'insert','redAlderGreatDane','YToxOntzOjU6Imdyb3VwIjtzOjc6ImNvbnRlbnQiO30=','2017-10-27 02:40:51'),(297,0,0,'update','redAlderGreatDane','YToxOntzOjU6Imdyb3VwIjtzOjc6ImNvbnRlbnQiO30=','2017-10-27 02:41:08'),(298,0,0,'insert','redAlderGreatDane','YToxOntzOjU6Imdyb3VwIjtzOjc6InNlY3Rpb24iO30=','2017-10-27 02:44:58'),(299,0,0,'insert','redAlderGreatDane','YToxOntzOjU6Imdyb3VwIjtzOjY6ImJhbm5lciI7fQ==','2017-10-27 02:45:19'),(300,0,0,'insert','redAlderGreatDane','YToxOntzOjU6Imdyb3VwIjtzOjU6ImJyYW5kIjt9','2017-10-27 02:59:36'),(301,0,0,'insert','redAlderGreatDane','YToxOntzOjU6Imdyb3VwIjtzOjU6ImJyYW5kIjt9','2017-10-27 03:00:20'),(302,0,0,'insert','redAlderGreatDane','YToxOntzOjU6Imdyb3VwIjtzOjU6ImJyYW5kIjt9','2017-10-27 03:00:30'),(303,0,0,'insert','redAlderGreatDane','YToxOntzOjU6Imdyb3VwIjtzOjU6ImJyYW5kIjt9','2017-10-27 03:00:40'),(304,0,0,'update','redAlderGreatDane','YToyOntzOjU6Imdyb3VwIjtzOjQ6Im1lbnUiO3M6NDoiaXRlbSI7czoxNjoiUGVuZ2FqdWFuIEtyZWRpdCI7fQ==','2017-10-27 03:09:32'),(305,0,0,'insert','redAlderGreatDane','YToxOntzOjU6Imdyb3VwIjtzOjQ6ImFyZWEiO30=','2017-10-27 03:38:06'),(306,0,0,'update','redAlderGreatDane','YToxOntzOjU6Imdyb3VwIjtzOjY6ImJhbm5lciI7fQ==','2017-10-27 04:28:27'),(307,0,0,'insert','redAlderGreatDane','YToyOntzOjU6Imdyb3VwIjtzOjQ6Im1lbnUiO3M6NDoiaXRlbSI7czo1OiJLYXJpciI7fQ==','2017-10-27 07:23:42'),(308,0,0,'insert','redAlderGreatDane','YToxOntzOjU6Imdyb3VwIjtzOjc6InNlY3Rpb24iO30=','2017-10-27 07:24:02'),(309,0,0,'insert','redAlderGreatDane','YToxOntzOjU6Imdyb3VwIjtzOjY6ImJhbm5lciI7fQ==','2017-10-27 07:24:15'),(310,0,0,'insert','redAlderGreatDane','YToxOntzOjU6Imdyb3VwIjtzOjc6InNlY3Rpb24iO30=','2017-10-27 07:25:49'),(311,0,0,'delete','redAlderGreatDane','YToxOntzOjU6Imdyb3VwIjtzOjc6InNlY3Rpb24iO30=','2017-10-27 07:28:17'),(312,0,0,'insert','redAlderGreatDane','YToxOntzOjU6Imdyb3VwIjtzOjc6InNlY3Rpb24iO30=','2017-10-27 07:28:30'),(313,0,0,'insert','redAlderGreatDane','YToxOntzOjU6Imdyb3VwIjtzOjU6ImthcmlyIjt9','2017-10-27 07:30:13'),(314,0,0,'insert','redAlderGreatDane','YToxOntzOjU6Imdyb3VwIjtzOjU6ImthcmlyIjt9','2017-10-27 07:31:14'),(315,0,0,'insert','redAlderGreatDane','YToxOntzOjU6Imdyb3VwIjtzOjU6ImthcmlyIjt9','2017-10-27 07:31:43'),(316,0,0,'insert','redAlderGreatDane','YToxOntzOjU6Imdyb3VwIjtzOjU6ImthcmlyIjt9','2017-10-27 07:32:07'),(317,0,0,'insert','redAlderGreatDane','YToxOntzOjU6Imdyb3VwIjtzOjU6ImthcmlyIjt9','2017-10-27 07:32:33'),(318,0,0,'insert','redAlderGreatDane','YToxOntzOjU6Imdyb3VwIjtzOjU6ImthcmlyIjt9','2017-10-27 07:32:56'),(319,0,0,'insert','redAlderGreatDane','YToyOntzOjU6Imdyb3VwIjtzOjQ6Im1lbnUiO3M6NDoiaXRlbSI7czo1OiJLYXJpciI7fQ==','2017-10-27 07:43:38'),(320,0,0,'insert','redAlderGreatDane','YToxOntzOjU6Imdyb3VwIjtzOjc6InNlY3Rpb24iO30=','2017-10-27 07:45:54'),(321,0,0,'delete','redAlderGreatDane','YToxOntzOjU6Imdyb3VwIjtzOjc6InNlY3Rpb24iO30=','2017-10-27 07:47:52'),(322,0,0,'insert','redAlderGreatDane','YToxOntzOjU6Imdyb3VwIjtzOjc6InNlY3Rpb24iO30=','2017-10-27 07:48:09'),(323,0,0,'delete','redAlderGreatDane','YToxOntzOjU6Imdyb3VwIjtzOjc6InNlY3Rpb24iO30=','2017-10-27 07:50:34'),(324,0,0,'delete','redAlderGreatDane','YToxOntzOjU6Imdyb3VwIjtzOjc6InNlY3Rpb24iO30=','2017-10-27 08:18:58'),(325,0,0,'delete','redAlderGreatDane','YToyOntzOjU6Imdyb3VwIjtzOjQ6Im1lbnUiO3M6NDoiaXRlbSI7czo1OiJLYXJpciI7fQ==','2017-10-27 08:23:02'),(326,0,0,'insert','redAlderGreatDane','YToyOntzOjU6Imdyb3VwIjtzOjQ6Im1lbnUiO3M6NDoiaXRlbSI7czoxNjoiS3JlZGl0cGx1cyBLYXJpciI7fQ==','2017-10-27 08:23:48'),(327,0,0,'insert','redAlderGreatDane','YToxOntzOjU6Imdyb3VwIjtzOjc6InNlY3Rpb24iO30=','2017-10-27 08:24:08'),(328,0,0,'insert','redAlderGreatDane','YToxOntzOjU6Imdyb3VwIjtzOjE1OiJrcmVkaXRwbHVza2FyaXIiO30=','2017-10-27 08:25:28'),(329,0,0,'update','redAlderGreatDane','YToyOntzOjU6Imdyb3VwIjtzOjQ6Im1lbnUiO3M6NDoiaXRlbSI7czoxNjoiS3JlZGl0cGx1cyBLYXJpciI7fQ==','2017-10-27 08:26:54'),(330,0,0,'delete','redAlderGreatDane','YToyOntzOjU6Imdyb3VwIjtzOjQ6Im1lbnUiO3M6NDoiaXRlbSI7czoxNjoiS3JlZGl0cGx1cyBLYXJpciI7fQ==','2017-10-27 08:28:37'),(331,0,0,'insert','redAlderGreatDane','YToyOntzOjU6Imdyb3VwIjtzOjQ6Im1lbnUiO3M6NDoiaXRlbSI7czoxNjoiS3JlZGl0cGx1cyBLYXJpciI7fQ==','2017-10-27 08:29:14'),(332,0,0,'delete','redAlderGreatDane','YToxOntzOjU6Imdyb3VwIjtzOjc6InNlY3Rpb24iO30=','2017-10-27 08:29:24'),(333,0,0,'insert','redAlderGreatDane','YToxOntzOjU6Imdyb3VwIjtzOjc6InNlY3Rpb24iO30=','2017-10-27 08:29:47'),(334,0,0,'update','redAlderGreatDane','YToxOntzOjU6Imdyb3VwIjtzOjE1OiJrcmVkaXRwbHVza2FyaXIiO30=','2017-10-27 08:30:13'),(335,0,0,'delete','redAlderGreatDane','YToxOntzOjU6Imdyb3VwIjtzOjc6InNlY3Rpb24iO30=','2017-10-27 08:33:04'),(336,0,0,'update','redAlderGreatDane','YToyOntzOjU6Imdyb3VwIjtzOjQ6Im1lbnUiO3M6NDoiaXRlbSI7czoxNjoiS3JlZGl0cGx1cyBLYXJpciI7fQ==','2017-10-27 08:34:02'),(337,0,0,'insert','redAlderGreatDane','YToxOntzOjU6Imdyb3VwIjtzOjc6InNlY3Rpb24iO30=','2017-10-27 08:34:33'),(338,0,0,'insert','redAlderGreatDane','YToxOntzOjU6Imdyb3VwIjtzOjc6InNlY3Rpb24iO30=','2017-10-27 08:34:52'),(339,0,0,'insert','redAlderGreatDane','YToxOntzOjU6Imdyb3VwIjtzOjY6ImJhbm5lciI7fQ==','2017-10-27 08:35:12'),(340,0,0,'update','redAlderGreatDane','YToxOntzOjU6Imdyb3VwIjtzOjE1OiJrcmVkaXRwbHVza2FyaXIiO30=','2017-10-27 08:35:24'),(341,0,0,'delete','redAlderGreatDane','YToxOntzOjU6Imdyb3VwIjtzOjE1OiJrcmVkaXRwbHVza2FyaXIiO30=','2017-10-27 08:41:01'),(342,0,0,'delete','redAlderGreatDane','YToxOntzOjU6Imdyb3VwIjtzOjc6InNlY3Rpb24iO30=','2017-10-27 08:41:40'),(343,0,0,'insert','redAlderGreatDane','YToxOntzOjU6Imdyb3VwIjtzOjc6InNlY3Rpb24iO30=','2017-10-27 08:41:54'),(344,0,0,'insert','redAlderGreatDane','YToxOntzOjU6Imdyb3VwIjtzOjE1OiJrcmVkaXRwbHVza2FyaXIiO30=','2017-10-27 08:42:09'),(345,0,0,'delete','redAlderGreatDane','YToxOntzOjU6Imdyb3VwIjtzOjE1OiJrcmVkaXRwbHVza2FyaXIiO30=','2017-10-27 08:49:13'),(346,0,0,'delete','redAlderGreatDane','YToxOntzOjU6Imdyb3VwIjtzOjc6InNlY3Rpb24iO30=','2017-10-27 08:49:54'),(347,0,0,'insert','redAlderGreatDane','YToxOntzOjU6Imdyb3VwIjtzOjc6InNlY3Rpb24iO30=','2017-10-27 08:50:11'),(348,0,0,'insert','redAlderGreatDane','YToxOntzOjU6Imdyb3VwIjtzOjE1OiJrcmVkaXRwbHVza2FyaXIiO30=','2017-10-27 08:50:37'),(349,0,0,'delete','redAlderGreatDane','YToxOntzOjU6Imdyb3VwIjtzOjE1OiJrcmVkaXRwbHVza2FyaXIiO30=','2017-10-27 08:54:38'),(350,0,0,'delete','redAlderGreatDane','YToxOntzOjU6Imdyb3VwIjtzOjc6InNlY3Rpb24iO30=','2017-10-27 08:54:52'),(351,0,0,'insert','redAlderGreatDane','YToxOntzOjU6Imdyb3VwIjtzOjc6InNlY3Rpb24iO30=','2017-10-27 08:55:03'),(352,0,0,'insert','redAlderGreatDane','YToxOntzOjU6Imdyb3VwIjtzOjE1OiJrcmVkaXRwbHVza2FyaXIiO30=','2017-10-27 08:56:17'),(353,0,0,'insert','redAlderGreatDane','YToxOntzOjU6Imdyb3VwIjtzOjE4OiJjb250ZW50LWtyZWRpdHBsdXMiO30=','2017-10-27 09:06:17'),(354,0,0,'delete','redAlderGreatDane','YToxOntzOjU6Imdyb3VwIjtzOjE1OiJrcmVkaXRwbHVza2FyaXIiO30=','2017-10-27 09:13:08'),(355,0,0,'delete','redAlderGreatDane','YToyOntzOjU6Imdyb3VwIjtzOjQ6Im1lbnUiO3M6NDoiaXRlbSI7czoxNjoiS3JlZGl0cGx1cyBLYXJpciI7fQ==','2017-10-27 09:13:24'),(356,0,0,'insert','redAlderGreatDane','YToyOntzOjU6Imdyb3VwIjtzOjQ6Im1lbnUiO3M6NDoiaXRlbSI7czoxNjoiS3JlZGl0cGx1cyBLYXJpciI7fQ==','2017-10-27 09:14:11'),(357,0,0,'insert','redAlderGreatDane','YToxOntzOjU6Imdyb3VwIjtzOjc6InNlY3Rpb24iO30=','2017-10-27 09:14:41'),(358,0,0,'insert','redAlderGreatDane','YToxOntzOjU6Imdyb3VwIjtzOjE1OiJrcmVkaXRwbHVza2FyaXIiO30=','2017-10-27 09:14:56'),(359,0,0,'insert','redAlderGreatDane','YToxOntzOjU6Imdyb3VwIjtzOjc6InNlY3Rpb24iO30=','2017-10-27 09:15:38'),(360,0,0,'insert','redAlderGreatDane','YToxOntzOjU6Imdyb3VwIjtzOjY6ImJhbm5lciI7fQ==','2017-10-27 09:16:06'),(361,0,0,'delete','redAlderGreatDane','YToxOntzOjU6Imdyb3VwIjtzOjE1OiJrcmVkaXRwbHVza2FyaXIiO30=','2017-10-27 09:16:21'),(362,0,0,'insert','redAlderGreatDane','YToxOntzOjU6Imdyb3VwIjtzOjE1OiJrcmVkaXRwbHVza2FyaXIiO30=','2017-10-27 09:16:50'),(363,0,0,'insert','redAlderGreatDane','YToxOntzOjU6Imdyb3VwIjtzOjE1OiJrcmVkaXRwbHVza2FyaXIiO30=','2017-10-27 09:17:00'),(364,0,0,'delete','redAlderGreatDane','YToxOntzOjU6Imdyb3VwIjtzOjc6InNlY3Rpb24iO30=','2017-10-27 10:09:30'),(365,0,0,'delete','redAlderGreatDane','YToxOntzOjU6Imdyb3VwIjtzOjc6InNlY3Rpb24iO30=','2017-10-27 10:09:38'),(366,0,0,'delete','redAlderGreatDane','YToxOntzOjU6Imdyb3VwIjtzOjc6InNlY3Rpb24iO30=','2017-10-27 10:09:44'),(367,0,0,'delete','redAlderGreatDane','YToyOntzOjU6Imdyb3VwIjtzOjQ6Im1lbnUiO3M6NDoiaXRlbSI7czoxNjoiS3JlZGl0cGx1cyBLYXJpciI7fQ==','2017-10-27 10:10:11'),(368,0,0,'insert','redAlderGreatDane','YToyOntzOjU6Imdyb3VwIjtzOjQ6Im1lbnUiO3M6NDoiaXRlbSI7czoxNzoiS3JlZGl0cGx1cyBLYXJpci0iO30=','2017-10-27 10:13:02'),(369,0,0,'insert','redAlderGreatDane','YToxOntzOjU6Imdyb3VwIjtzOjc6InNlY3Rpb24iO30=','2017-10-27 10:13:20'),(370,0,0,'delete','redAlderGreatDane','YToxOntzOjU6Imdyb3VwIjtzOjc6InNlY3Rpb24iO30=','2017-10-27 10:13:36'),(371,0,0,'delete','redAlderGreatDane','YToxOntzOjU6Imdyb3VwIjtzOjc6InNlY3Rpb24iO30=','2017-10-27 10:13:46'),(372,0,0,'insert','redAlderGreatDane','YToxOntzOjU6Imdyb3VwIjtzOjc6InNlY3Rpb24iO30=','2017-10-27 10:14:11'),(373,0,0,'insert','redAlderGreatDane','YToxOntzOjU6Imdyb3VwIjtzOjc6InNlY3Rpb24iO30=','2017-10-27 10:14:30'),(374,0,0,'insert','redAlderGreatDane','YToxOntzOjU6Imdyb3VwIjtzOjY6ImJhbm5lciI7fQ==','2017-10-27 10:15:05'),(375,0,0,'insert','redAlderGreatDane','YToxOntzOjU6Imdyb3VwIjtzOjY6ImJhbm5lciI7fQ==','2017-10-27 10:16:13'),(376,0,0,'insert','redAlderGreatDane','YToxOntzOjU6Imdyb3VwIjtzOjc6InNlY3Rpb24iO30=','2017-10-27 10:16:54'),(377,0,0,'delete','redAlderGreatDane','YToxOntzOjU6Imdyb3VwIjtzOjc6InNlY3Rpb24iO30=','2017-10-27 10:18:09'),(378,0,0,'delete','redAlderGreatDane','YToxOntzOjU6Imdyb3VwIjtzOjc6InNlY3Rpb24iO30=','2017-10-27 10:18:17'),(379,0,0,'insert','redAlderGreatDane','YToxOntzOjU6Imdyb3VwIjtzOjc6InNlY3Rpb24iO30=','2017-10-27 10:18:30'),(380,0,0,'update','redAlderGreatDane','YToxOntzOjU6Imdyb3VwIjtzOjE1OiJrcmVkaXRwbHVza2FyaXIiO30=','2017-10-27 10:18:49'),(381,0,0,'delete','redAlderGreatDane','YToyOntzOjU6Imdyb3VwIjtzOjQ6Im1lbnUiO3M6NDoiaXRlbSI7czoxNzoiS3JlZGl0cGx1cyBLYXJpci0iO30=','2017-10-27 10:31:40'),(382,0,0,'insert','redAlderGreatDane','YToyOntzOjU6Imdyb3VwIjtzOjQ6Im1lbnUiO3M6NDoiaXRlbSI7czoxNjoiS3JlZGl0cGx1cyBLYXJpciI7fQ==','2017-10-27 10:32:17'),(383,0,0,'delete','redAlderGreatDane','YToxOntzOjU6Imdyb3VwIjtzOjc6InNlY3Rpb24iO30=','2017-10-27 10:32:43'),(384,0,0,'delete','redAlderGreatDane','YToxOntzOjU6Imdyb3VwIjtzOjc6InNlY3Rpb24iO30=','2017-10-27 10:32:51'),(385,0,0,'insert','redAlderGreatDane','YToxOntzOjU6Imdyb3VwIjtzOjc6InNlY3Rpb24iO30=','2017-10-27 10:33:17'),(386,0,0,'insert','redAlderGreatDane','YToxOntzOjU6Imdyb3VwIjtzOjE2OiJrcmVkaXRwbHVzX2thcmlyIjt9','2017-10-27 10:33:36'),(387,0,0,'insert','redAlderGreatDane','YToxOntzOjU6Imdyb3VwIjtzOjc6InNlY3Rpb24iO30=','2017-10-27 10:34:43'),(388,0,0,'update','redAlderGreatDane','YToxOntzOjU6Imdyb3VwIjtzOjc6InNlY3Rpb24iO30=','2017-10-27 10:35:15'),(389,0,0,'insert','redAlderGreatDane','YToxOntzOjU6Imdyb3VwIjtzOjY6ImJhbm5lciI7fQ==','2017-10-27 10:35:27'),(390,0,0,'insert','redAlderGreatDane','YToxOntzOjU6Imdyb3VwIjtzOjc6InNlY3Rpb24iO30=','2017-10-29 12:02:07'),(391,0,0,'insert','redAlderGreatDane','YToxOntzOjU6Imdyb3VwIjtzOjY6ImJhbm5lciI7fQ==','2017-10-29 12:02:40'),(392,0,0,'delete','redAlderGreatDane','YToxOntzOjU6Imdyb3VwIjtzOjY6ImJhbm5lciI7fQ==','2017-10-29 12:03:14'),(393,0,0,'update','redAlderGreatDane','YToxOntzOjU6Imdyb3VwIjtzOjE2OiJrcmVkaXRwbHVzX2thcmlyIjt9','2017-10-29 12:12:02'),(394,0,0,'insert','redAlderGreatDane','YToyOntzOjU6Imdyb3VwIjtzOjQ6Im1lbnUiO3M6NDoiaXRlbSI7czozOiJ0ZXMiO30=','2017-10-29 12:13:07'),(395,0,0,'insert','redAlderGreatDane','YToxOntzOjU6Imdyb3VwIjtzOjc6InNlY3Rpb24iO30=','2017-10-29 12:13:40'),(396,0,0,'insert','redAlderGreatDane','YToxOntzOjU6Imdyb3VwIjtzOjY6ImJhbm5lciI7fQ==','2017-10-29 12:14:29'),(397,0,0,'insert','redAlderGreatDane','YToxOntzOjU6Imdyb3VwIjtzOjc6InNlY3Rpb24iO30=','2017-10-29 12:15:21'),(398,0,0,'insert','redAlderGreatDane','YToxOntzOjU6Imdyb3VwIjtzOjc6ImNvbnRlbnQiO30=','2017-10-29 12:15:57'),(399,0,0,'update','redAlderGreatDane','YToxOntzOjU6Imdyb3VwIjtzOjc6ImNvbnRlbnQiO30=','2017-10-29 12:20:06'),(400,0,0,'delete','redAlderGreatDane','YToxOntzOjU6Imdyb3VwIjtzOjc6ImNvbnRlbnQiO30=','2017-10-29 12:22:02'),(401,0,0,'delete','redAlderGreatDane','YToxOntzOjU6Imdyb3VwIjtzOjY6ImJhbm5lciI7fQ==','2017-10-29 12:22:24'),(402,0,0,'delete','redAlderGreatDane','YToxOntzOjU6Imdyb3VwIjtzOjc6InNlY3Rpb24iO30=','2017-10-29 12:22:48'),(403,0,0,'delete','redAlderGreatDane','YToxOntzOjU6Imdyb3VwIjtzOjc6InNlY3Rpb24iO30=','2017-10-29 12:23:08'),(404,0,0,'delete','redAlderGreatDane','YToyOntzOjU6Imdyb3VwIjtzOjQ6Im1lbnUiO3M6NDoiaXRlbSI7czozOiJ0ZXMiO30=','2017-10-29 12:23:28'),(405,0,0,'insert','redAlderGreatDane','YToxOntzOjU6Imdyb3VwIjtzOjk6ImluZm9ybWFzaSI7fQ==','2017-10-29 12:27:16'),(406,0,0,'update','redAlderGreatDane','YToxOntzOjU6Imdyb3VwIjtzOjk6ImluZm9ybWFzaSI7fQ==','2017-10-29 12:30:27'),(407,0,0,'delete','redAlderGreatDane','YToxOntzOjU6Imdyb3VwIjtzOjk6InRlc3RpbW9uaSI7fQ==','2017-10-29 14:14:10'),(408,0,0,'delete','redAlderGreatDane','YToxOntzOjU6Imdyb3VwIjtzOjk6InRlc3RpbW9uaSI7fQ==','2017-10-29 14:14:18'),(409,0,0,'delete','redAlderGreatDane','YToxOntzOjU6Imdyb3VwIjtzOjk6InRlc3RpbW9uaSI7fQ==','2017-10-29 14:14:25'),(410,0,0,'update','redAlderGreatDane','YToxOntzOjU6Imdyb3VwIjtzOjE4OiJjb250ZW50LWtyZWRpdHBsdXMiO30=','2017-10-29 14:16:09'),(411,0,0,'update','redAlderGreatDane','YToxOntzOjU6Imdyb3VwIjtzOjE4OiJjb250ZW50LWtyZWRpdHBsdXMiO30=','2017-10-29 14:19:38'),(412,0,0,'insert','redAlderGreatDane','YToxOntzOjU6Imdyb3VwIjtzOjc6InNlY3Rpb24iO30=','2017-11-01 06:19:01'),(413,0,0,'insert','redAlderGreatDane','YToxOntzOjU6Imdyb3VwIjtzOjY6ImNhYmFuZyI7fQ==','2017-11-01 06:19:42'),(414,0,0,'insert','redAlderGreatDane','YToxOntzOjU6Imdyb3VwIjtzOjY6ImNhYmFuZyI7fQ==','2017-11-01 06:20:09'),(415,0,0,'insert','redAlderGreatDane','YToxOntzOjU6Imdyb3VwIjtzOjY6ImNhYmFuZyI7fQ==','2017-11-01 06:20:34'),(416,0,0,'insert','redAlderGreatDane','YToyOntzOjU6Imdyb3VwIjtzOjQ6Im1lbnUiO3M6NDoiaXRlbSI7czo2OiJPZmZpY2UiO30=','2017-11-01 06:21:50'),(417,0,0,'delete','redAlderGreatDane','YToxOntzOjU6Imdyb3VwIjtzOjc6InNlY3Rpb24iO30=','2017-11-01 06:22:51'),(418,0,0,'insert','redAlderGreatDane','YToxOntzOjU6Imdyb3VwIjtzOjc6InNlY3Rpb24iO30=','2017-11-01 06:23:19'),(419,0,0,'update','redAlderGreatDane','YToxOntzOjU6Imdyb3VwIjtzOjY6ImNhYmFuZyI7fQ==','2017-11-01 06:23:40'),(420,0,0,'update','redAlderGreatDane','YToxOntzOjU6Imdyb3VwIjtzOjY6ImNhYmFuZyI7fQ==','2017-11-01 06:23:48'),(421,0,0,'update','redAlderGreatDane','YToxOntzOjU6Imdyb3VwIjtzOjY6ImNhYmFuZyI7fQ==','2017-11-01 06:23:55'),(422,0,0,'update','redAlderGreatDane','YToxOntzOjU6Imdyb3VwIjtzOjE0OiJjb250ZW50X3Byb2R1ayI7fQ==','2017-11-01 06:51:42'),(423,0,0,'update','redAlderGreatDane','YToxOntzOjU6Imdyb3VwIjtzOjE0OiJjb250ZW50X3Byb2R1ayI7fQ==','2017-11-01 07:52:04'),(424,0,0,'update','redAlderGreatDane','YToxOntzOjU6Imdyb3VwIjtzOjE1OiJ0YWJlbF9wZW5nYWp1YW4iO30=','2017-11-01 07:52:47'),(425,0,0,'update','redAlderGreatDane','YToxOntzOjU6Imdyb3VwIjtzOjE1OiJ0YWJlbF9wZW5nYWp1YW4iO30=','2017-11-01 07:53:09'),(426,0,0,'update','redAlderGreatDane','YToxOntzOjU6Imdyb3VwIjtzOjE1OiJ0YWJlbF9wZW5nYWp1YW4iO30=','2017-11-01 07:53:34'),(427,0,0,'update','redAlderGreatDane','YToxOntzOjU6Imdyb3VwIjtzOjE1OiJ0YWJlbF9wZW5nYWp1YW4iO30=','2017-11-01 07:54:04'),(428,0,0,'update','redAlderGreatDane','YToxOntzOjU6Imdyb3VwIjtzOjE1OiJ0YWJlbF9wZW5nYWp1YW4iO30=','2017-11-01 07:54:29'),(429,0,0,'update','redAlderGreatDane','YToxOntzOjU6Imdyb3VwIjtzOjg6InByZXN0YXNpIjt9','2017-11-01 07:56:33'),(430,0,0,'update','redAlderGreatDane','YToxOntzOjU6Imdyb3VwIjtzOjE2OiJnb29kY29ycG9yYXRlZ292Ijt9','2017-11-01 07:59:52'),(431,0,0,'update','redAlderGreatDane','YToxOntzOjU6Imdyb3VwIjtzOjE0OiJjb250ZW50X3Byb2R1ayI7fQ==','2017-11-01 08:00:56'),(432,0,0,'update','redAlderGreatDane','YToxOntzOjU6Imdyb3VwIjtzOjE0OiJjb250ZW50X3Byb2R1ayI7fQ==','2017-11-01 08:01:29'),(433,0,0,'update','redAlderGreatDane','YToxOntzOjU6Imdyb3VwIjtzOjE0OiJjb250ZW50X3Byb2R1ayI7fQ==','2017-11-01 08:02:01'),(434,0,0,'update','redAlderGreatDane','YToxOntzOjU6Imdyb3VwIjtzOjc6ImNvbnRlbnQiO30=','2017-11-01 08:05:51'),(435,0,0,'insert','redAlderGreatDane','YToxOntzOjU6Imdyb3VwIjtzOjU6ImJyYW5kIjt9','2017-11-01 08:12:24'),(436,0,0,'update','redAlderGreatDane','YToxOntzOjU6Imdyb3VwIjtzOjEwOiJtYW5hZ2VtZW50Ijt9','2017-11-01 08:17:17'),(437,0,0,'update','redAlderGreatDane','YToxOntzOjU6Imdyb3VwIjtzOjg6InZpc2ltaXNpIjt9','2017-11-01 08:22:53'),(438,0,0,'update','redAlderGreatDane','YToxOntzOjU6Imdyb3VwIjtzOjU6ImthcmlyIjt9','2017-11-01 08:27:38'),(439,0,0,'update','redAlderGreatDane','YToxOntzOjU6Imdyb3VwIjtzOjU6ImthcmlyIjt9','2017-11-01 08:28:01'),(440,0,0,'update','redAlderGreatDane','YToxOntzOjU6Imdyb3VwIjtzOjU6ImthcmlyIjt9','2017-11-01 08:28:54'),(441,0,0,'update','redAlderGreatDane','YToxOntzOjU6Imdyb3VwIjtzOjE2OiJrcmVkaXRwbHVzX2thcmlyIjt9','2017-11-01 08:31:38'),(442,0,0,'update','redAlderGreatDane','YToxOntzOjU6Imdyb3VwIjtzOjE0OiJjb250ZW50X3Byb2R1ayI7fQ==','2017-11-01 09:40:48'),(443,0,0,'update','redAlderGreatDane','YToxOntzOjU6Imdyb3VwIjtzOjE0OiJjb250ZW50X3Byb2R1ayI7fQ==','2017-11-01 09:42:16'),(444,0,0,'update','redAlderGreatDane','YToxOntzOjU6Imdyb3VwIjtzOjE0OiJjb250ZW50X3Byb2R1ayI7fQ==','2017-11-01 09:42:40'),(445,0,0,'update','redAlderGreatDane','YToxOntzOjU6Imdyb3VwIjtzOjE0OiJjb250ZW50X3Byb2R1ayI7fQ==','2017-11-01 09:42:54'),(446,0,0,'insert','redAlderGreatDane','YToxOntzOjU6Imdyb3VwIjtzOjc6InNlY3Rpb24iO30=','2017-11-01 09:46:19'),(447,0,0,'update','redAlderGreatDane','YToxOntzOjU6Imdyb3VwIjtzOjE4OiJjb250ZW50X2tyZWRpdHBsdXMiO30=','2017-11-01 09:49:46'),(448,0,0,'update','redAlderGreatDane','YToxOntzOjU6Imdyb3VwIjtzOjE4OiJjb250ZW50X2tyZWRpdHBsdXMiO30=','2017-11-01 09:53:36'),(449,0,0,'update','redAlderGreatDane','YToxOntzOjU6Imdyb3VwIjtzOjE4OiJjb250ZW50X2tyZWRpdHBsdXMiO30=','2017-11-01 09:56:53'),(450,0,0,'update','redAlderGreatDane','YToxOntzOjU6Imdyb3VwIjtzOjE4OiJjb250ZW50X2tyZWRpdHBsdXMiO30=','2017-11-01 09:58:43'),(451,0,0,'update','redAlderGreatDane','YToyOntzOjU6Imdyb3VwIjtzOjQ6Im1lbnUiO3M6NDoiaXRlbSI7czo0OiJIb21lIjt9','2017-11-01 10:04:27'),(452,0,0,'insert','redAlderGreatDane','YToxOntzOjU6Imdyb3VwIjtzOjc6InNlY3Rpb24iO30=','2017-11-01 10:16:30'),(453,0,0,'insert','redAlderGreatDane','YToxOntzOjU6Imdyb3VwIjtzOjc6ImNvbnRlbnQiO30=','2017-11-01 10:19:55'),(454,0,0,'update','redAlderGreatDane','YToxOntzOjU6Imdyb3VwIjtzOjc6InNlY3Rpb24iO30=','2017-11-01 10:24:30'),(455,0,0,'update','redAlderGreatDane','YToxOntzOjU6Imdyb3VwIjtzOjc6ImNvbnRlbnQiO30=','2017-11-01 10:26:11'),(456,0,0,'insert','redAlderGreatDane','YToxOntzOjU6Imdyb3VwIjtzOjc6InNlY3Rpb24iO30=','2017-11-01 10:58:47'),(457,0,0,'insert','redAlderGreatDane','YToxOntzOjU6Imdyb3VwIjtzOjc6ImNvbnRlbnQiO30=','2017-11-01 10:59:54'),(458,0,0,'insert','redAlderGreatDane','YToxOntzOjU6Imdyb3VwIjtzOjg6InByZXN0YXNpIjt9','2017-11-01 11:03:36'),(459,0,0,'insert','redAlderGreatDane','YToxOntzOjU6Imdyb3VwIjtzOjg6InByZXN0YXNpIjt9','2017-11-01 11:04:36'),(460,0,0,'update','redAlderGreatDane','YToxOntzOjU6Imdyb3VwIjtzOjE2OiJnb29kY29ycG9yYXRlZ292Ijt9','2017-11-01 11:12:18'),(461,0,0,'update','redAlderGreatDane','YToyOntzOjU6Imdyb3VwIjtzOjQ6Im1lbnUiO3M6NDoiaXRlbSI7czo0OiJIb21lIjt9','2017-11-01 11:13:15'),(462,0,0,'update','redAlderGreatDane','YToxOntzOjU6Imdyb3VwIjtzOjU6InNsaWRlIjt9','2017-11-02 04:19:11'),(463,0,0,'update','redAlderGreatDane','YToxOntzOjU6Imdyb3VwIjtzOjU6InNsaWRlIjt9','2017-11-02 04:19:29'),(464,0,0,'update','redAlderGreatDane','YToyOntzOjU6Imdyb3VwIjtzOjQ6Im1lbnUiO3M6NDoiaXRlbSI7czo0OiJIb21lIjt9','2017-11-02 04:26:14'),(465,0,0,'update','redAlderGreatDane','YToxOntzOjU6Imdyb3VwIjtzOjc6ImxheWFuYW4iO30=','2017-11-02 04:28:11'),(466,0,0,'insert','redAlderGreatDane','YToxOntzOjU6Imdyb3VwIjtzOjc6InNlY3Rpb24iO30=','2017-11-02 04:30:46'),(467,0,0,'update','redAlderGreatDane','YToxOntzOjU6Imdyb3VwIjtzOjE0OiJmb3JtX3BlbmdhanVhbiI7fQ==','2017-11-02 04:31:06'),(468,0,10,'update','superadmin','YToyOntzOjU6Imdyb3VwIjtzOjY6InN5c3RlbSI7czo0OiJpdGVtIjtzOjE0OiJjb25maWd1cmF0aW9ucyI7fQ==','2017-11-02 05:45:22'),(469,0,0,'update','redAlderGreatDane','YToxOntzOjU6Imdyb3VwIjtzOjc6ImNvbnRlbnQiO30=','2017-11-02 06:35:27'),(470,0,0,'update','redAlderGreatDane','YToxOntzOjU6Imdyb3VwIjtzOjc6ImNvbnRlbnQiO30=','2017-11-02 06:37:58'),(471,0,0,'update','redAlderGreatDane','YToxOntzOjU6Imdyb3VwIjtzOjE4OiJjb250ZW50X2tyZWRpdHBsdXMiO30=','2017-11-02 07:15:48'),(472,0,0,'update','redAlderGreatDane','YToxOntzOjU6Imdyb3VwIjtzOjE4OiJjb250ZW50X2tyZWRpdHBsdXMiO30=','2017-11-02 07:16:40'),(473,0,0,'update','redAlderGreatDane','YToxOntzOjU6Imdyb3VwIjtzOjU6InNsaWRlIjt9','2017-11-02 07:19:48'),(474,0,0,'update','redAlderGreatDane','YToxOntzOjU6Imdyb3VwIjtzOjU6InNsaWRlIjt9','2017-11-02 07:21:35'),(475,0,0,'insert','redAlderGreatDane','YToxOntzOjU6Imdyb3VwIjtzOjk6ImluZm9ybWFzaSI7fQ==','2017-11-02 07:31:24'),(476,0,0,'insert','redAlderGreatDane','YToxOntzOjU6Imdyb3VwIjtzOjk6ImluZm9ybWFzaSI7fQ==','2017-11-02 07:34:27'),(477,0,0,'insert','redAlderGreatDane','YToxOntzOjU6Imdyb3VwIjtzOjk6ImluZm9ybWFzaSI7fQ==','2017-11-02 07:36:14'),(478,0,10,'update','superadmin','YToyOntzOjU6Imdyb3VwIjtzOjY6InN5c3RlbSI7czo0OiJpdGVtIjtzOjE0OiJjb25maWd1cmF0aW9ucyI7fQ==','2017-11-02 08:38:33'),(479,0,10,'update','superadmin','YToyOntzOjU6Imdyb3VwIjtzOjQ6Im1lbnUiO3M6NDoiaXRlbSI7czo0OiJIb21lIjt9','2017-11-02 08:50:14'),(480,0,10,'update','superadmin','YToyOntzOjU6Imdyb3VwIjtzOjQ6Im1lbnUiO3M6NDoiaXRlbSI7czo4OiJBYm91dCBVcyI7fQ==','2017-11-02 08:50:32'),(481,0,10,'update','superadmin','YToyOntzOjU6Imdyb3VwIjtzOjQ6Im1lbnUiO3M6NDoiaXRlbSI7czoxNToiS3JlZGl0cGx1c2t1IEVOIjt9','2017-11-02 08:50:43'),(482,0,10,'update','superadmin','YToyOntzOjU6Imdyb3VwIjtzOjQ6Im1lbnUiO3M6NDoiaXRlbSI7czoxMToiSW5mb3JtYXRpb24iO30=','2017-11-02 08:50:49'),(483,0,10,'update','superadmin','YToyOntzOjU6Imdyb3VwIjtzOjQ6Im1lbnUiO3M6NDoiaXRlbSI7czoxNzoiSEkhIEtSRURJVFBMVVMgRU4iO30=','2017-11-02 08:50:54'),(484,0,10,'update','superadmin','YToyOntzOjU6Imdyb3VwIjtzOjQ6Im1lbnUiO3M6NDoiaXRlbSI7czo3OiJDYXJlZXJzIjt9','2017-11-02 08:51:34'),(485,0,10,'update','superadmin','YToyOntzOjU6Imdyb3VwIjtzOjQ6Im1lbnUiO3M6NDoiaXRlbSI7czo3OiJQcm9kdWN0Ijt9','2017-11-02 08:53:00'),(486,0,10,'update','superadmin','YToyOntzOjU6Imdyb3VwIjtzOjY6InN5c3RlbSI7czo0OiJpdGVtIjtzOjE0OiJjb25maWd1cmF0aW9ucyI7fQ==','2017-11-02 08:53:25'),(487,0,10,'update','superadmin','YToyOntzOjU6Imdyb3VwIjtzOjQ6Im1lbnUiO3M6NDoiaXRlbSI7czo0OiJIb21lIjt9','2017-11-02 08:54:50'),(488,0,10,'update','superadmin','YToyOntzOjU6Imdyb3VwIjtzOjY6InN5c3RlbSI7czo0OiJpdGVtIjtzOjE0OiJjb25maWd1cmF0aW9ucyI7fQ==','2017-11-02 08:56:47'),(489,0,10,'update','superadmin','YToyOntzOjU6Imdyb3VwIjtzOjY6InN5c3RlbSI7czo0OiJpdGVtIjtzOjE0OiJjb25maWd1cmF0aW9ucyI7fQ==','2017-11-02 08:56:57'),(490,0,10,'update','superadmin','YToyOntzOjU6Imdyb3VwIjtzOjY6InN5c3RlbSI7czo0OiJpdGVtIjtzOjE0OiJjb25maWd1cmF0aW9ucyI7fQ==','2017-11-02 08:57:06'),(491,0,10,'update','superadmin','YToyOntzOjU6Imdyb3VwIjtzOjY6InN5c3RlbSI7czo0OiJpdGVtIjtzOjE0OiJjb25maWd1cmF0aW9ucyI7fQ==','2017-11-02 08:57:14'),(492,0,10,'insert','superadmin','YToyOntzOjQ6Iml0ZW0iO3M6MzoiY3V0IjtzOjU6Imdyb3VwIjtzOjU6ImFkbWluIjt9','2017-11-02 09:02:59'),(493,0,10,'deactivated','superadmin','YToyOntzOjQ6Iml0ZW0iO3M6MzoiY3V0IjtzOjU6Imdyb3VwIjtzOjU6ImFkbWluIjt9','2017-11-02 09:15:11'),(494,0,10,'activated','superadmin','YToyOntzOjQ6Iml0ZW0iO3M6MzoiY3V0IjtzOjU6Imdyb3VwIjtzOjU6ImFkbWluIjt9','2017-11-02 09:15:22'),(495,0,0,'update','redAlderGreatDane','YToyOntzOjU6Imdyb3VwIjtzOjQ6Im1lbnUiO3M6NDoiaXRlbSI7czo3OiJDYXJlZXJzIjt9','2017-11-02 09:31:40'),(496,0,10,'update','superadmin','YToyOntzOjQ6Iml0ZW0iO3M6ODoidXNlcm5hbWUiO3M6NToiZ3JvdXAiO3M6NToiYWRtaW4iO30=','2017-11-02 10:17:45'),(497,0,10,'delete','superadmin','YToyOntzOjQ6Iml0ZW0iO3M6MzoiY3V0IjtzOjU6Imdyb3VwIjtzOjU6ImFkbWluIjt9','2017-11-02 10:18:03'),(498,0,10,'insert','superadmin','YToyOntzOjQ6Iml0ZW0iO3M6MzoiY3V0IjtzOjU6Imdyb3VwIjtzOjU6ImFkbWluIjt9','2017-11-02 10:24:58'),(499,0,10,'insert','superadmin','YToyOntzOjU6Imdyb3VwIjtzOjQ6InJvbGUiO3M6NDoiaXRlbSI7czo3OiJ0ZXN0aW5nIjt9','2017-11-02 10:26:53'),(500,0,10,'update','superadmin','YToyOntzOjU6Imdyb3VwIjtzOjQ6InJvbGUiO3M6NDoiaXRlbSI7czo4OiJ0ZXN0aW5nMSI7fQ==','2017-11-02 10:29:58'),(501,0,10,'update','superadmin','YToyOntzOjU6Imdyb3VwIjtzOjQ6InJvbGUiO3M6NDoiaXRlbSI7czo3OiJ0ZXN0aW5nIjt9','2017-11-02 10:30:06'),(502,0,10,'update','superadmin','YToyOntzOjQ6Iml0ZW0iO3M6ODoidXNlcm5hbWUiO3M6NToiZ3JvdXAiO3M6NToiYWRtaW4iO30=','2017-11-02 10:30:13'),(503,0,10,'update','superadmin','YToyOntzOjU6Imdyb3VwIjtzOjQ6InJvbGUiO3M6NDoiaXRlbSI7czo3OiJ0ZXN0aW5nIjt9','2017-11-02 10:30:50'),(504,0,10,'update','superadmin','YToyOntzOjU6Imdyb3VwIjtzOjQ6InJvbGUiO3M6NDoiaXRlbSI7czo3OiJ0ZXN0aW5nIjt9','2017-11-02 10:30:56'),(505,0,10,'update','superadmin','YToyOntzOjU6Imdyb3VwIjtzOjQ6InJvbGUiO3M6NDoiaXRlbSI7czo3OiJ0ZXN0aW5nIjt9','2017-11-02 10:31:08'),(506,0,10,'update','superadmin','YToyOntzOjU6Imdyb3VwIjtzOjQ6InJvbGUiO3M6NDoiaXRlbSI7czo3OiJ0ZXN0aW5nIjt9','2017-11-02 10:31:17'),(507,0,0,'insert','redAlderGreatDane','YToxOntzOjU6Imdyb3VwIjtzOjc6InNlY3Rpb24iO30=','2017-11-02 11:52:19'),(508,0,0,'update','redAlderGreatDane','YToxOntzOjU6Imdyb3VwIjtzOjg6InNpbXVsYXNpIjt9','2017-11-02 11:52:39'),(509,0,0,'update','redAlderGreatDane','YToxOntzOjU6Imdyb3VwIjtzOjg6InNpbXVsYXNpIjt9','2017-11-02 11:52:51'),(510,0,10,'insert','superadmin','YToyOntzOjU6Imdyb3VwIjtzOjQ6Im1lbnUiO3M6NDoiaXRlbSI7czo1OiJUaXRsZSI7fQ==','2017-11-03 01:07:42'),(511,0,10,'insert','superadmin','YToxOntzOjU6Imdyb3VwIjtzOjU6InNsaWRlIjt9','2017-11-03 02:58:32'),(512,0,10,'update','superadmin','YToxOntzOjU6Imdyb3VwIjtzOjU6InNsaWRlIjt9','2017-11-03 02:59:53'),(513,0,10,'delete','superadmin','YToxOntzOjU6Imdyb3VwIjtzOjU6InNsaWRlIjt9','2017-11-03 03:00:28'),(514,0,10,'deactivated','superadmin','YToyOntzOjU6Imdyb3VwIjtzOjQ6Im1lbnUiO3M6NDoiaXRlbSI7czo1OiJUaXRsZSI7fQ==','2017-11-03 03:00:40'),(515,0,10,'activated','superadmin','YToyOntzOjU6Imdyb3VwIjtzOjQ6Im1lbnUiO3M6NDoiaXRlbSI7czo1OiJUaXRsZSI7fQ==','2017-11-03 03:01:03'),(516,0,10,'delete','superadmin','YToyOntzOjU6Imdyb3VwIjtzOjQ6Im1lbnUiO3M6NDoiaXRlbSI7czo1OiJUaXRsZSI7fQ==','2017-11-03 03:02:09'),(517,0,10,'insert','superadmin','YToyOntzOjU6Imdyb3VwIjtzOjQ6Im1lbnUiO3M6NDoiaXRlbSI7czoxMToiUGFyZW50IE1lbnUiO30=','2017-11-03 05:00:51'),(518,0,10,'update','superadmin','YToyOntzOjU6Imdyb3VwIjtzOjQ6Im1lbnUiO3M6NDoiaXRlbSI7czo2OiJQYXJlbnQiO30=','2017-11-03 05:01:18'),(519,0,10,'update','superadmin','YToyOntzOjU6Imdyb3VwIjtzOjQ6Im1lbnUiO3M6NDoiaXRlbSI7czozOiJQYXIiO30=','2017-11-03 05:01:42'),(520,0,10,'insert','superadmin','YToxOntzOjU6Imdyb3VwIjtzOjY6ImJhbm5lciI7fQ==','2017-11-03 05:04:34'),(521,0,10,'update','superadmin','YToxOntzOjU6Imdyb3VwIjtzOjY6ImJhbm5lciI7fQ==','2017-11-03 05:05:16'),(522,0,10,'delete','superadmin','YToxOntzOjU6Imdyb3VwIjtzOjY6ImJhbm5lciI7fQ==','2017-11-03 05:05:28'),(523,0,10,'insert','superadmin','YToxOntzOjU6Imdyb3VwIjtzOjY6ImJhbm5lciI7fQ==','2017-11-03 05:05:39'),(524,0,10,'update','superadmin','YToyOntzOjU6Imdyb3VwIjtzOjQ6Im1lbnUiO3M6NDoiaXRlbSI7czozOiJQYXIiO30=','2017-11-03 05:10:51'),(525,0,10,'insert','superadmin','YToxOntzOjU6Imdyb3VwIjtzOjc6ImxheWFuYW4iO30=','2017-11-03 05:13:09'),(526,0,10,'insert','superadmin','YToxOntzOjU6Imdyb3VwIjtzOjU6InNsaWRlIjt9','2017-11-03 05:16:45'),(527,0,10,'delete','superadmin','YToxOntzOjU6Imdyb3VwIjtzOjc6ImxheWFuYW4iO30=','2017-11-03 05:20:57'),(528,0,10,'update','superadmin','YToxOntzOjU6Imdyb3VwIjtzOjc6ImxheWFuYW4iO30=','2017-11-03 05:21:48'),(529,0,10,'update','superadmin','YToxOntzOjU6Imdyb3VwIjtzOjc6ImxheWFuYW4iO30=','2017-11-03 05:23:57'),(530,0,10,'update','superadmin','YToyOntzOjU6Imdyb3VwIjtzOjQ6Im1lbnUiO3M6NDoiaXRlbSI7czozOiJQYXIiO30=','2017-11-03 05:58:58'),(531,0,10,'delete','superadmin','YToxOntzOjU6Imdyb3VwIjtzOjY6InByb2R1ayI7fQ==','2017-11-03 07:46:07'),(532,0,10,'delete','superadmin','YToyOntzOjU6Imdyb3VwIjtzOjQ6Im1lbnUiO3M6NDoiaXRlbSI7czozOiJQYXIiO30=','2017-11-03 07:46:48'),(533,0,10,'insert','superadmin','YToyOntzOjU6Imdyb3VwIjtzOjQ6Im1lbnUiO3M6NDoiaXRlbSI7czo1OiJUaXRsZSI7fQ==','2017-11-03 08:14:42'),(534,0,10,'insert','superadmin','YToxOntzOjU6Imdyb3VwIjtzOjc6ImNvbnRlbnQiO30=','2017-11-03 08:26:44'),(535,0,10,'insert','superadmin','YToxOntzOjU6Imdyb3VwIjtzOjY6ImJhbm5lciI7fQ==','2017-11-03 08:27:13'),(536,0,10,'delete','superadmin','YToxOntzOjU6Imdyb3VwIjtzOjc6ImNvbnRlbnQiO30=','2017-11-03 08:51:56'),(537,0,10,'update','superadmin','YToyOntzOjU6Imdyb3VwIjtzOjQ6Im1lbnUiO3M6NDoiaXRlbSI7czo1OiJUaXRsZSI7fQ==','2017-11-03 09:07:23'),(538,0,10,'update','superadmin','YToxOntzOjU6Imdyb3VwIjtzOjY6ImJhbm5lciI7fQ==','2017-11-03 09:08:17'),(539,0,10,'insert','superadmin','YToxOntzOjU6Imdyb3VwIjtzOjg6InByZXN0YXNpIjt9','2017-11-03 09:10:20'),(540,0,10,'update','superadmin','YToxOntzOjU6Imdyb3VwIjtzOjg6InByZXN0YXNpIjt9','2017-11-03 09:12:01'),(541,0,10,'update','superadmin','YToyOntzOjU6Imdyb3VwIjtzOjQ6Im1lbnUiO3M6NDoiaXRlbSI7czo1OiJUaXRsZSI7fQ==','2017-11-03 09:13:38'),(542,0,10,'update','superadmin','YToxOntzOjU6Imdyb3VwIjtzOjY6ImJhbm5lciI7fQ==','2017-11-03 09:14:08'),(543,0,10,'insert','superadmin','YToxOntzOjU6Imdyb3VwIjtzOjg6InZpc2ltaXNpIjt9','2017-11-03 09:27:40'),(544,0,10,'update','superadmin','YToxOntzOjU6Imdyb3VwIjtzOjg6InZpc2ltaXNpIjt9','2017-11-03 09:30:19'),(545,0,10,'update','superadmin','YToxOntzOjU6Imdyb3VwIjtzOjg6InZpc2ltaXNpIjt9','2017-11-03 09:30:55'),(546,0,10,'delete','superadmin','YToxOntzOjU6Imdyb3VwIjtzOjg6InZpc2ltaXNpIjt9','2017-11-03 09:40:15'),(547,0,10,'update','superadmin','YToyOntzOjU6Imdyb3VwIjtzOjY6InN5c3RlbSI7czo0OiJpdGVtIjtzOjE0OiJjb25maWd1cmF0aW9ucyI7fQ==','2017-11-03 10:00:36'),(548,0,10,'update','superadmin','YToyOntzOjU6Imdyb3VwIjtzOjQ6Im1lbnUiO3M6NDoiaXRlbSI7czo1OiJUaXRsZSI7fQ==','2017-11-03 10:04:54'),(549,0,10,'update','superadmin','YToxOntzOjU6Imdyb3VwIjtzOjY6ImJhbm5lciI7fQ==','2017-11-03 10:06:39'),(550,0,10,'insert','superadmin','YToxOntzOjU6Imdyb3VwIjtzOjEwOiJtYW5hZ2VtZW50Ijt9','2017-11-03 10:07:16'),(551,0,10,'update','superadmin','YToxOntzOjU6Imdyb3VwIjtzOjEwOiJtYW5hZ2VtZW50Ijt9','2017-11-03 10:09:34'),(552,0,10,'delete','superadmin','YToxOntzOjU6Imdyb3VwIjtzOjEwOiJtYW5hZ2VtZW50Ijt9','2017-11-03 10:09:45'),(553,0,10,'update','superadmin','YToyOntzOjU6Imdyb3VwIjtzOjQ6Im1lbnUiO3M6NDoiaXRlbSI7czo1OiJUaXRsZSI7fQ==','2017-11-03 10:10:46'),(554,0,10,'delete','superadmin','YToxOntzOjU6Imdyb3VwIjtzOjg6InByZXN0YXNpIjt9','2017-11-03 10:11:01'),(555,0,10,'update','superadmin','YToyOntzOjU6Imdyb3VwIjtzOjQ6Im1lbnUiO3M6NDoiaXRlbSI7czo1OiJUaXRsZSI7fQ==','2017-11-03 10:11:19'),(556,0,10,'update','superadmin','YToxOntzOjU6Imdyb3VwIjtzOjY6ImJhbm5lciI7fQ==','2017-11-03 10:11:33'),(557,0,10,'insert','superadmin','YToxOntzOjU6Imdyb3VwIjtzOjE2OiJnb29kY29ycG9yYXRlZ292Ijt9','2017-11-03 10:12:09'),(558,0,10,'update','superadmin','YToyOntzOjU6Imdyb3VwIjtzOjQ6Im1lbnUiO3M6NDoiaXRlbSI7czoxMDoiTWFuYWdlbWVudCI7fQ==','2017-11-03 10:16:50'),(559,0,10,'update','superadmin','YToxOntzOjU6Imdyb3VwIjtzOjY6ImJhbm5lciI7fQ==','2017-11-03 10:17:35'),(560,0,10,'update','superadmin','YToyOntzOjU6Imdyb3VwIjtzOjQ6Im1lbnUiO3M6NDoiaXRlbSI7czoxMDoiTWFuYWdlbWVudCI7fQ==','2017-11-03 10:20:08'),(561,0,10,'update','superadmin','YToxOntzOjU6Imdyb3VwIjtzOjY6ImJhbm5lciI7fQ==','2017-11-03 10:20:24'),(562,0,10,'insert','superadmin','YToxOntzOjU6Imdyb3VwIjtzOjg6InByZXN0YXNpIjt9','2017-11-06 03:37:16'),(563,0,10,'delete','superadmin','YToxOntzOjU6Imdyb3VwIjtzOjE2OiJnb29kY29ycG9yYXRlZ292Ijt9','2017-11-06 03:42:34'),(564,0,10,'insert','superadmin','YToxOntzOjU6Imdyb3VwIjtzOjE2OiJnb29kY29ycG9yYXRlZ292Ijt9','2017-11-06 03:56:51'),(565,0,10,'update','superadmin','YToxOntzOjU6Imdyb3VwIjtzOjE2OiJnb29kY29ycG9yYXRlZ292Ijt9','2017-11-06 03:57:33'),(566,0,10,'delete','superadmin','YToxOntzOjU6Imdyb3VwIjtzOjE2OiJnb29kY29ycG9yYXRlZ292Ijt9','2017-11-06 03:57:48'),(567,0,10,'update','superadmin','YToyOntzOjU6Imdyb3VwIjtzOjQ6Im1lbnUiO3M6NDoiaXRlbSI7czo1OiJUaXRsZSI7fQ==','2017-11-06 03:59:05'),(568,0,10,'update','superadmin','YToxOntzOjU6Imdyb3VwIjtzOjY6ImJhbm5lciI7fQ==','2017-11-06 03:59:40'),(569,0,10,'insert','superadmin','YToxOntzOjU6Imdyb3VwIjtzOjE0OiJjb250ZW50X3Byb2R1ayI7fQ==','2017-11-06 04:00:19'),(570,0,10,'update','superadmin','YToxOntzOjU6Imdyb3VwIjtzOjE0OiJjb250ZW50X3Byb2R1ayI7fQ==','2017-11-06 04:54:31'),(571,0,10,'update','superadmin','YToxOntzOjU6Imdyb3VwIjtzOjE0OiJjb250ZW50X3Byb2R1ayI7fQ==','2017-11-06 04:56:25'),(572,0,10,'update','superadmin','YToxOntzOjU6Imdyb3VwIjtzOjE0OiJjb250ZW50X3Byb2R1ayI7fQ==','2017-11-06 04:56:41'),(573,0,10,'update','superadmin','YToxOntzOjU6Imdyb3VwIjtzOjE0OiJjb250ZW50X3Byb2R1ayI7fQ==','2017-11-06 04:56:56'),(574,0,10,'update','superadmin','YToxOntzOjU6Imdyb3VwIjtzOjE0OiJjb250ZW50X3Byb2R1ayI7fQ==','2017-11-06 04:57:14'),(575,0,10,'update','superadmin','YToxOntzOjU6Imdyb3VwIjtzOjE0OiJjb250ZW50X3Byb2R1ayI7fQ==','2017-11-06 04:57:53'),(576,0,10,'update','superadmin','YToxOntzOjU6Imdyb3VwIjtzOjE0OiJjb250ZW50X3Byb2R1ayI7fQ==','2017-11-06 05:47:24'),(577,0,10,'update','superadmin','YToxOntzOjU6Imdyb3VwIjtzOjE0OiJjb250ZW50X3Byb2R1ayI7fQ==','2017-11-06 05:47:58'),(578,0,10,'update','superadmin','YToyOntzOjU6Imdyb3VwIjtzOjQ6Im1lbnUiO3M6NDoiaXRlbSI7czo1OiJUaXRsZSI7fQ==','2017-11-06 06:26:18'),(579,0,10,'insert','superadmin','YToxOntzOjU6Imdyb3VwIjtzOjE4OiJjb250ZW50X2tyZWRpdHBsdXMiO30=','2017-11-06 06:30:15'),(580,0,10,'update','superadmin','YToxOntzOjU6Imdyb3VwIjtzOjY6ImJhbm5lciI7fQ==','2017-11-06 06:55:52'),(581,0,10,'update','superadmin','YToxOntzOjU6Imdyb3VwIjtzOjE4OiJjb250ZW50X2tyZWRpdHBsdXMiO30=','2017-11-06 06:56:28'),(582,0,10,'update','superadmin','YToxOntzOjU6Imdyb3VwIjtzOjE4OiJjb250ZW50X2tyZWRpdHBsdXMiO30=','2017-11-06 06:56:45'),(583,0,10,'update','superadmin','YToyOntzOjU6Imdyb3VwIjtzOjQ6Im1lbnUiO3M6NDoiaXRlbSI7czozOiJHQ0ciO30=','2017-11-06 07:00:19'),(584,0,10,'update','superadmin','YToyOntzOjU6Imdyb3VwIjtzOjQ6Im1lbnUiO3M6NDoiaXRlbSI7czo1OiJUaXRsZSI7fQ==','2017-11-06 07:04:41'),(585,0,10,'insert','superadmin','YToxOntzOjU6Imdyb3VwIjtzOjk6ImluZm9ybWFzaSI7fQ==','2017-11-06 07:07:43'),(586,0,10,'update','superadmin','YToxOntzOjU6Imdyb3VwIjtzOjk6ImluZm9ybWFzaSI7fQ==','2017-11-06 07:09:39'),(587,0,10,'update','superadmin','YToxOntzOjU6Imdyb3VwIjtzOjk6ImluZm9ybWFzaSI7fQ==','2017-11-06 07:10:19'),(588,0,10,'update','superadmin','YToxOntzOjU6Imdyb3VwIjtzOjY6ImJhbm5lciI7fQ==','2017-11-06 07:45:14'),(589,0,0,'update','redAlderGreatDane','YToxOntzOjU6Imdyb3VwIjtzOjY6ImZvb3RlciI7fQ==','2017-11-06 08:28:09'),(590,0,0,'update','redAlderGreatDane','YToxOntzOjU6Imdyb3VwIjtzOjk6ImluZm9ybWFzaSI7fQ==','2017-11-06 08:37:25'),(591,0,0,'update','redAlderGreatDane','YToxOntzOjU6Imdyb3VwIjtzOjk6ImluZm9ybWFzaSI7fQ==','2017-11-06 08:37:40'),(592,0,0,'update','redAlderGreatDane','YToxOntzOjU6Imdyb3VwIjtzOjk6ImluZm9ybWFzaSI7fQ==','2017-11-06 08:38:21'),(593,0,0,'update','redAlderGreatDane','YToxOntzOjU6Imdyb3VwIjtzOjk6ImluZm9ybWFzaSI7fQ==','2017-11-06 08:38:39'),(594,0,10,'update','superadmin','YToxOntzOjU6Imdyb3VwIjtzOjk6ImluZm9ybWFzaSI7fQ==','2017-11-06 09:39:29'),(595,0,10,'update','superadmin','YToxOntzOjU6Imdyb3VwIjtzOjk6ImluZm9ybWFzaSI7fQ==','2017-11-06 09:40:57'),(596,0,10,'delete','superadmin','YToxOntzOjU6Imdyb3VwIjtzOjk6ImluZm9ybWFzaSI7fQ==','2017-11-06 09:41:22'),(597,0,10,'insert','superadmin','YToxOntzOjU6Imdyb3VwIjtzOjk6ImluZm9ybWFzaSI7fQ==','2017-11-06 09:41:49'),(598,0,10,'update','superadmin','YToxOntzOjU6Imdyb3VwIjtzOjc6ImNvbnRhY3QiO30=','2017-11-06 09:43:07'),(599,0,10,'update','superadmin','YToxOntzOjU6Imdyb3VwIjtzOjc6ImNvbnRhY3QiO30=','2017-11-06 09:43:35'),(600,0,10,'update','superadmin','YToxOntzOjU6Imdyb3VwIjtzOjc6ImNvbnRhY3QiO30=','2017-11-06 09:44:34'),(601,0,10,'update','superadmin','YToxOntzOjU6Imdyb3VwIjtzOjc6ImNvbnRhY3QiO30=','2017-11-06 09:49:08'),(602,0,10,'update','superadmin','YToxOntzOjU6Imdyb3VwIjtzOjc6ImNvbnRhY3QiO30=','2017-11-06 09:50:39'),(603,0,10,'update','superadmin','YToxOntzOjU6Imdyb3VwIjtzOjc6ImNvbnRhY3QiO30=','2017-11-06 09:51:03'),(604,0,10,'delete','superadmin','YToxOntzOjU6Imdyb3VwIjtzOjc6ImNvbnRhY3QiO30=','2017-11-06 09:51:12'),(605,0,10,'insert','superadmin','YToxOntzOjU6Imdyb3VwIjtzOjc6ImNvbnRhY3QiO30=','2017-11-06 09:52:37'),(606,0,10,'insert','superadmin','YToxOntzOjU6Imdyb3VwIjtzOjY6ImNhYmFuZyI7fQ==','2017-11-06 10:29:02'),(607,0,10,'update','superadmin','YToxOntzOjU6Imdyb3VwIjtzOjY6ImNhYmFuZyI7fQ==','2017-11-06 10:29:35'),(608,0,10,'delete','superadmin','YToxOntzOjU6Imdyb3VwIjtzOjY6ImNhYmFuZyI7fQ==','2017-11-06 10:29:55'),(609,0,10,'insert','superadmin','YToxOntzOjU6Imdyb3VwIjtzOjU6ImthcmlyIjt9','2017-11-06 10:46:25'),(610,0,10,'delete','superadmin','YToxOntzOjU6Imdyb3VwIjtzOjU6ImthcmlyIjt9','2017-11-07 03:03:27'),(611,0,10,'update','superadmin','YToxOntzOjU6Imdyb3VwIjtzOjE2OiJrcmVkaXRwbHVzX2thcmlyIjt9','2017-11-07 03:05:25'),(612,0,10,'insert','superadmin','YToxOntzOjU6Imdyb3VwIjtzOjU6ImJyYW5kIjt9','2017-11-07 05:03:41'),(613,0,10,'update','superadmin','YToxOntzOjU6Imdyb3VwIjtzOjU6ImJyYW5kIjt9','2017-11-07 05:04:01'),(614,0,10,'delete','superadmin','YToxOntzOjU6Imdyb3VwIjtzOjU6ImJyYW5kIjt9','2017-11-07 05:04:12'),(615,0,10,'update','superadmin','YToxOntzOjU6Imdyb3VwIjtzOjU6ImJyYW5kIjt9','2017-11-07 05:05:08'),(616,0,10,'insert','superadmin','YToxOntzOjU6Imdyb3VwIjtzOjQ6ImFyZWEiO30=','2017-11-07 05:05:48'),(617,0,10,'update','superadmin','YToxOntzOjU6Imdyb3VwIjtzOjQ6ImFyZWEiO30=','2017-11-07 05:06:02'),(618,0,10,'delete','superadmin','YToxOntzOjU6Imdyb3VwIjtzOjQ6ImFyZWEiO30=','2017-11-07 05:06:14'),(619,0,10,'update','superadmin','YToxOntzOjU6Imdyb3VwIjtzOjE0OiJmb3JtX3BlbmdhanVhbiI7fQ==','2017-11-07 05:10:06'),(620,0,10,'update','superadmin','YToxOntzOjU6Imdyb3VwIjtzOjc6ImNvbnRlbnQiO30=','2017-11-07 09:06:34'),(621,0,0,'insert','redAlderGreatDane','YToxOntzOjU6Imdyb3VwIjtzOjY6ImNhYmFuZyI7fQ==','2017-11-08 05:51:07'),(622,0,0,'insert','redAlderGreatDane','YToxOntzOjU6Imdyb3VwIjtzOjc6InNlY3Rpb24iO30=','2017-11-08 05:59:36'),(623,0,0,'insert','redAlderGreatDane','YToxOntzOjU6Imdyb3VwIjtzOjc6InNlY3Rpb24iO30=','2017-11-08 06:00:36'),(624,0,0,'insert','redAlderGreatDane','YToxOntzOjU6Imdyb3VwIjtzOjc6ImNvbnRlbnQiO30=','2017-11-08 06:00:53'),(625,0,0,'update','redAlderGreatDane','YToxOntzOjU6Imdyb3VwIjtzOjc6ImxheWFuYW4iO30=','2017-11-08 06:08:47'),(626,0,0,'update','redAlderGreatDane','YToxOntzOjU6Imdyb3VwIjtzOjc6ImxheWFuYW4iO30=','2017-11-08 06:08:47'),(627,0,0,'update','redAlderGreatDane','YToxOntzOjU6Imdyb3VwIjtzOjU6InNsaWRlIjt9','2017-11-08 06:16:19'),(628,0,0,'update','redAlderGreatDane','YToxOntzOjU6Imdyb3VwIjtzOjU6InNsaWRlIjt9','2017-11-08 06:16:19'),(629,0,0,'update','redAlderGreatDane','YToxOntzOjU6Imdyb3VwIjtzOjU6InNsaWRlIjt9','2017-11-08 06:16:42'),(630,0,0,'update','redAlderGreatDane','YToxOntzOjU6Imdyb3VwIjtzOjU6InNsaWRlIjt9','2017-11-08 06:16:42'),(631,0,0,'update','redAlderGreatDane','YToxOntzOjU6Imdyb3VwIjtzOjE0OiJmb3JtX3BlbmdhanVhbiI7fQ==','2017-11-08 06:35:10'),(632,0,0,'update','redAlderGreatDane','YToxOntzOjU6Imdyb3VwIjtzOjg6InZpc2ltaXNpIjt9','2017-11-08 06:48:19'),(633,0,0,'update','redAlderGreatDane','YToxOntzOjU6Imdyb3VwIjtzOjg6InByZXN0YXNpIjt9','2017-11-08 06:51:46'),(634,0,0,'update','redAlderGreatDane','YToxOntzOjU6Imdyb3VwIjtzOjg6InByZXN0YXNpIjt9','2017-11-08 06:51:46'),(635,0,0,'insert','redAlderGreatDane','YToxOntzOjU6Imdyb3VwIjtzOjc6InNlY3Rpb24iO30=','2017-11-08 09:04:50'),(636,0,0,'update','redAlderGreatDane','YToxOntzOjU6Imdyb3VwIjtzOjc6InNwb25zb3IiO30=','2017-11-08 09:05:04'),(637,0,0,'insert','redAlderGreatDane','YToxOntzOjU6Imdyb3VwIjtzOjc6InNlY3Rpb24iO30=','2017-11-08 09:05:57'),(638,0,0,'update','redAlderGreatDane','YToxOntzOjU6Imdyb3VwIjtzOjExOiJtaW5pX2Jhbm5lciI7fQ==','2017-11-08 09:06:45'),(639,0,0,'update','redAlderGreatDane','YToxOntzOjU6Imdyb3VwIjtzOjExOiJtaW5pX2Jhbm5lciI7fQ==','2017-11-08 09:06:59'),(640,0,0,'update','redAlderGreatDane','YToxOntzOjU6Imdyb3VwIjtzOjExOiJtaW5pX2Jhbm5lciI7fQ==','2017-11-08 09:06:59'),(641,0,0,'update','redAlderGreatDane','YToxOntzOjU6Imdyb3VwIjtzOjExOiJtaW5pX2Jhbm5lciI7fQ==','2017-11-08 09:07:13'),(642,0,0,'update','redAlderGreatDane','YToxOntzOjU6Imdyb3VwIjtzOjY6ImZvb3RlciI7fQ==','2017-11-08 12:05:05'),(643,0,0,'update','redAlderGreatDane','YToxOntzOjU6Imdyb3VwIjtzOjE0OiJmb3JtX3BlbmdhanVhbiI7fQ==','2017-11-08 12:36:59'),(644,0,0,'delete','redAlderGreatDane','YToxOntzOjU6Imdyb3VwIjtzOjc6InNlY3Rpb24iO30=','2017-11-08 13:21:25'),(645,0,0,'delete','redAlderGreatDane','YToxOntzOjU6Imdyb3VwIjtzOjc6InNlY3Rpb24iO30=','2017-11-08 13:21:37'),(646,0,0,'delete','redAlderGreatDane','YToxOntzOjU6Imdyb3VwIjtzOjc6InNlY3Rpb24iO30=','2017-11-08 13:22:11'),(647,0,0,'insert','redAlderGreatDane','YToxOntzOjU6Imdyb3VwIjtzOjc6InNlY3Rpb24iO30=','2017-11-09 04:13:02'),(648,0,0,'insert','redAlderGreatDane','YToxOntzOjU6Imdyb3VwIjtzOjc6ImNvbnRlbnQiO30=','2017-11-09 04:13:25'),(649,0,0,'update','redAlderGreatDane','YToxOntzOjU6Imdyb3VwIjtzOjc6ImNvbnRlbnQiO30=','2017-11-09 04:14:07'),(650,0,0,'insert','redAlderGreatDane','YToxOntzOjU6Imdyb3VwIjtzOjQ6InR5cGUiO30=','2017-11-09 04:22:37'),(651,0,0,'insert','redAlderGreatDane','YToxOntzOjU6Imdyb3VwIjtzOjQ6InR5cGUiO30=','2017-11-09 04:22:45'),(652,0,0,'insert','redAlderGreatDane','YToxOntzOjU6Imdyb3VwIjtzOjEwOiJtYXBfY2FiYW5nIjt9','2017-11-09 04:31:46'),(653,0,0,'insert','redAlderGreatDane','YToxOntzOjU6Imdyb3VwIjtzOjEwOiJtYXBfY2FiYW5nIjt9','2017-11-09 04:31:46'),(654,0,0,'insert','redAlderGreatDane','YToxOntzOjU6Imdyb3VwIjtzOjU6ImJyYW5kIjt9','2017-11-09 04:42:11'),(655,0,10,'update','superadmin','YToyOntzOjU6Imdyb3VwIjtzOjY6InN5c3RlbSI7czo0OiJpdGVtIjtzOjE0OiJjb25maWd1cmF0aW9ucyI7fQ==','2017-11-09 05:10:36'),(656,0,10,'update','superadmin','YToyOntzOjU6Imdyb3VwIjtzOjY6InN5c3RlbSI7czo0OiJpdGVtIjtzOjE0OiJjb25maWd1cmF0aW9ucyI7fQ==','2017-11-09 05:14:33'),(657,0,10,'update','superadmin','YToyOntzOjU6Imdyb3VwIjtzOjY6InN5c3RlbSI7czo0OiJpdGVtIjtzOjE0OiJjb25maWd1cmF0aW9ucyI7fQ==','2017-11-09 05:14:50'),(658,0,10,'update','superadmin','YToyOntzOjU6Imdyb3VwIjtzOjY6InN5c3RlbSI7czo0OiJpdGVtIjtzOjE0OiJjb25maWd1cmF0aW9ucyI7fQ==','2017-11-09 05:18:53'),(659,0,10,'update','superadmin','YToxOntzOjU6Imdyb3VwIjtzOjY6ImZvb3RlciI7fQ==','2017-11-09 05:21:16'),(660,0,10,'update','superadmin','YToxOntzOjU6Imdyb3VwIjtzOjY6ImZvb3RlciI7fQ==','2017-11-09 05:23:02'),(661,0,10,'update','superadmin','YToyOntzOjU6Imdyb3VwIjtzOjY6InN5c3RlbSI7czo0OiJpdGVtIjtzOjE0OiJjb25maWd1cmF0aW9ucyI7fQ==','2017-11-09 05:24:53'),(662,0,10,'update','superadmin','YToyOntzOjU6Imdyb3VwIjtzOjY6InN5c3RlbSI7czo0OiJpdGVtIjtzOjE0OiJjb25maWd1cmF0aW9ucyI7fQ==','2017-11-09 05:26:05'),(663,0,10,'update','superadmin','YToyOntzOjU6Imdyb3VwIjtzOjY6InN5c3RlbSI7czo0OiJpdGVtIjtzOjE0OiJjb25maWd1cmF0aW9ucyI7fQ==','2017-11-09 05:28:10'),(664,0,10,'update','superadmin','YToyOntzOjQ6Iml0ZW0iO3M6ODoidXNlcm5hbWUiO3M6NToiZ3JvdXAiO3M6NToiYWRtaW4iO30=','2017-11-09 05:31:00'),(665,0,10,'deactivated','superadmin','YToyOntzOjQ6Iml0ZW0iO3M6MzoiY3V0IjtzOjU6Imdyb3VwIjtzOjU6ImFkbWluIjt9','2017-11-09 05:31:09'),(666,0,10,'deactivated','superadmin','YToyOntzOjU6Imdyb3VwIjtzOjQ6InJvbGUiO3M6NDoiaXRlbSI7czo3OiJ0ZXN0aW5nIjt9','2017-11-09 05:32:28'),(667,0,10,'activated','superadmin','YToyOntzOjQ6Iml0ZW0iO3M6MzoiY3V0IjtzOjU6Imdyb3VwIjtzOjU6ImFkbWluIjt9','2017-11-09 05:32:36'),(668,0,10,'activated','superadmin','YToyOntzOjU6Imdyb3VwIjtzOjQ6InJvbGUiO3M6NDoiaXRlbSI7czo3OiJ0ZXN0aW5nIjt9','2017-11-09 05:32:55'),(669,0,10,'update','superadmin','YToxOntzOjU6Imdyb3VwIjtzOjY6ImJhbm5lciI7fQ==','2017-11-09 05:39:56'),(670,0,10,'deactivated','superadmin','YToyOntzOjU6Imdyb3VwIjtzOjQ6Im1lbnUiO3M6NDoiaXRlbSI7czo1OiJUaXRsZSI7fQ==','2017-11-09 05:40:20'),(671,0,10,'update','superadmin','YToyOntzOjU6Imdyb3VwIjtzOjY6InN5c3RlbSI7czo0OiJpdGVtIjtzOjE0OiJjb25maWd1cmF0aW9ucyI7fQ==','2017-11-09 05:41:59'),(672,0,10,'update','superadmin','YToxOntzOjU6Imdyb3VwIjtzOjc6ImxheWFuYW4iO30=','2017-11-09 06:20:16'),(673,0,10,'update','superadmin','YToxOntzOjU6Imdyb3VwIjtzOjc6ImxheWFuYW4iO30=','2017-11-09 06:21:08'),(674,0,10,'update','superadmin','YToxOntzOjU6Imdyb3VwIjtzOjc6ImxheWFuYW4iO30=','2017-11-09 06:23:55'),(675,0,10,'update','superadmin','YToxOntzOjU6Imdyb3VwIjtzOjc6ImxheWFuYW4iO30=','2017-11-09 06:24:29'),(676,0,10,'update','superadmin','YToxOntzOjU6Imdyb3VwIjtzOjc6ImxheWFuYW4iO30=','2017-11-09 06:25:49'),(677,0,10,'delete','superadmin','YToxOntzOjU6Imdyb3VwIjtzOjU6InNsaWRlIjt9','2017-11-09 06:30:12'),(678,0,10,'insert','superadmin','YToxOntzOjU6Imdyb3VwIjtzOjU6InNsaWRlIjt9','2017-11-09 06:49:28'),(679,0,10,'delete','superadmin','YToxOntzOjU6Imdyb3VwIjtzOjg6InByZXN0YXNpIjt9','2017-11-09 06:54:42'),(680,0,10,'insert','superadmin','YToxOntzOjU6Imdyb3VwIjtzOjY6InByb2R1ayI7fQ==','2017-11-09 06:58:22'),(681,0,10,'update','superadmin','YToxOntzOjU6Imdyb3VwIjtzOjc6ImNvbnRhY3QiO30=','2017-11-09 07:09:12'),(682,0,10,'update','superadmin','YToxOntzOjU6Imdyb3VwIjtzOjc6ImNvbnRhY3QiO30=','2017-11-09 07:10:17'),(683,0,10,'update','superadmin','YToxOntzOjU6Imdyb3VwIjtzOjc6ImNvbnRhY3QiO30=','2017-11-09 07:23:23'),(684,0,0,'update','redAlderGreatDane','YToxOntzOjU6Imdyb3VwIjtzOjE0OiJjb250ZW50X3Byb2R1ayI7fQ==','2017-11-09 08:14:33'),(685,0,0,'update','redAlderGreatDane','YToxOntzOjU6Imdyb3VwIjtzOjE0OiJjb250ZW50X3Byb2R1ayI7fQ==','2017-11-09 08:15:07'),(686,0,0,'update','redAlderGreatDane','YToxOntzOjU6Imdyb3VwIjtzOjE0OiJjb250ZW50X3Byb2R1ayI7fQ==','2017-11-09 08:20:26'),(687,0,0,'update','redAlderGreatDane','YToxOntzOjU6Imdyb3VwIjtzOjE0OiJjb250ZW50X3Byb2R1ayI7fQ==','2017-11-09 08:21:03'),(688,0,0,'insert','redAlderGreatDane','YToxOntzOjU6Imdyb3VwIjtzOjc6InNlY3Rpb24iO30=','2017-11-09 08:21:52'),(689,0,0,'insert','redAlderGreatDane','YToxOntzOjU6Imdyb3VwIjtzOjExOiJtaW5pX2Jhbm5lciI7fQ==','2017-11-09 08:22:21'),(690,0,10,'insert','superadmin','YToxOntzOjU6Imdyb3VwIjtzOjg6InByZXN0YXNpIjt9','2017-11-09 08:38:25'),(691,0,10,'update','superadmin','YToxOntzOjU6Imdyb3VwIjtzOjg6InByZXN0YXNpIjt9','2017-11-09 08:39:33'),(692,0,10,'insert','superadmin','YToxOntzOjU6Imdyb3VwIjtzOjg6InByZXN0YXNpIjt9','2017-11-09 08:39:58'),(693,0,10,'delete','superadmin','YToxOntzOjU6Imdyb3VwIjtzOjg6InByZXN0YXNpIjt9','2017-11-09 08:40:08'),(694,0,10,'update','superadmin','YToxOntzOjU6Imdyb3VwIjtzOjY6InByb2R1ayI7fQ==','2017-11-09 08:42:17'),(695,0,10,'update','superadmin','YToxOntzOjU6Imdyb3VwIjtzOjc6ImNvbnRlbnQiO30=','2017-11-09 09:07:10'),(696,0,10,'update','superadmin','YToxOntzOjU6Imdyb3VwIjtzOjc6ImNvbnRlbnQiO30=','2017-11-09 09:07:56'),(697,0,10,'insert','superadmin','YToyOntzOjU6Imdyb3VwIjtzOjQ6Im1lbnUiO3M6NDoiaXRlbSI7czo3OiJQcm9maWxlIjt9','2017-11-09 09:34:16'),(698,0,10,'insert','superadmin','YToxOntzOjU6Imdyb3VwIjtzOjc6ImNvbnRlbnQiO30=','2017-11-09 09:35:15'),(699,0,10,'update','superadmin','YToxOntzOjU6Imdyb3VwIjtzOjY6ImJhbm5lciI7fQ==','2017-11-09 09:36:17'),(700,0,10,'update','superadmin','YToxOntzOjU6Imdyb3VwIjtzOjY6ImJhbm5lciI7fQ==','2017-11-09 09:36:48'),(701,0,10,'update','superadmin','YToyOntzOjU6Imdyb3VwIjtzOjQ6Im1lbnUiO3M6NDoiaXRlbSI7czo3OiJQcm9maWxlIjt9','2017-11-09 09:37:06'),(702,0,10,'update','superadmin','YToyOntzOjU6Imdyb3VwIjtzOjQ6Im1lbnUiO3M6NDoiaXRlbSI7czo3OiJQcm9maWxlIjt9','2017-11-09 09:40:34'),(703,0,10,'delete','superadmin','YToxOntzOjU6Imdyb3VwIjtzOjc6ImNvbnRlbnQiO30=','2017-11-09 09:41:39'),(704,0,10,'update','superadmin','YToxOntzOjU6Imdyb3VwIjtzOjExOiJtaW5pX2Jhbm5lciI7fQ==','2017-11-09 09:42:10'),(705,0,0,'insert','redAlderGreatDane','YToxOntzOjU6Imdyb3VwIjtzOjY6ImJhbm5lciI7fQ==','2017-11-09 10:13:26'),(706,0,0,'insert','redAlderGreatDane','YToxOntzOjU6Imdyb3VwIjtzOjc6InNlY3Rpb24iO30=','2017-11-09 10:14:35'),(707,0,0,'insert','redAlderGreatDane','YToxOntzOjU6Imdyb3VwIjtzOjc6ImNvbnRlbnQiO30=','2017-11-09 10:15:41'),(708,0,0,'insert','redAlderGreatDane','YToxOntzOjU6Imdyb3VwIjtzOjc6ImNvbnRlbnQiO30=','2017-11-09 10:15:41'),(709,0,0,'delete','redAlderGreatDane','YToxOntzOjU6Imdyb3VwIjtzOjc6ImNvbnRlbnQiO30=','2017-11-09 10:16:06'),(710,0,0,'delete','redAlderGreatDane','YToxOntzOjU6Imdyb3VwIjtzOjc6InNlY3Rpb24iO30=','2017-11-09 10:16:55'),(711,0,0,'update','redAlderGreatDane','YToxOntzOjU6Imdyb3VwIjtzOjc6ImNvbnRlbnQiO30=','2017-11-09 10:23:01'),(712,0,0,'insert','redAlderGreatDane','YToxOntzOjU6Imdyb3VwIjtzOjc6InNlY3Rpb24iO30=','2017-11-09 10:23:29'),(713,0,0,'insert','redAlderGreatDane','YToxOntzOjU6Imdyb3VwIjtzOjExOiJtaW5pX2Jhbm5lciI7fQ==','2017-11-09 10:23:54'),(714,0,0,'update','redAlderGreatDane','YToxOntzOjU6Imdyb3VwIjtzOjc6ImNvbnRhY3QiO30=','2017-11-09 10:24:59'),(715,0,0,'update','redAlderGreatDane','YToxOntzOjU6Imdyb3VwIjtzOjc6ImNvbnRhY3QiO30=','2017-11-09 10:24:59'),(716,0,10,'update','superadmin','YToxOntzOjU6Imdyb3VwIjtzOjY6InByb2R1ayI7fQ==','2017-11-09 10:26:55'),(717,0,10,'delete','superadmin','YToxOntzOjU6Imdyb3VwIjtzOjY6ImJhbm5lciI7fQ==','2017-11-09 10:28:41'),(718,0,0,'insert','redAlderGreatDane','YToxOntzOjU6Imdyb3VwIjtzOjc6InNlY3Rpb24iO30=','2017-11-09 10:35:18'),(719,0,10,'delete','superadmin','YToxOntzOjU6Imdyb3VwIjtzOjEwOiJuZXdzbGV0dGVyIjt9','2017-11-09 10:35:31'),(720,0,0,'insert','redAlderGreatDane','YToxOntzOjU6Imdyb3VwIjtzOjY6ImJhbm5lciI7fQ==','2017-11-09 10:36:24'),(721,0,0,'insert','redAlderGreatDane','YToxOntzOjU6Imdyb3VwIjtzOjc6InNlY3Rpb24iO30=','2017-11-09 10:37:27'),(722,0,0,'insert','redAlderGreatDane','YToxOntzOjU6Imdyb3VwIjtzOjc6ImNvbnRlbnQiO30=','2017-11-09 10:38:30'),(723,0,0,'update','redAlderGreatDane','YToxOntzOjU6Imdyb3VwIjtzOjc6ImNvbnRlbnQiO30=','2017-11-09 10:39:53'),(724,0,0,'update','redAlderGreatDane','YToyOntzOjU6Imdyb3VwIjtzOjQ6Im1lbnUiO3M6NDoiaXRlbSI7czo1OiJUaXRsZSI7fQ==','2017-11-09 10:43:21'),(725,0,0,'update','redAlderGreatDane','YToyOntzOjU6Imdyb3VwIjtzOjQ6Im1lbnUiO3M6NDoiaXRlbSI7czo1OiJUaXRsZSI7fQ==','2017-11-09 10:44:25'),(726,0,0,'update','redAlderGreatDane','YToxOntzOjU6Imdyb3VwIjtzOjY6InByb2R1ayI7fQ==','2017-11-09 11:16:12'),(727,0,10,'update','superadmin','YToyOntzOjU6Imdyb3VwIjtzOjY6InN5c3RlbSI7czo0OiJpdGVtIjtzOjE0OiJjb25maWd1cmF0aW9ucyI7fQ==','2017-11-10 01:38:31'),(728,0,0,'delete','redAlderGreatDane','YToxOntzOjU6Imdyb3VwIjtzOjc6InNlY3Rpb24iO30=','2017-11-10 01:40:40'),(729,0,10,'delete','superadmin','YToxOntzOjU6Imdyb3VwIjtzOjk6InRlc3RpbW9uaSI7fQ==','2017-11-10 01:40:54'),(730,0,10,'insert','superadmin','YToxOntzOjU6Imdyb3VwIjtzOjQ6InR5cGUiO30=','2017-11-10 01:42:54'),(731,0,10,'insert','superadmin','YToxOntzOjU6Imdyb3VwIjtzOjk6ImluZm9ybWFzaSI7fQ==','2017-11-10 01:45:31'),(732,0,0,'insert','redAlderGreatDane','YToxOntzOjU6Imdyb3VwIjtzOjc6InNlY3Rpb24iO30=','2017-11-10 01:45:57'),(733,0,0,'insert','redAlderGreatDane','YToxOntzOjU6Imdyb3VwIjtzOjc6ImNvbnRlbnQiO30=','2017-11-10 01:47:33'),(734,0,0,'insert','redAlderGreatDane','YToxOntzOjU6Imdyb3VwIjtzOjc6ImNvbnRlbnQiO30=','2017-11-10 01:49:05'),(735,0,10,'update','superadmin','YToxOntzOjU6Imdyb3VwIjtzOjk6ImluZm9ybWFzaSI7fQ==','2017-11-10 01:51:31'),(736,0,10,'update','superadmin','YToxOntzOjU6Imdyb3VwIjtzOjc6ImNvbnRhY3QiO30=','2017-11-10 01:59:43'),(737,0,10,'update','superadmin','YToxOntzOjU6Imdyb3VwIjtzOjc6ImNvbnRhY3QiO30=','2017-11-10 02:02:06'),(738,0,10,'insert','superadmin','YToxOntzOjU6Imdyb3VwIjtzOjE0OiJ0ZXN0aW1vbmlfdXNlciI7fQ==','2017-11-10 02:06:21'),(739,0,10,'update','superadmin','YToxOntzOjU6Imdyb3VwIjtzOjE0OiJ0ZXN0aW1vbmlfdXNlciI7fQ==','2017-11-10 02:07:12'),(740,0,10,'update','superadmin','YToxOntzOjU6Imdyb3VwIjtzOjE0OiJ0ZXN0aW1vbmlfdXNlciI7fQ==','2017-11-10 02:07:51'),(741,0,10,'delete','superadmin','YToxOntzOjU6Imdyb3VwIjtzOjE0OiJ0ZXN0aW1vbmlfdXNlciI7fQ==','2017-11-10 02:07:58'),(742,0,10,'update','superadmin','YToxOntzOjU6Imdyb3VwIjtzOjE0OiJ0ZXN0aW1vbmlfdXNlciI7fQ==','2017-11-10 02:08:23'),(743,0,10,'update','superadmin','YToxOntzOjU6Imdyb3VwIjtzOjE0OiJ0ZXN0aW1vbmlfdXNlciI7fQ==','2017-11-10 02:08:36'),(744,0,10,'update','superadmin','YToxOntzOjU6Imdyb3VwIjtzOjE0OiJ0ZXN0aW1vbmlfdXNlciI7fQ==','2017-11-10 02:08:43'),(745,0,10,'update','superadmin','YToxOntzOjU6Imdyb3VwIjtzOjE0OiJ0ZXN0aW1vbmlfdXNlciI7fQ==','2017-11-10 02:08:50'),(746,0,10,'update','superadmin','YToxOntzOjU6Imdyb3VwIjtzOjc6ImNvbnRlbnQiO30=','2017-11-10 02:15:59'),(747,0,10,'update','superadmin','YToyOntzOjU6Imdyb3VwIjtzOjY6InN5c3RlbSI7czo0OiJpdGVtIjtzOjE0OiJjb25maWd1cmF0aW9ucyI7fQ==','2017-11-10 02:40:18'),(748,0,10,'update','superadmin','YToxOntzOjU6Imdyb3VwIjtzOjc6ImxheWFuYW4iO30=','2017-11-10 02:55:41'),(749,0,10,'update','superadmin','YToxOntzOjU6Imdyb3VwIjtzOjExOiJtaW5pX2Jhbm5lciI7fQ==','2017-11-10 03:00:05'),(750,0,10,'delete','superadmin','YToxOntzOjU6Imdyb3VwIjtzOjExOiJtaW5pX2Jhbm5lciI7fQ==','2017-11-10 03:01:08'),(751,0,10,'insert','superadmin','YToxOntzOjU6Imdyb3VwIjtzOjExOiJtaW5pX2Jhbm5lciI7fQ==','2017-11-10 03:02:41'),(752,0,10,'update','superadmin','YToxOntzOjU6Imdyb3VwIjtzOjExOiJtaW5pX2Jhbm5lciI7fQ==','2017-11-10 03:04:09'),(753,0,10,'update','superadmin','YToxOntzOjU6Imdyb3VwIjtzOjExOiJtaW5pX2Jhbm5lciI7fQ==','2017-11-10 03:04:33'),(754,0,10,'update','superadmin','YToyOntzOjU6Imdyb3VwIjtzOjQ6Im1lbnUiO3M6NDoiaXRlbSI7czo3OiJQcm9maWxlIjt9','2017-11-10 03:07:58'),(755,0,10,'delete','superadmin','YToxOntzOjU6Imdyb3VwIjtzOjc6ImNvbnRlbnQiO30=','2017-11-10 03:43:25'),(756,0,10,'delete','superadmin','YToxOntzOjU6Imdyb3VwIjtzOjY6ImJhbm5lciI7fQ==','2017-11-10 03:44:04'),(757,0,10,'insert','superadmin','YToxOntzOjU6Imdyb3VwIjtzOjY6ImJhbm5lciI7fQ==','2017-11-10 03:46:41'),(758,0,10,'insert','superadmin','YToxOntzOjU6Imdyb3VwIjtzOjg6InByZXN0YXNpIjt9','2017-11-10 03:54:55'),(759,0,10,'insert','superadmin','YToxOntzOjU6Imdyb3VwIjtzOjg6InByZXN0YXNpIjt9','2017-11-10 03:55:14'),(760,0,0,'update','redAlderGreatDane','YToxOntzOjU6Imdyb3VwIjtzOjc6ImNvbnRhY3QiO30=','2017-11-10 03:55:33'),(761,0,10,'update','superadmin','YToxOntzOjU6Imdyb3VwIjtzOjg6InByZXN0YXNpIjt9','2017-11-10 03:55:33'),(762,0,10,'update','superadmin','YToxOntzOjU6Imdyb3VwIjtzOjg6InByZXN0YXNpIjt9','2017-11-10 03:55:42'),(763,0,10,'insert','superadmin','YToxOntzOjU6Imdyb3VwIjtzOjg6InByZXN0YXNpIjt9','2017-11-10 03:56:18'),(764,0,10,'insert','superadmin','YToxOntzOjU6Imdyb3VwIjtzOjg6InByZXN0YXNpIjt9','2017-11-10 03:56:35'),(765,0,0,'update','redAlderGreatDane','YToxOntzOjU6Imdyb3VwIjtzOjc6ImNvbnRhY3QiO30=','2017-11-10 03:58:13'),(766,0,10,'insert','superadmin','YToxOntzOjU6Imdyb3VwIjtzOjU6ImJyYW5kIjt9','2017-11-10 04:10:29'),(767,0,10,'insert','superadmin','YToxOntzOjU6Imdyb3VwIjtzOjU6ImJyYW5kIjt9','2017-11-10 04:10:45'),(768,0,10,'insert','superadmin','YToxOntzOjU6Imdyb3VwIjtzOjU6ImJyYW5kIjt9','2017-11-10 04:11:13'),(769,0,10,'insert','superadmin','YToxOntzOjU6Imdyb3VwIjtzOjQ6ImFyZWEiO30=','2017-11-10 04:11:35'),(770,0,0,'update','redAlderGreatDane','YToxOntzOjU6Imdyb3VwIjtzOjE0OiJ0ZXN0aW1vbmlfdXNlciI7fQ==','2017-11-10 05:33:53'),(771,0,0,'insert','redAlderGreatDane','YToxOntzOjU6Imdyb3VwIjtzOjE0OiJ0ZXN0aW1vbmlfdXNlciI7fQ==','2017-11-10 05:35:02'),(772,0,0,'update','redAlderGreatDane','YToyOntzOjU6Imdyb3VwIjtzOjY6InN5c3RlbSI7czo0OiJpdGVtIjtzOjE0OiJjb25maWd1cmF0aW9ucyI7fQ==','2017-11-10 07:15:13'),(773,0,0,'update','redAlderGreatDane','YToxOntzOjU6Imdyb3VwIjtzOjY6ImNhYmFuZyI7fQ==','2017-11-10 07:16:59'),(774,0,0,'update','redAlderGreatDane','YToxOntzOjU6Imdyb3VwIjtzOjY6ImNhYmFuZyI7fQ==','2017-11-10 07:17:43'),(775,0,0,'update','redAlderGreatDane','YToyOntzOjU6Imdyb3VwIjtzOjQ6Im1lbnUiO3M6NDoiaXRlbSI7czoxOToiUGVuZ2FqdWFuIEtyZWRpdCBFTiI7fQ==','2017-11-10 07:21:01'),(776,0,0,'update','redAlderGreatDane','YToyOntzOjU6Imdyb3VwIjtzOjQ6Im1lbnUiO3M6NDoiaXRlbSI7czoxNzoiUGVuZ2FqdWFuIEtyZWRpdCAiO30=','2017-11-10 07:21:39'),(777,0,0,'update','redAlderGreatDane','YToyOntzOjU6Imdyb3VwIjtzOjQ6Im1lbnUiO3M6NDoiaXRlbSI7czoxNzoiUGVuZ2FqdWFuIEtyZWRpdCAiO30=','2017-11-10 07:24:48'),(778,0,0,'update','redAlderGreatDane','YToyOntzOjU6Imdyb3VwIjtzOjQ6Im1lbnUiO3M6NDoiaXRlbSI7czoxNzoiUGVuZ2FqdWFuIEtyZWRpdCAiO30=','2017-11-10 07:25:02'),(779,0,0,'update','redAlderGreatDane','YToyOntzOjU6Imdyb3VwIjtzOjQ6Im1lbnUiO3M6NDoiaXRlbSI7czoxNzoiUGVuZ2FqdWFuIEtyZWRpdCAiO30=','2017-11-10 07:26:13'),(780,0,0,'update','redAlderGreatDane','YToxOntzOjU6Imdyb3VwIjtzOjc6ImNvbnRhY3QiO30=','2017-11-10 11:13:07'),(781,0,0,'update','redAlderGreatDane','YToxOntzOjU6Imdyb3VwIjtzOjc6ImNvbnRhY3QiO30=','2017-11-10 11:19:43'),(782,0,10,'insert','superadmin','YToxOntzOjU6Imdyb3VwIjtzOjE0OiJ0ZXN0aW1vbmlfdXNlciI7fQ==','2017-11-13 00:49:15'),(783,0,10,'update','superadmin','YToxOntzOjU6Imdyb3VwIjtzOjE0OiJ0ZXN0aW1vbmlfdXNlciI7fQ==','2017-11-13 00:49:37'),(784,0,10,'update','superadmin','YToxOntzOjU6Imdyb3VwIjtzOjE0OiJ0ZXN0aW1vbmlfdXNlciI7fQ==','2017-11-13 00:51:12'),(785,0,10,'update','superadmin','YToxOntzOjU6Imdyb3VwIjtzOjE0OiJ0ZXN0aW1vbmlfdXNlciI7fQ==','2017-11-13 00:51:35'),(786,0,0,'update','redAlderGreatDane','YToxOntzOjU6Imdyb3VwIjtzOjY6ImNhYmFuZyI7fQ==','2017-11-13 01:56:22'),(787,0,10,'insert','superadmin','YToyOntzOjU6Imdyb3VwIjtzOjQ6Im1lbnUiO3M6NDoiaXRlbSI7czo0OiJ0ZXN0Ijt9','2017-11-13 02:10:00'),(788,0,10,'update','superadmin','YToyOntzOjU6Imdyb3VwIjtzOjQ6Im1lbnUiO3M6NDoiaXRlbSI7czo0OiJ0ZXN0Ijt9','2017-11-13 02:11:35'),(789,0,0,'insert','redAlderGreatDane','YToxOntzOjU6Imdyb3VwIjtzOjc6InNlY3Rpb24iO30=','2017-11-13 03:16:19'),(790,0,10,'update','superadmin','YToyOntzOjU6Imdyb3VwIjtzOjY6InN5c3RlbSI7czo0OiJpdGVtIjtzOjE0OiJjb25maWd1cmF0aW9ucyI7fQ==','2017-11-13 04:24:36'),(791,0,10,'update','superadmin','YToyOntzOjU6Imdyb3VwIjtzOjY6InN5c3RlbSI7czo0OiJpdGVtIjtzOjE0OiJjb25maWd1cmF0aW9ucyI7fQ==','2017-11-13 04:25:23'),(792,0,10,'insert','superadmin','YToxOntzOjU6Imdyb3VwIjtzOjc6InNwb25zb3IiO30=','2017-11-13 04:26:24'),(793,0,10,'update','superadmin','YToxOntzOjU6Imdyb3VwIjtzOjc6InNwb25zb3IiO30=','2017-11-13 04:26:29'),(794,0,10,'delete','superadmin','YToxOntzOjU6Imdyb3VwIjtzOjc6InNwb25zb3IiO30=','2017-11-13 04:29:53'),(795,0,10,'delete','superadmin','YToxOntzOjU6Imdyb3VwIjtzOjc6InNwb25zb3IiO30=','2017-11-13 04:29:56'),(796,0,10,'insert','superadmin','YToxOntzOjU6Imdyb3VwIjtzOjc6InNwb25zb3IiO30=','2017-11-13 04:30:15'),(797,0,10,'insert','superadmin','YToxOntzOjU6Imdyb3VwIjtzOjc6InNwb25zb3IiO30=','2017-11-13 04:30:47'),(798,0,10,'insert','superadmin','YToxOntzOjU6Imdyb3VwIjtzOjc6InNwb25zb3IiO30=','2017-11-13 04:31:17'),(799,0,10,'insert','superadmin','YToxOntzOjU6Imdyb3VwIjtzOjc6InNwb25zb3IiO30=','2017-11-13 04:31:50'),(800,0,10,'insert','superadmin','YToxOntzOjU6Imdyb3VwIjtzOjExOiJnb29nbGVfcGxheSI7fQ==','2017-11-14 01:31:55'),(801,0,10,'update','superadmin','YToxOntzOjU6Imdyb3VwIjtzOjExOiJnb29nbGVfcGxheSI7fQ==','2017-11-14 01:32:08'),(802,0,10,'update','superadmin','YToxOntzOjU6Imdyb3VwIjtzOjExOiJnb29nbGVfcGxheSI7fQ==','2017-11-14 01:34:42'),(803,0,10,'insert','superadmin','YToxOntzOjU6Imdyb3VwIjtzOjExOiJnb29nbGVfcGxheSI7fQ==','2017-11-14 01:35:23'),(804,0,10,'delete','superadmin','YToxOntzOjU6Imdyb3VwIjtzOjExOiJnb29nbGVfcGxheSI7fQ==','2017-11-14 01:35:31'),(805,0,10,'update','superadmin','YToxOntzOjU6Imdyb3VwIjtzOjExOiJnb29nbGVfcGxheSI7fQ==','2017-11-14 01:35:37'),(806,0,10,'update','superadmin','YToyOntzOjU6Imdyb3VwIjtzOjY6InN5c3RlbSI7czo0OiJpdGVtIjtzOjE0OiJjb25maWd1cmF0aW9ucyI7fQ==','2017-11-14 02:16:45'),(807,0,0,'update','redAlderGreatDane','YToyOntzOjU6Imdyb3VwIjtzOjY6InN5c3RlbSI7czo0OiJpdGVtIjtzOjE0OiJjb25maWd1cmF0aW9ucyI7fQ==','2017-11-14 02:21:47'),(808,0,10,'insert','superadmin','YToxOntzOjU6Imdyb3VwIjtzOjY6ImNhYmFuZyI7fQ==','2017-11-14 03:05:43'),(809,0,10,'insert','superadmin','YToxOntzOjU6Imdyb3VwIjtzOjU6InNsaWRlIjt9','2017-11-14 03:14:51'),(810,0,10,'update','superadmin','YToxOntzOjU6Imdyb3VwIjtzOjU6InNsaWRlIjt9','2017-11-14 03:15:13'),(811,0,10,'update','superadmin','YToxOntzOjU6Imdyb3VwIjtzOjU6InNsaWRlIjt9','2017-11-14 03:15:25'),(812,0,10,'update','superadmin','YToxOntzOjU6Imdyb3VwIjtzOjU6InNsaWRlIjt9','2017-11-14 03:21:07'),(813,0,10,'update','superadmin','YToyOntzOjU6Imdyb3VwIjtzOjY6InN5c3RlbSI7czo0OiJpdGVtIjtzOjE0OiJjb25maWd1cmF0aW9ucyI7fQ==','2017-11-14 03:21:28'),(814,0,10,'delete','superadmin','YToxOntzOjU6Imdyb3VwIjtzOjU6InNsaWRlIjt9','2017-11-14 03:21:48'),(815,0,10,'update','superadmin','YToxOntzOjU6Imdyb3VwIjtzOjU6InNsaWRlIjt9','2017-11-14 03:22:33'),(816,0,10,'update','superadmin','YToxOntzOjU6Imdyb3VwIjtzOjU6InNsaWRlIjt9','2017-11-14 03:23:24'),(817,0,10,'update','superadmin','YToxOntzOjU6Imdyb3VwIjtzOjU6InNsaWRlIjt9','2017-11-14 03:23:44'),(818,0,10,'update','superadmin','YToyOntzOjU6Imdyb3VwIjtzOjY6InN5c3RlbSI7czo0OiJpdGVtIjtzOjE0OiJjb25maWd1cmF0aW9ucyI7fQ==','2017-11-14 03:24:17'),(819,0,10,'update','superadmin','YToyOntzOjU6Imdyb3VwIjtzOjY6InN5c3RlbSI7czo0OiJpdGVtIjtzOjE0OiJjb25maWd1cmF0aW9ucyI7fQ==','2017-11-14 03:24:28'),(820,0,10,'update','superadmin','YToyOntzOjU6Imdyb3VwIjtzOjY6InN5c3RlbSI7czo0OiJpdGVtIjtzOjE0OiJjb25maWd1cmF0aW9ucyI7fQ==','2017-11-14 03:24:46'),(821,0,10,'update','superadmin','YToxOntzOjU6Imdyb3VwIjtzOjc6ImxheWFuYW4iO30=','2017-11-14 03:27:33'),(822,0,10,'update','superadmin','YToxOntzOjU6Imdyb3VwIjtzOjc6ImxheWFuYW4iO30=','2017-11-14 03:28:00'),(823,0,10,'update','superadmin','YToxOntzOjU6Imdyb3VwIjtzOjY6InByb2R1ayI7fQ==','2017-11-14 03:28:37'),(824,0,10,'update','superadmin','YToxOntzOjU6Imdyb3VwIjtzOjY6InByb2R1ayI7fQ==','2017-11-14 03:30:27'),(825,0,10,'update','superadmin','YToxOntzOjU6Imdyb3VwIjtzOjY6InByb2R1ayI7fQ==','2017-11-14 03:30:45'),(826,0,10,'update','superadmin','YToxOntzOjU6Imdyb3VwIjtzOjY6InByb2R1ayI7fQ==','2017-11-14 03:30:52'),(827,0,10,'update','superadmin','YToxOntzOjU6Imdyb3VwIjtzOjY6InByb2R1ayI7fQ==','2017-11-14 03:31:16'),(828,0,10,'update','superadmin','YToxOntzOjU6Imdyb3VwIjtzOjU6InNsaWRlIjt9','2017-11-14 03:32:00'),(829,0,10,'update','superadmin','YToxOntzOjU6Imdyb3VwIjtzOjU6InNsaWRlIjt9','2017-11-14 03:32:22'),(830,0,10,'delete','superadmin','YToxOntzOjU6Imdyb3VwIjtzOjE0OiJ0ZXN0aW1vbmlfdXNlciI7fQ==','2017-11-14 03:33:49'),(831,0,10,'delete','superadmin','YToxOntzOjU6Imdyb3VwIjtzOjE0OiJ0ZXN0aW1vbmlfdXNlciI7fQ==','2017-11-14 03:33:56'),(832,0,10,'delete','superadmin','YToxOntzOjU6Imdyb3VwIjtzOjE0OiJ0ZXN0aW1vbmlfdXNlciI7fQ==','2017-11-14 03:34:12'),(833,0,10,'delete','superadmin','YToxOntzOjU6Imdyb3VwIjtzOjE0OiJ0ZXN0aW1vbmlfdXNlciI7fQ==','2017-11-14 03:34:15'),(834,0,10,'delete','superadmin','YToxOntzOjU6Imdyb3VwIjtzOjE0OiJ0ZXN0aW1vbmlfdXNlciI7fQ==','2017-11-14 03:34:20'),(835,0,10,'insert','superadmin','YToxOntzOjU6Imdyb3VwIjtzOjE0OiJ0ZXN0aW1vbmlfdXNlciI7fQ==','2017-11-14 03:35:27'),(836,0,10,'insert','superadmin','YToxOntzOjU6Imdyb3VwIjtzOjE0OiJ0ZXN0aW1vbmlfdXNlciI7fQ==','2017-11-14 03:35:51'),(837,0,10,'insert','superadmin','YToxOntzOjU6Imdyb3VwIjtzOjE0OiJ0ZXN0aW1vbmlfdXNlciI7fQ==','2017-11-14 03:36:11'),(838,0,0,'update','redAlderGreatDane','YToxOntzOjU6Imdyb3VwIjtzOjE0OiJ0ZXN0aW1vbmlfdXNlciI7fQ==','2017-11-14 09:45:22'),(839,0,0,'update','redAlderGreatDane','YToxOntzOjU6Imdyb3VwIjtzOjE0OiJ0ZXN0aW1vbmlfdXNlciI7fQ==','2017-11-14 09:45:38'),(840,0,0,'update','redAlderGreatDane','YToxOntzOjU6Imdyb3VwIjtzOjE0OiJ0ZXN0aW1vbmlfdXNlciI7fQ==','2017-11-14 09:45:38'),(841,0,0,'update','redAlderGreatDane','YToxOntzOjU6Imdyb3VwIjtzOjE0OiJ0ZXN0aW1vbmlfdXNlciI7fQ==','2017-11-14 09:46:45'),(842,0,0,'update','redAlderGreatDane','YToxOntzOjU6Imdyb3VwIjtzOjE0OiJ0ZXN0aW1vbmlfdXNlciI7fQ==','2017-11-14 09:48:47'),(843,0,0,'update','redAlderGreatDane','YToxOntzOjU6Imdyb3VwIjtzOjE0OiJ0ZXN0aW1vbmlfdXNlciI7fQ==','2017-11-14 09:49:00'),(844,0,0,'update','redAlderGreatDane','YToxOntzOjU6Imdyb3VwIjtzOjE0OiJ0ZXN0aW1vbmlfdXNlciI7fQ==','2017-11-14 09:49:12'),(845,0,0,'update','redAlderGreatDane','YToyOntzOjU6Imdyb3VwIjtzOjY6InN5c3RlbSI7czo0OiJpdGVtIjtzOjE0OiJjb25maWd1cmF0aW9ucyI7fQ==','2017-11-15 02:14:53'),(846,0,0,'insert','redAlderGreatDane','YToxOntzOjU6Imdyb3VwIjtzOjc6InNlY3Rpb24iO30=','2017-11-15 02:19:11'),(847,0,0,'insert','redAlderGreatDane','YToxOntzOjU6Imdyb3VwIjtzOjY6ImJhbm5lciI7fQ==','2017-11-15 02:19:36'),(848,0,10,'update','superadmin','YToyOntzOjU6Imdyb3VwIjtzOjQ6Im1lbnUiO3M6NDoiaXRlbSI7czo5OiJWaXNpIE1pc2kiO30=','2017-11-15 07:24:09'),(849,0,10,'update','superadmin','YToyOntzOjU6Imdyb3VwIjtzOjQ6Im1lbnUiO3M6NDoiaXRlbSI7czo4OiJQcmVzdGFzaSI7fQ==','2017-11-15 07:24:31'),(850,0,10,'update','superadmin','YToyOntzOjU6Imdyb3VwIjtzOjQ6Im1lbnUiO3M6NDoiaXRlbSI7czozOiJHQ0ciO30=','2017-11-15 07:24:35'),(851,0,10,'update','superadmin','YToyOntzOjU6Imdyb3VwIjtzOjQ6Im1lbnUiO3M6NDoiaXRlbSI7czoxMDoiTWFuYWdlbWVudCI7fQ==','2017-11-15 07:25:04'),(852,0,10,'update','superadmin','YToxOntzOjU6Imdyb3VwIjtzOjE0OiJ0ZXN0aW1vbmlfdXNlciI7fQ==','2017-11-15 08:41:21'),(853,0,10,'update','superadmin','YToxOntzOjU6Imdyb3VwIjtzOjE0OiJ0ZXN0aW1vbmlfdXNlciI7fQ==','2017-11-15 08:41:27'),(854,0,10,'update','superadmin','YToxOntzOjU6Imdyb3VwIjtzOjE0OiJ0ZXN0aW1vbmlfdXNlciI7fQ==','2017-11-15 08:41:33'),(855,0,10,'update','superadmin','YToxOntzOjU6Imdyb3VwIjtzOjk6ImluZm9ybWFzaSI7fQ==','2017-11-15 08:56:09'),(856,0,10,'insert','superadmin','YToxOntzOjU6Imdyb3VwIjtzOjY6ImJhbm5lciI7fQ==','2017-11-15 10:09:47'),(857,0,10,'delete','superadmin','YToxOntzOjU6Imdyb3VwIjtzOjU6ImJyYW5kIjt9','2017-11-15 10:12:21'),(858,0,10,'delete','superadmin','YToxOntzOjU6Imdyb3VwIjtzOjU6ImJyYW5kIjt9','2017-11-15 10:12:25'),(859,0,10,'delete','superadmin','YToxOntzOjU6Imdyb3VwIjtzOjU6ImJyYW5kIjt9','2017-11-15 10:12:28'),(860,0,10,'update','superadmin','YToxOntzOjU6Imdyb3VwIjtzOjU6ImJyYW5kIjt9','2017-11-15 10:12:36'),(861,0,10,'update','superadmin','YToxOntzOjU6Imdyb3VwIjtzOjU6ImJyYW5kIjt9','2017-11-15 10:12:42'),(862,0,10,'update','superadmin','YToxOntzOjU6Imdyb3VwIjtzOjU6ImJyYW5kIjt9','2017-11-15 10:12:48'),(863,0,10,'update','superadmin','YToxOntzOjU6Imdyb3VwIjtzOjU6ImJyYW5kIjt9','2017-11-15 10:12:54'),(864,0,10,'update','superadmin','YToxOntzOjU6Imdyb3VwIjtzOjU6ImJyYW5kIjt9','2017-11-15 10:13:10'),(865,0,10,'update','superadmin','YToxOntzOjU6Imdyb3VwIjtzOjU6ImJyYW5kIjt9','2017-11-15 10:13:37'),(866,0,10,'update','superadmin','YToxOntzOjU6Imdyb3VwIjtzOjU6ImJyYW5kIjt9','2017-11-15 10:13:39'),(867,0,10,'update','superadmin','YToxOntzOjU6Imdyb3VwIjtzOjQ6ImFyZWEiO30=','2017-11-15 10:13:53'),(868,0,10,'update','superadmin','YToxOntzOjU6Imdyb3VwIjtzOjQ6ImFyZWEiO30=','2017-11-15 10:14:01'),(869,0,10,'update','superadmin','YToyOntzOjU6Imdyb3VwIjtzOjY6InN5c3RlbSI7czo0OiJpdGVtIjtzOjE0OiJjb25maWd1cmF0aW9ucyI7fQ==','2017-11-15 10:19:08'),(870,0,10,'update','superadmin','YToyOntzOjU6Imdyb3VwIjtzOjY6InN5c3RlbSI7czo0OiJpdGVtIjtzOjE0OiJjb25maWd1cmF0aW9ucyI7fQ==','2017-11-15 10:19:30'),(871,0,10,'delete','superadmin','YToxOntzOjU6Imdyb3VwIjtzOjk6InRlc3RpbW9uaSI7fQ==','2017-11-15 10:21:02'),(872,0,10,'update','superadmin','YToyOntzOjU6Imdyb3VwIjtzOjQ6Im1lbnUiO3M6NDoiaXRlbSI7czo0OiJ0ZXN0Ijt9','2017-11-15 10:22:58'),(873,0,10,'update','superadmin','YToyOntzOjU6Imdyb3VwIjtzOjQ6Im1lbnUiO3M6NDoiaXRlbSI7czoxMDoiTWFuYWdlbWVudCI7fQ==','2017-11-15 10:29:37'),(874,0,10,'update','superadmin','YToyOntzOjU6Imdyb3VwIjtzOjQ6Im1lbnUiO3M6NDoiaXRlbSI7czo4OiJQcmVzdGFzaSI7fQ==','2017-11-15 10:29:50'),(875,0,10,'update','superadmin','YToyOntzOjU6Imdyb3VwIjtzOjQ6Im1lbnUiO3M6NDoiaXRlbSI7czoxMDoiTWFuYWdlbWVudCI7fQ==','2017-11-15 10:30:09'),(876,0,10,'update','superadmin','YToyOntzOjU6Imdyb3VwIjtzOjQ6Im1lbnUiO3M6NDoiaXRlbSI7czoyMzoiRU4gUGluamFtYW4gTW9kYWwgVXNhaGEiO30=','2017-11-15 10:30:48'),(877,0,10,'update','superadmin','YToyOntzOjU6Imdyb3VwIjtzOjQ6Im1lbnUiO3M6NDoiaXRlbSI7czoxNDoiVmlzaW9uIG1pc3Npb24iO30=','2017-11-15 10:31:15'),(878,0,10,'update','superadmin','YToyOntzOjU6Imdyb3VwIjtzOjQ6Im1lbnUiO3M6NDoiaXRlbSI7czo0OiJIb21lIjt9','2017-11-15 10:31:41'),(879,0,10,'update','superadmin','YToyOntzOjU6Imdyb3VwIjtzOjY6InN5c3RlbSI7czo0OiJpdGVtIjtzOjE0OiJjb25maWd1cmF0aW9ucyI7fQ==','2017-11-15 10:32:10'),(880,0,10,'update','superadmin','YToyOntzOjU6Imdyb3VwIjtzOjY6InN5c3RlbSI7czo0OiJpdGVtIjtzOjE0OiJjb25maWd1cmF0aW9ucyI7fQ==','2017-11-15 10:32:23'),(881,0,10,'update','superadmin','YToyOntzOjU6Imdyb3VwIjtzOjQ6Im1lbnUiO3M6NDoiaXRlbSI7czo4OiJBYm91dCBVcyI7fQ==','2017-11-15 10:33:29'),(882,0,10,'update','superadmin','YToyOntzOjU6Imdyb3VwIjtzOjY6InN5c3RlbSI7czo0OiJpdGVtIjtzOjE0OiJjb25maWd1cmF0aW9ucyI7fQ==','2017-11-15 10:33:37'),(883,0,10,'update','superadmin','YToyOntzOjU6Imdyb3VwIjtzOjQ6Im1lbnUiO3M6NDoiaXRlbSI7czoxNDoiVmlzaW9uIE1pc3Npb24iO30=','2017-11-15 10:33:56'),(884,0,10,'update','superadmin','YToyOntzOjU6Imdyb3VwIjtzOjQ6Im1lbnUiO3M6NDoiaXRlbSI7czoxMDoiTWFuYWdlbWVudCI7fQ==','2017-11-15 10:34:13'),(885,0,10,'update','superadmin','YToyOntzOjU6Imdyb3VwIjtzOjQ6Im1lbnUiO3M6NDoiaXRlbSI7czoxMToiQWNoaWV2ZW1lbnQiO30=','2017-11-15 10:34:37'),(886,0,10,'update','superadmin','YToyOntzOjU6Imdyb3VwIjtzOjQ6Im1lbnUiO3M6NDoiaXRlbSI7czozOiJHQ0ciO30=','2017-11-15 10:34:52'),(887,0,10,'insert','superadmin','YToyOntzOjU6Imdyb3VwIjtzOjQ6Im1lbnUiO3M6NDoiaXRlbSI7czoxMDoiRWxlY3Ryb25pYyI7fQ==','2017-11-15 10:36:30'),(888,0,10,'update','superadmin','YToyOntzOjU6Imdyb3VwIjtzOjQ6Im1lbnUiO3M6NDoiaXRlbSI7czozOiJDYXIiO30=','2017-11-15 10:36:53'),(889,0,10,'update','superadmin','YToyOntzOjU6Imdyb3VwIjtzOjQ6Im1lbnUiO3M6NDoiaXRlbSI7czoxMDoiTW90b3JjeWNsZSI7fQ==','2017-11-15 10:37:48'),(890,0,10,'update','superadmin','YToyOntzOjU6Imdyb3VwIjtzOjY6InN5c3RlbSI7czo0OiJpdGVtIjtzOjE0OiJjb25maWd1cmF0aW9ucyI7fQ==','2017-11-15 10:38:58'),(891,0,10,'update','superadmin','YToxOntzOjU6Imdyb3VwIjtzOjY6ImJhbm5lciI7fQ==','2017-11-15 10:41:11'),(892,0,10,'update','superadmin','YToyOntzOjU6Imdyb3VwIjtzOjQ6Im1lbnUiO3M6NDoiaXRlbSI7czoyMzoiRU4gUGluamFtYW4gTW9kYWwgVXNhaGEiO30=','2017-11-15 10:41:52'),(893,0,10,'update','superadmin','YToyOntzOjU6Imdyb3VwIjtzOjQ6Im1lbnUiO3M6NDoiaXRlbSI7czoxMDoiTW90b3JjeWNsZSI7fQ==','2017-11-15 10:42:05'),(894,0,10,'update','superadmin','YToyOntzOjU6Imdyb3VwIjtzOjQ6Im1lbnUiO3M6NDoiaXRlbSI7czoyMzoiRU4gUGluamFtYW4gTW9kYWwgVXNhaGEiO30=','2017-11-15 10:42:17'),(895,0,10,'update','superadmin','YToyOntzOjU6Imdyb3VwIjtzOjQ6Im1lbnUiO3M6NDoiaXRlbSI7czoxMDoiTW90b3JjeWNsZSI7fQ==','2017-11-15 10:42:28'),(896,0,10,'update','superadmin','YToyOntzOjU6Imdyb3VwIjtzOjQ6Im1lbnUiO3M6NDoiaXRlbSI7czoxNToiRU4gS3JlZGl0cGx1c2t1Ijt9','2017-11-15 10:43:06'),(897,0,10,'update','superadmin','YToyOntzOjU6Imdyb3VwIjtzOjQ6Im1lbnUiO3M6NDoiaXRlbSI7czoxMToiRU4gS3JlZGl0bXUiO30=','2017-11-15 10:43:25'),(898,0,10,'update','superadmin','YToxOntzOjU6Imdyb3VwIjtzOjk6ImluZm9ybWFzaSI7fQ==','2017-11-15 10:43:53'),(899,0,10,'update','superadmin','YToxOntzOjU6Imdyb3VwIjtzOjk6ImluZm9ybWFzaSI7fQ==','2017-11-15 10:44:13'),(900,0,10,'insert','superadmin','YToyOntzOjU6Imdyb3VwIjtzOjQ6Im1lbnUiO3M6NDoiaXRlbSI7czoyMDoiRU4gS3JlZGl0cGx1cyBNb2JpbGUiO30=','2017-11-15 10:44:39'),(901,0,10,'insert','superadmin','YToxOntzOjU6Imdyb3VwIjtzOjY6ImJhbm5lciI7fQ==','2017-11-15 10:49:21'),(902,0,10,'update','superadmin','YToyOntzOjU6Imdyb3VwIjtzOjQ6Im1lbnUiO3M6NDoiaXRlbSI7czo4OiJBYm91dCBVcyI7fQ==','2017-11-15 10:52:44'),(903,0,10,'update','superadmin','YToyOntzOjU6Imdyb3VwIjtzOjQ6Im1lbnUiO3M6NDoiaXRlbSI7czo3OiJQcm9kdWN0Ijt9','2017-11-15 10:52:58'),(904,0,10,'update','superadmin','YToyOntzOjU6Imdyb3VwIjtzOjQ6Im1lbnUiO3M6NDoiaXRlbSI7czo4OiJBYm91dCBVcyI7fQ==','2017-11-15 10:53:15'),(905,0,10,'update','superadmin','YToyOntzOjU6Imdyb3VwIjtzOjQ6Im1lbnUiO3M6NDoiaXRlbSI7czoxMjoiS3JlZGl0cGx1c2t1Ijt9','2017-11-15 10:53:41'),(906,0,10,'update','superadmin','YToyOntzOjU6Imdyb3VwIjtzOjQ6Im1lbnUiO3M6NDoiaXRlbSI7czo4OiJBYm91dCBVcyI7fQ==','2017-11-15 10:53:52'),(907,0,10,'update','superadmin','YToyOntzOjU6Imdyb3VwIjtzOjQ6Im1lbnUiO3M6NDoiaXRlbSI7czo3OiJQcm9kdWN0Ijt9','2017-11-15 10:54:01'),(908,0,10,'update','superadmin','YToyOntzOjU6Imdyb3VwIjtzOjQ6Im1lbnUiO3M6NDoiaXRlbSI7czo4OiJBYm91dCBVcyI7fQ==','2017-11-15 10:54:11'),(909,0,10,'update','superadmin','YToyOntzOjU6Imdyb3VwIjtzOjQ6Im1lbnUiO3M6NDoiaXRlbSI7czoxMToiSW5mb3JtYXRpb24iO30=','2017-11-15 10:54:23'),(910,0,10,'update','superadmin','YToyOntzOjU6Imdyb3VwIjtzOjQ6Im1lbnUiO3M6NDoiaXRlbSI7czo4OiJBYm91dCBVcyI7fQ==','2017-11-15 10:54:34'),(911,0,10,'update','superadmin','YToyOntzOjU6Imdyb3VwIjtzOjQ6Im1lbnUiO3M6NDoiaXRlbSI7czo3OiJQcm9kdWN0Ijt9','2017-11-15 10:54:42'),(912,0,10,'update','superadmin','YToyOntzOjU6Imdyb3VwIjtzOjQ6Im1lbnUiO3M6NDoiaXRlbSI7czo4OiJBYm91dCBVcyI7fQ==','2017-11-15 10:54:48'),(913,0,10,'update','superadmin','YToyOntzOjU6Imdyb3VwIjtzOjQ6Im1lbnUiO3M6NDoiaXRlbSI7czoxMjoiS3JlZGl0cGx1c2t1Ijt9','2017-11-15 10:54:58'),(914,0,10,'update','superadmin','YToyOntzOjU6Imdyb3VwIjtzOjQ6Im1lbnUiO3M6NDoiaXRlbSI7czo4OiJBYm91dCBVcyI7fQ==','2017-11-15 10:55:06'),(915,0,10,'update','superadmin','YToyOntzOjU6Imdyb3VwIjtzOjQ6Im1lbnUiO3M6NDoiaXRlbSI7czo3OiJQcm9kdWN0Ijt9','2017-11-15 10:55:57'),(916,0,10,'update','superadmin','YToyOntzOjU6Imdyb3VwIjtzOjQ6Im1lbnUiO3M6NDoiaXRlbSI7czo4OiJBYm91dCBVcyI7fQ==','2017-11-15 10:56:05'),(917,0,10,'update','superadmin','YToyOntzOjU6Imdyb3VwIjtzOjQ6Im1lbnUiO3M6NDoiaXRlbSI7czoxNzoiSEkhIEtSRURJVFBMVVMgRU4iO30=','2017-11-15 10:56:21'),(918,0,10,'update','superadmin','YToyOntzOjU6Imdyb3VwIjtzOjQ6Im1lbnUiO3M6NDoiaXRlbSI7czo4OiJBYm91dCBVcyI7fQ==','2017-11-15 10:56:30'),(919,0,10,'update','superadmin','YToyOntzOjU6Imdyb3VwIjtzOjQ6Im1lbnUiO3M6NDoiaXRlbSI7czo3OiJQcm9kdWN0Ijt9','2017-11-15 10:56:38'),(920,0,10,'update','superadmin','YToyOntzOjU6Imdyb3VwIjtzOjQ6Im1lbnUiO3M6NDoiaXRlbSI7czo4OiJBYm91dCBVcyI7fQ==','2017-11-15 10:56:45'),(921,0,10,'update','superadmin','YToyOntzOjU6Imdyb3VwIjtzOjQ6Im1lbnUiO3M6NDoiaXRlbSI7czoxMjoiS3JlZGl0cGx1c2t1Ijt9','2017-11-15 10:56:54'),(922,0,10,'update','superadmin','YToyOntzOjU6Imdyb3VwIjtzOjQ6Im1lbnUiO3M6NDoiaXRlbSI7czo4OiJBYm91dCBVcyI7fQ==','2017-11-15 10:57:02'),(923,0,10,'update','superadmin','YToyOntzOjU6Imdyb3VwIjtzOjQ6Im1lbnUiO3M6NDoiaXRlbSI7czo3OiJQcm9kdWN0Ijt9','2017-11-15 10:57:11'),(924,0,10,'update','superadmin','YToyOntzOjU6Imdyb3VwIjtzOjQ6Im1lbnUiO3M6NDoiaXRlbSI7czo4OiJBYm91dCBVcyI7fQ==','2017-11-15 10:57:18'),(925,0,10,'update','superadmin','YToyOntzOjU6Imdyb3VwIjtzOjQ6Im1lbnUiO3M6NDoiaXRlbSI7czoxMToiSW5mb3JtYXRpb24iO30=','2017-11-15 10:57:27'),(926,0,10,'update','superadmin','YToyOntzOjU6Imdyb3VwIjtzOjQ6Im1lbnUiO3M6NDoiaXRlbSI7czo4OiJBYm91dCBVcyI7fQ==','2017-11-15 10:57:36'),(927,0,10,'update','superadmin','YToyOntzOjU6Imdyb3VwIjtzOjQ6Im1lbnUiO3M6NDoiaXRlbSI7czo3OiJQcm9kdWN0Ijt9','2017-11-15 10:57:43'),(928,0,10,'update','superadmin','YToyOntzOjU6Imdyb3VwIjtzOjQ6Im1lbnUiO3M6NDoiaXRlbSI7czo4OiJBYm91dCBVcyI7fQ==','2017-11-15 10:57:53'),(929,0,10,'update','superadmin','YToyOntzOjU6Imdyb3VwIjtzOjQ6Im1lbnUiO3M6NDoiaXRlbSI7czoxMjoiS3JlZGl0cGx1c2t1Ijt9','2017-11-15 10:58:04'),(930,0,10,'update','superadmin','YToyOntzOjU6Imdyb3VwIjtzOjQ6Im1lbnUiO3M6NDoiaXRlbSI7czo4OiJBYm91dCBVcyI7fQ==','2017-11-15 10:58:19'),(931,0,10,'update','superadmin','YToyOntzOjU6Imdyb3VwIjtzOjQ6Im1lbnUiO3M6NDoiaXRlbSI7czo3OiJQcm9kdWN0Ijt9','2017-11-15 10:58:28'),(932,0,10,'update','superadmin','YToyOntzOjU6Imdyb3VwIjtzOjQ6Im1lbnUiO3M6NDoiaXRlbSI7czo4OiJBYm91dCBVcyI7fQ==','2017-11-15 10:58:36'),(933,0,10,'update','superadmin','YToyOntzOjU6Imdyb3VwIjtzOjQ6Im1lbnUiO3M6NDoiaXRlbSI7czo4OiJTaW11bGFzaSI7fQ==','2017-11-15 10:59:09'),(934,0,10,'insert','superadmin','YToyOntzOjU6Imdyb3VwIjtzOjQ6Im1lbnUiO3M6NDoiaXRlbSI7czoxMzoiQWp1a2FuIEtyZWRpdCI7fQ==','2017-11-15 11:02:03'),(935,0,10,'insert','superadmin','YToyOntzOjU6Imdyb3VwIjtzOjQ6Im1lbnUiO3M6NDoiaXRlbSI7czo0OiJOZXdzIjt9','2017-11-15 11:04:16'),(936,0,10,'update','superadmin','YToxOntzOjU6Imdyb3VwIjtzOjk6ImluZm9ybWFzaSI7fQ==','2017-11-15 11:05:06'),(937,0,10,'update','superadmin','YToxOntzOjU6Imdyb3VwIjtzOjk6ImluZm9ybWFzaSI7fQ==','2017-11-15 11:05:10'),(938,0,10,'update','superadmin','YToxOntzOjU6Imdyb3VwIjtzOjk6ImluZm9ybWFzaSI7fQ==','2017-11-15 11:05:19'),(939,0,10,'update','superadmin','YToxOntzOjU6Imdyb3VwIjtzOjk6ImluZm9ybWFzaSI7fQ==','2017-11-15 11:05:22'),(940,0,10,'update','superadmin','YToxOntzOjU6Imdyb3VwIjtzOjk6ImluZm9ybWFzaSI7fQ==','2017-11-15 11:05:25'),(941,0,10,'update','superadmin','YToxOntzOjU6Imdyb3VwIjtzOjk6ImluZm9ybWFzaSI7fQ==','2017-11-15 11:05:29'),(942,0,10,'update','superadmin','YToxOntzOjU6Imdyb3VwIjtzOjk6ImluZm9ybWFzaSI7fQ==','2017-11-15 11:05:32'),(943,0,10,'update','superadmin','YToxOntzOjU6Imdyb3VwIjtzOjY6ImJhbm5lciI7fQ==','2017-11-15 11:06:39'),(944,0,10,'update','superadmin','YToxOntzOjU6Imdyb3VwIjtzOjY6ImJhbm5lciI7fQ==','2017-11-15 11:10:11'),(945,0,10,'insert','superadmin','YToyOntzOjU6Imdyb3VwIjtzOjQ6Im1lbnUiO3M6NDoiaXRlbSI7czoxMjoiQ29udGFjdCBGb3JtIjt9','2017-11-15 11:11:28'),(946,0,10,'update','superadmin','YToxOntzOjU6Imdyb3VwIjtzOjc6ImNvbnRhY3QiO30=','2017-11-15 11:15:44'),(947,0,10,'update','superadmin','YToyOntzOjU6Imdyb3VwIjtzOjQ6Im1lbnUiO3M6NDoiaXRlbSI7czoxMjoiQXBwbHkgQ3JlZGl0Ijt9','2017-11-15 11:19:15'),(948,0,10,'update','superadmin','YToyOntzOjU6Imdyb3VwIjtzOjQ6Im1lbnUiO3M6NDoiaXRlbSI7czo3OiJDYXJlZXJzIjt9','2017-11-15 11:19:34'),(949,0,10,'update','superadmin','YToxOntzOjU6Imdyb3VwIjtzOjc6ImNvbnRlbnQiO30=','2017-11-15 11:39:58'),(950,0,10,'update','superadmin','YToxOntzOjU6Imdyb3VwIjtzOjg6InZpc2ltaXNpIjt9','2017-11-15 11:42:46'),(951,0,10,'update','superadmin','YToyOntzOjU6Imdyb3VwIjtzOjQ6Im1lbnUiO3M6NDoiaXRlbSI7czoxMDoiTWFuYWdlbWVudCI7fQ==','2017-11-15 11:45:29'),(952,0,10,'insert','superadmin','YToxOntzOjU6Imdyb3VwIjtzOjc6ImNvbnRlbnQiO30=','2017-11-15 11:46:59'),(953,0,10,'update','superadmin','YToxOntzOjU6Imdyb3VwIjtzOjY6ImJhbm5lciI7fQ==','2017-11-15 11:47:54'),(954,0,10,'update','superadmin','YToxOntzOjU6Imdyb3VwIjtzOjY6ImJhbm5lciI7fQ==','2017-11-15 11:48:36'),(955,0,0,'delete','redAlderGreatDane','YToxOntzOjU6Imdyb3VwIjtzOjc6InNlY3Rpb24iO30=','2017-11-15 11:51:55'),(956,0,0,'insert','redAlderGreatDane','YToxOntzOjU6Imdyb3VwIjtzOjc6InNlY3Rpb24iO30=','2017-11-15 11:53:06'),(957,0,0,'insert','redAlderGreatDane','YToxOntzOjU6Imdyb3VwIjtzOjc6ImNvbnRlbnQiO30=','2017-11-15 11:57:27'),(958,0,0,'update','redAlderGreatDane','YToxOntzOjU6Imdyb3VwIjtzOjc6InNlY3Rpb24iO30=','2017-11-15 12:01:15'),(959,0,10,'update','superadmin','YToyOntzOjU6Imdyb3VwIjtzOjY6InN5c3RlbSI7czo0OiJpdGVtIjtzOjE0OiJjb25maWd1cmF0aW9ucyI7fQ==','2017-11-15 12:16:05'),(960,0,10,'update','superadmin','YToxOntzOjU6Imdyb3VwIjtzOjc6ImNvbnRlbnQiO30=','2017-11-15 12:20:47'),(961,0,10,'delete','superadmin','YToxOntzOjU6Imdyb3VwIjtzOjc6ImNvbnRlbnQiO30=','2017-11-15 12:20:56'),(962,0,10,'update','superadmin','YToxOntzOjU6Imdyb3VwIjtzOjc6ImNvbnRlbnQiO30=','2017-11-15 12:23:02'),(963,0,10,'update','superadmin','YToyOntzOjU6Imdyb3VwIjtzOjQ6Im1lbnUiO3M6NDoiaXRlbSI7czozOiJHQ0ciO30=','2017-11-15 12:23:51'),(964,0,10,'update','superadmin','YToxOntzOjU6Imdyb3VwIjtzOjY6ImJhbm5lciI7fQ==','2017-11-15 12:24:22'),(965,0,10,'update','superadmin','YToxOntzOjU6Imdyb3VwIjtzOjY6ImJhbm5lciI7fQ==','2017-11-15 12:24:55'),(966,0,10,'update','superadmin','YToxOntzOjU6Imdyb3VwIjtzOjc6ImNvbnRlbnQiO30=','2017-11-15 12:25:09'),(967,0,0,'insert','redAlderGreatDane','YToxOntzOjU6Imdyb3VwIjtzOjE0OiJjb250ZW50X3Byb2R1ayI7fQ==','2017-11-15 12:28:37'),(968,0,10,'update','superadmin','YToxOntzOjU6Imdyb3VwIjtzOjE0OiJjb250ZW50X3Byb2R1ayI7fQ==','2017-11-15 12:31:18'),(969,0,10,'update','superadmin','YToxOntzOjU6Imdyb3VwIjtzOjE0OiJjb250ZW50X3Byb2R1ayI7fQ==','2017-11-15 12:31:33'),(970,0,10,'update','superadmin','YToxOntzOjU6Imdyb3VwIjtzOjE0OiJjb250ZW50X3Byb2R1ayI7fQ==','2017-11-15 12:33:06'),(971,0,10,'update','superadmin','YToxOntzOjU6Imdyb3VwIjtzOjE0OiJjb250ZW50X3Byb2R1ayI7fQ==','2017-11-15 12:33:31'),(972,0,10,'update','superadmin','YToxOntzOjU6Imdyb3VwIjtzOjE0OiJjb250ZW50X3Byb2R1ayI7fQ==','2017-11-15 12:34:04'),(973,0,10,'update','superadmin','YToxOntzOjU6Imdyb3VwIjtzOjE0OiJjb250ZW50X3Byb2R1ayI7fQ==','2017-11-15 12:35:30'),(974,0,10,'update','superadmin','YToxOntzOjU6Imdyb3VwIjtzOjE0OiJjb250ZW50X3Byb2R1ayI7fQ==','2017-11-15 12:35:47'),(975,0,10,'update','superadmin','YToxOntzOjU6Imdyb3VwIjtzOjY6ImJhbm5lciI7fQ==','2017-11-15 12:36:50'),(976,0,10,'update','superadmin','YToxOntzOjU6Imdyb3VwIjtzOjY6ImJhbm5lciI7fQ==','2017-11-15 12:37:14'),(977,0,0,'delete','redAlderGreatDane','YToxOntzOjU6Imdyb3VwIjtzOjc6InNlY3Rpb24iO30=','2017-11-15 12:39:20'),(978,0,0,'delete','redAlderGreatDane','YToxOntzOjU6Imdyb3VwIjtzOjc6InNlY3Rpb24iO30=','2017-11-15 12:39:33'),(979,0,10,'update','superadmin','YToxOntzOjU6Imdyb3VwIjtzOjk6ImluZm9ybWFzaSI7fQ==','2017-11-16 02:17:28'),(980,0,10,'update','superadmin','YToxOntzOjU6Imdyb3VwIjtzOjE0OiJjb250ZW50X3Byb2R1ayI7fQ==','2017-11-16 03:13:06'),(981,0,10,'delete','superadmin','YToxOntzOjU6Imdyb3VwIjtzOjExOiJtaW5pX2Jhbm5lciI7fQ==','2017-11-16 03:13:28'),(982,0,10,'delete','superadmin','YToxOntzOjU6Imdyb3VwIjtzOjExOiJtaW5pX2Jhbm5lciI7fQ==','2017-11-16 03:13:45'),(983,0,10,'insert','superadmin','YToxOntzOjU6Imdyb3VwIjtzOjExOiJtaW5pX2Jhbm5lciI7fQ==','2017-11-16 03:14:29'),(984,0,0,'insert','redAlderGreatDane','YToxOntzOjU6Imdyb3VwIjtzOjc6InNlY3Rpb24iO30=','2017-11-16 03:22:30'),(985,0,10,'insert','superadmin','YToxOntzOjU6Imdyb3VwIjtzOjY6ImJhbm5lciI7fQ==','2017-11-16 03:23:13'),(986,0,10,'delete','superadmin','YToxOntzOjU6Imdyb3VwIjtzOjY6ImJhbm5lciI7fQ==','2017-11-16 03:23:37'),(987,0,10,'update','superadmin','YToxOntzOjU6Imdyb3VwIjtzOjY6ImJhbm5lciI7fQ==','2017-11-16 03:24:16'),(988,0,10,'delete','superadmin','YToxOntzOjU6Imdyb3VwIjtzOjY6ImJhbm5lciI7fQ==','2017-11-16 03:24:38'),(989,0,10,'delete','superadmin','YToxOntzOjU6Imdyb3VwIjtzOjY6ImJhbm5lciI7fQ==','2017-11-16 03:24:58'),(990,0,10,'update','superadmin','YToxOntzOjU6Imdyb3VwIjtzOjY6ImJhbm5lciI7fQ==','2017-11-16 03:26:59'),(991,0,10,'update','superadmin','YToxOntzOjU6Imdyb3VwIjtzOjE0OiJjb250ZW50X3Byb2R1ayI7fQ==','2017-11-16 03:38:31'),(992,0,10,'update','superadmin','YToxOntzOjU6Imdyb3VwIjtzOjE0OiJjb250ZW50X3Byb2R1ayI7fQ==','2017-11-16 03:39:46'),(993,0,10,'update','superadmin','YToxOntzOjU6Imdyb3VwIjtzOjE0OiJjb250ZW50X3Byb2R1ayI7fQ==','2017-11-16 03:41:22'),(994,0,0,'update','redAlderGreatDane','YToxOntzOjU6Imdyb3VwIjtzOjc6InNlY3Rpb24iO30=','2017-11-16 03:47:03'),(995,0,10,'insert','superadmin','YToxOntzOjU6Imdyb3VwIjtzOjc6ImNvbnRlbnQiO30=','2017-11-16 03:49:21'),(996,0,10,'update','superadmin','YToxOntzOjU6Imdyb3VwIjtzOjY6ImJhbm5lciI7fQ==','2017-11-16 03:51:59'),(997,0,10,'update','superadmin','YToyOntzOjU6Imdyb3VwIjtzOjQ6Im1lbnUiO3M6NDoiaXRlbSI7czoxMToiRU4gS3JlZGl0TXUiO30=','2017-11-16 03:53:11'),(998,0,10,'update','superadmin','YToxOntzOjU6Imdyb3VwIjtzOjc6ImNvbnRlbnQiO30=','2017-11-16 03:55:04'),(999,0,10,'insert','superadmin','YToxOntzOjU6Imdyb3VwIjtzOjExOiJnb29nbGVfcGxheSI7fQ==','2017-11-16 03:58:22'),(1000,0,10,'update','superadmin','YToxOntzOjU6Imdyb3VwIjtzOjExOiJnb29nbGVfcGxheSI7fQ==','2017-11-16 03:58:35'),(1001,0,10,'update','superadmin','YToxOntzOjU6Imdyb3VwIjtzOjc6ImNvbnRlbnQiO30=','2017-11-16 03:59:18'),(1002,0,10,'update','superadmin','YToxOntzOjU6Imdyb3VwIjtzOjc6ImNvbnRlbnQiO30=','2017-11-16 04:01:15'),(1003,0,10,'update','superadmin','YToxOntzOjU6Imdyb3VwIjtzOjc6ImNvbnRlbnQiO30=','2017-11-16 04:01:41'),(1004,0,10,'update','superadmin','YToyOntzOjU6Imdyb3VwIjtzOjQ6Im1lbnUiO3M6NDoiaXRlbSI7czoxMToiRU4gS3JlZGl0TXUiO30=','2017-11-16 04:02:11'),(1005,0,10,'update','superadmin','YToxOntzOjU6Imdyb3VwIjtzOjc6ImNvbnRlbnQiO30=','2017-11-16 04:02:46'),(1006,0,10,'update','superadmin','YToxOntzOjU6Imdyb3VwIjtzOjY6ImJhbm5lciI7fQ==','2017-11-16 04:03:14'),(1007,0,10,'update','superadmin','YToxOntzOjU6Imdyb3VwIjtzOjk6ImluZm9ybWFzaSI7fQ==','2017-11-16 04:03:58'),(1008,0,10,'update','superadmin','YToxOntzOjU6Imdyb3VwIjtzOjk6ImluZm9ybWFzaSI7fQ==','2017-11-16 04:04:14'),(1009,0,10,'delete','superadmin','YToxOntzOjU6Imdyb3VwIjtzOjk6ImluZm9ybWFzaSI7fQ==','2017-11-16 04:04:40'),(1010,0,10,'delete','superadmin','YToxOntzOjU6Imdyb3VwIjtzOjk6ImluZm9ybWFzaSI7fQ==','2017-11-16 04:05:05'),(1011,0,10,'delete','superadmin','YToxOntzOjU6Imdyb3VwIjtzOjk6ImluZm9ybWFzaSI7fQ==','2017-11-16 04:05:08'),(1012,0,10,'delete','superadmin','YToxOntzOjU6Imdyb3VwIjtzOjk6ImluZm9ybWFzaSI7fQ==','2017-11-16 04:06:25'),(1013,0,10,'update','superadmin','YToxOntzOjU6Imdyb3VwIjtzOjk6ImluZm9ybWFzaSI7fQ==','2017-11-16 04:08:08'),(1014,0,10,'update','superadmin','YToxOntzOjU6Imdyb3VwIjtzOjk6ImluZm9ybWFzaSI7fQ==','2017-11-16 04:12:50'),(1015,0,10,'update','superadmin','YToxOntzOjU6Imdyb3VwIjtzOjk6ImluZm9ybWFzaSI7fQ==','2017-11-16 04:13:26'),(1016,0,10,'delete','superadmin','YToxOntzOjU6Imdyb3VwIjtzOjQ6InR5cGUiO30=','2017-11-16 04:13:49'),(1017,0,10,'update','superadmin','YToxOntzOjU6Imdyb3VwIjtzOjc6ImNvbnRhY3QiO30=','2017-11-16 04:15:44'),(1018,0,10,'update','superadmin','YToxOntzOjU6Imdyb3VwIjtzOjc6ImNvbnRhY3QiO30=','2017-11-16 04:15:56'),(1019,0,10,'update','superadmin','YToxOntzOjU6Imdyb3VwIjtzOjc6ImNvbnRhY3QiO30=','2017-11-16 04:16:21'),(1020,0,10,'update','superadmin','YToxOntzOjU6Imdyb3VwIjtzOjc6ImNvbnRhY3QiO30=','2017-11-16 04:18:09'),(1021,0,10,'update','superadmin','YToxOntzOjU6Imdyb3VwIjtzOjc6ImNvbnRhY3QiO30=','2017-11-16 04:19:40'),(1022,0,10,'update','superadmin','YToxOntzOjU6Imdyb3VwIjtzOjc6ImNvbnRlbnQiO30=','2017-11-16 04:21:11'),(1023,0,10,'update','superadmin','YToxOntzOjU6Imdyb3VwIjtzOjY6ImNhYmFuZyI7fQ==','2017-11-16 04:27:33'),(1024,0,10,'update','superadmin','YToxOntzOjU6Imdyb3VwIjtzOjY6ImNhYmFuZyI7fQ==','2017-11-16 04:27:58'),(1025,0,10,'update','superadmin','YToxOntzOjU6Imdyb3VwIjtzOjY6ImNhYmFuZyI7fQ==','2017-11-16 04:29:36'),(1026,0,10,'update','superadmin','YToxOntzOjU6Imdyb3VwIjtzOjY6ImNhYmFuZyI7fQ==','2017-11-16 04:33:08'),(1027,0,10,'update','superadmin','YToxOntzOjU6Imdyb3VwIjtzOjY6ImNhYmFuZyI7fQ==','2017-11-16 04:34:37'),(1028,0,10,'delete','superadmin','YToxOntzOjU6Imdyb3VwIjtzOjY6ImNhYmFuZyI7fQ==','2017-11-16 04:36:35'),(1029,0,0,'delete','redAlderGreatDane','YToxOntzOjU6Imdyb3VwIjtzOjc6InNlY3Rpb24iO30=','2017-11-16 05:05:50'),(1030,0,0,'delete','redAlderGreatDane','YToxOntzOjU6Imdyb3VwIjtzOjc6InNlY3Rpb24iO30=','2017-11-16 05:06:12'),(1031,0,0,'delete','redAlderGreatDane','YToxOntzOjU6Imdyb3VwIjtzOjc6InNlY3Rpb24iO30=','2017-11-16 05:06:32'),(1032,0,0,'delete','redAlderGreatDane','YToxOntzOjU6Imdyb3VwIjtzOjc6InNlY3Rpb24iO30=','2017-11-16 05:07:43'),(1033,0,0,'delete','redAlderGreatDane','YToxOntzOjU6Imdyb3VwIjtzOjc6InNlY3Rpb24iO30=','2017-11-16 05:07:55'),(1034,0,0,'delete','redAlderGreatDane','YToxOntzOjU6Imdyb3VwIjtzOjc6InNlY3Rpb24iO30=','2017-11-16 05:08:20'),(1035,0,0,'delete','redAlderGreatDane','YToxOntzOjU6Imdyb3VwIjtzOjc6InNlY3Rpb24iO30=','2017-11-16 05:08:33'),(1036,0,0,'delete','redAlderGreatDane','YToxOntzOjU6Imdyb3VwIjtzOjc6InNlY3Rpb24iO30=','2017-11-16 05:08:45'),(1037,0,0,'delete','redAlderGreatDane','YToxOntzOjU6Imdyb3VwIjtzOjc6InNlY3Rpb24iO30=','2017-11-16 05:08:54'),(1038,0,0,'update','redAlderGreatDane','YToxOntzOjU6Imdyb3VwIjtzOjc6InNlY3Rpb24iO30=','2017-11-16 05:09:23'),(1039,0,0,'delete','redAlderGreatDane','YToxOntzOjU6Imdyb3VwIjtzOjc6InNlY3Rpb24iO30=','2017-11-16 05:09:34'),(1040,0,0,'insert','redAlderGreatDane','YToxOntzOjU6Imdyb3VwIjtzOjc6InNlY3Rpb24iO30=','2017-11-16 05:10:03'),(1041,0,0,'update','redAlderGreatDane','YToxOntzOjU6Imdyb3VwIjtzOjY6ImJhbm5lciI7fQ==','2017-11-16 05:11:04'),(1042,0,0,'update','redAlderGreatDane','YToxOntzOjU6Imdyb3VwIjtzOjY6ImJhbm5lciI7fQ==','2017-11-16 05:11:24'),(1043,0,0,'update','redAlderGreatDane','YToxOntzOjU6Imdyb3VwIjtzOjY6ImJhbm5lciI7fQ==','2017-11-16 05:12:00'),(1044,0,0,'update','redAlderGreatDane','YToxOntzOjU6Imdyb3VwIjtzOjY6ImJhbm5lciI7fQ==','2017-11-16 05:12:43'),(1045,0,0,'insert','redAlderGreatDane','YToxOntzOjU6Imdyb3VwIjtzOjY6ImJhbm5lciI7fQ==','2017-11-16 05:13:31'),(1046,0,0,'delete','redAlderGreatDane','YToxOntzOjU6Imdyb3VwIjtzOjc6InNlY3Rpb24iO30=','2017-11-16 05:14:10'),(1047,0,0,'update','redAlderGreatDane','YToxOntzOjU6Imdyb3VwIjtzOjc6InNlY3Rpb24iO30=','2017-11-16 05:14:30'),(1048,0,0,'update','redAlderGreatDane','YToxOntzOjU6Imdyb3VwIjtzOjc6InNlY3Rpb24iO30=','2017-11-16 05:14:38'),(1049,0,0,'delete','redAlderGreatDane','YToxOntzOjU6Imdyb3VwIjtzOjc6InNlY3Rpb24iO30=','2017-11-16 05:15:01'),(1050,0,0,'delete','redAlderGreatDane','YToxOntzOjU6Imdyb3VwIjtzOjc6InNlY3Rpb24iO30=','2017-11-16 05:16:19'),(1051,0,0,'delete','redAlderGreatDane','YToxOntzOjU6Imdyb3VwIjtzOjc6InNlY3Rpb24iO30=','2017-11-16 05:16:37'),(1052,0,0,'delete','redAlderGreatDane','YToxOntzOjU6Imdyb3VwIjtzOjc6InNlY3Rpb24iO30=','2017-11-16 05:17:00'),(1053,0,0,'update','redAlderGreatDane','YToxOntzOjU6Imdyb3VwIjtzOjE0OiJjb250ZW50X3Byb2R1ayI7fQ==','2017-11-16 05:38:40'),(1054,0,10,'update','superadmin','YToxOntzOjU6Imdyb3VwIjtzOjE0OiJjb250ZW50X3Byb2R1ayI7fQ==','2017-11-16 05:38:54'),(1055,0,10,'update','superadmin','YToxOntzOjU6Imdyb3VwIjtzOjE0OiJjb250ZW50X3Byb2R1ayI7fQ==','2017-11-16 05:39:02'),(1056,0,10,'update','superadmin','YToxOntzOjU6Imdyb3VwIjtzOjY6ImJhbm5lciI7fQ==','2017-11-16 05:41:47'),(1057,0,0,'delete','redAlderGreatDane','YToxOntzOjU6Imdyb3VwIjtzOjc6InNlY3Rpb24iO30=','2017-11-16 06:04:43'),(1058,0,0,'update','redAlderGreatDane','YToxOntzOjU6Imdyb3VwIjtzOjc6InNlY3Rpb24iO30=','2017-11-16 06:05:00'),(1059,0,0,'update','redAlderGreatDane','YToxOntzOjU6Imdyb3VwIjtzOjY6ImJhbm5lciI7fQ==','2017-11-16 06:05:41'),(1060,0,0,'update','redAlderGreatDane','YToxOntzOjU6Imdyb3VwIjtzOjY6ImJhbm5lciI7fQ==','2017-11-16 06:06:27'),(1061,0,0,'update','redAlderGreatDane','YToxOntzOjU6Imdyb3VwIjtzOjc6InNlY3Rpb24iO30=','2017-11-16 06:07:29'),(1062,0,10,'update','superadmin','YToxOntzOjU6Imdyb3VwIjtzOjY6ImJhbm5lciI7fQ==','2017-11-16 07:36:37'),(1063,0,10,'update','superadmin','YToxOntzOjU6Imdyb3VwIjtzOjc6ImNvbnRlbnQiO30=','2017-11-16 07:37:20'),(1064,0,10,'update','superadmin','YToxOntzOjU6Imdyb3VwIjtzOjc6ImNvbnRlbnQiO30=','2017-11-16 07:39:47'),(1065,0,0,'delete','redAlderGreatDane','YToxOntzOjU6Imdyb3VwIjtzOjk6ImluZm9ybWFzaSI7fQ==','2017-11-17 07:27:50'),(1066,0,0,'delete','redAlderGreatDane','YToyOntzOjU6Imdyb3VwIjtzOjQ6Im1lbnUiO3M6NDoiaXRlbSI7czo0OiJOZXdzIjt9','2017-11-17 07:39:50'),(1067,0,0,'insert','redAlderGreatDane','YToyOntzOjU6Imdyb3VwIjtzOjQ6Im1lbnUiO3M6NDoiaXRlbSI7czo0OiJOZXdzIjt9','2017-11-17 07:41:32'),(1068,0,0,'insert','redAlderGreatDane','YToxOntzOjU6Imdyb3VwIjtzOjY6ImJhbm5lciI7fQ==','2017-11-17 07:42:15'),(1069,0,0,'insert','redAlderGreatDane','YToxOntzOjU6Imdyb3VwIjtzOjk6ImluZm9ybWFzaSI7fQ==','2017-11-17 07:43:10'),(1070,0,0,'update','redAlderGreatDane','YToyOntzOjU6Imdyb3VwIjtzOjQ6Im1lbnUiO3M6NDoiaXRlbSI7czo2OiJPZmZpY2UiO30=','2017-11-17 08:06:29'),(1071,0,10,'insert','superadmin','YToxOntzOjU6Imdyb3VwIjtzOjQ6InR5cGUiO30=','2017-11-17 09:43:35'),(1072,0,10,'update','superadmin','YToxOntzOjU6Imdyb3VwIjtzOjc6ImNvbnRhY3QiO30=','2017-11-17 09:47:30'),(1073,0,10,'update','superadmin','YToyOntzOjU6Imdyb3VwIjtzOjY6InN5c3RlbSI7czo0OiJpdGVtIjtzOjE0OiJjb25maWd1cmF0aW9ucyI7fQ==','2017-11-22 03:00:24'),(1074,0,10,'update','superadmin','YToxOntzOjU6Imdyb3VwIjtzOjY6InByb2R1ayI7fQ==','2017-11-22 03:01:45'),(1075,0,10,'update','superadmin','YToxOntzOjU6Imdyb3VwIjtzOjY6InByb2R1ayI7fQ==','2017-11-22 03:02:18'),(1076,0,10,'delete','superadmin','YToxOntzOjU6Imdyb3VwIjtzOjY6InByb2R1ayI7fQ==','2017-11-22 03:02:24'),(1077,0,10,'update','superadmin','YToxOntzOjU6Imdyb3VwIjtzOjY6InByb2R1ayI7fQ==','2017-11-22 03:09:32'),(1078,0,10,'update','superadmin','YToxOntzOjU6Imdyb3VwIjtzOjY6InByb2R1ayI7fQ==','2017-11-22 03:11:12'),(1079,0,10,'update','superadmin','YToxOntzOjU6Imdyb3VwIjtzOjY6InByb2R1ayI7fQ==','2017-11-22 03:13:43'),(1080,0,10,'update','superadmin','YToxOntzOjU6Imdyb3VwIjtzOjY6InByb2R1ayI7fQ==','2017-11-22 03:14:21'),(1081,0,10,'update','superadmin','YToxOntzOjU6Imdyb3VwIjtzOjY6InByb2R1ayI7fQ==','2017-11-22 03:14:28'),(1082,0,10,'update','superadmin','YToxOntzOjU6Imdyb3VwIjtzOjY6InByb2R1ayI7fQ==','2017-11-22 03:14:52'),(1083,0,10,'update','superadmin','YToxOntzOjU6Imdyb3VwIjtzOjY6InByb2R1ayI7fQ==','2017-11-22 03:15:10'),(1084,0,10,'update','superadmin','YToxOntzOjU6Imdyb3VwIjtzOjE0OiJjb250ZW50X3Byb2R1ayI7fQ==','2017-11-22 03:16:24'),(1085,0,10,'update','superadmin','YToyOntzOjU6Imdyb3VwIjtzOjQ6Im1lbnUiO3M6NDoiaXRlbSI7czoxMjoiRU4gTXVsdGlndW5hIjt9','2017-11-22 03:17:00'),(1086,0,10,'update','superadmin','YToyOntzOjU6Imdyb3VwIjtzOjQ6Im1lbnUiO3M6NDoiaXRlbSI7czoyMzoiRU4gUGluamFtYW4gTW9kYWwgVXNhaGEiO30=','2017-11-22 03:18:47'),(1087,0,10,'update','superadmin','YToyOntzOjU6Imdyb3VwIjtzOjQ6Im1lbnUiO3M6NDoiaXRlbSI7czoxMDoiRWxlY3Ryb25pYyI7fQ==','2017-11-22 03:19:03'),(1088,0,10,'update','superadmin','YToyOntzOjU6Imdyb3VwIjtzOjQ6Im1lbnUiO3M6NDoiaXRlbSI7czoxNDoiRU4gTW9kYWwgVXNhaGEiO30=','2017-11-22 03:19:25'),(1089,0,10,'deactivated','superadmin','YToyOntzOjU6Imdyb3VwIjtzOjQ6Im1lbnUiO3M6NDoiaXRlbSI7czoxMDoiTW90b3JjeWNsZSI7fQ==','2017-11-22 03:19:41'),(1090,0,10,'delete','superadmin','YToyOntzOjU6Imdyb3VwIjtzOjQ6Im1lbnUiO3M6NDoiaXRlbSI7czoxMDoiTW90b3JjeWNsZSI7fQ==','2017-11-22 03:20:44'),(1091,0,10,'update','superadmin','YToyOntzOjU6Imdyb3VwIjtzOjQ6Im1lbnUiO3M6NDoiaXRlbSI7czoxNDoiVmlzaW9uIE1pc3Npb24iO30=','2017-11-22 03:21:07'),(1092,0,10,'update','superadmin','YToyOntzOjU6Imdyb3VwIjtzOjQ6Im1lbnUiO3M6NDoiaXRlbSI7czoxMDoiTWFuYWdlbWVudCI7fQ==','2017-11-22 03:21:17'),(1093,0,10,'update','superadmin','YToyOntzOjU6Imdyb3VwIjtzOjQ6Im1lbnUiO3M6NDoiaXRlbSI7czoxMToiQWNoaWV2ZW1lbnQiO30=','2017-11-22 03:21:26'),(1094,0,10,'update','superadmin','YToyOntzOjU6Imdyb3VwIjtzOjQ6Im1lbnUiO3M6NDoiaXRlbSI7czoxNDoiVmlzaW9uIE1pc3Npb24iO30=','2017-11-22 03:21:47'),(1095,0,10,'update','superadmin','YToyOntzOjU6Imdyb3VwIjtzOjQ6Im1lbnUiO3M6NDoiaXRlbSI7czoxMDoiTWFuYWdlbWVudCI7fQ==','2017-11-22 03:22:00'),(1096,0,10,'delete','superadmin','YToxOntzOjU6Imdyb3VwIjtzOjE0OiJjb250ZW50X3Byb2R1ayI7fQ==','2017-11-22 03:22:54'),(1097,0,10,'update','superadmin','YToxOntzOjU6Imdyb3VwIjtzOjE0OiJjb250ZW50X3Byb2R1ayI7fQ==','2017-11-22 03:23:39'),(1098,0,10,'update','superadmin','YToyOntzOjU6Imdyb3VwIjtzOjQ6Im1lbnUiO3M6NDoiaXRlbSI7czoyMzoiRU4gS3JlZGl0bXUgJiBLUCBNb2JpbGUiO30=','2017-11-22 03:24:02'),(1099,0,0,'insert','redAlderGreatDane','YToxOntzOjU6Imdyb3VwIjtzOjE0OiJ0ZXN0aW1vbmlfdXNlciI7fQ==','2017-11-22 04:44:33'),(1100,0,0,'insert','redAlderGreatDane','YToyOntzOjU6Imdyb3VwIjtzOjQ6Im1lbnUiO3M6NDoiaXRlbSI7czozOiJUZXMiO30=','2017-11-22 04:53:05'),(1101,0,0,'insert','redAlderGreatDane','YToxOntzOjU6Imdyb3VwIjtzOjY6ImJhbm5lciI7fQ==','2017-11-22 04:53:27'),(1102,0,0,'insert','redAlderGreatDane','YToxOntzOjU6Imdyb3VwIjtzOjc6ImNvbnRlbnQiO30=','2017-11-22 04:53:53'),(1103,0,10,'update','superadmin','YToxOntzOjU6Imdyb3VwIjtzOjY6InByb2R1ayI7fQ==','2017-11-22 07:32:45'),(1104,0,10,'update','superadmin','YToyOntzOjU6Imdyb3VwIjtzOjY6InN5c3RlbSI7czo0OiJpdGVtIjtzOjE0OiJjb25maWd1cmF0aW9ucyI7fQ==','2017-11-22 07:34:53'),(1105,0,10,'delete','superadmin','YToyOntzOjU6Imdyb3VwIjtzOjQ6Im1lbnUiO3M6NDoiaXRlbSI7czozOiJUZXMiO30=','2017-11-22 07:35:16'),(1106,0,0,'update','redAlderGreatDane','YToyOntzOjU6Imdyb3VwIjtzOjQ6Im1lbnUiO3M6NDoiaXRlbSI7czoxNDoiVmlzaW9uIE1pc3Npb24iO30=','2017-11-22 07:43:41'),(1107,0,0,'update','redAlderGreatDane','YToyOntzOjU6Imdyb3VwIjtzOjQ6Im1lbnUiO3M6NDoiaXRlbSI7czozOiJHQ0ciO30=','2017-11-22 07:44:05'),(1108,0,0,'update','redAlderGreatDane','YToyOntzOjU6Imdyb3VwIjtzOjQ6Im1lbnUiO3M6NDoiaXRlbSI7czoxNDoiRU4gTW9kYWwgVXNhaGEiO30=','2017-11-22 07:44:30'),(1109,0,0,'update','redAlderGreatDane','YToyOntzOjU6Imdyb3VwIjtzOjQ6Im1lbnUiO3M6NDoiaXRlbSI7czoyMzoiRU4gS3JlZGl0bXUgJiBLUCBNb2JpbGUiO30=','2017-11-22 07:44:45'),(1110,0,0,'update','redAlderGreatDane','YToyOntzOjU6Imdyb3VwIjtzOjQ6Im1lbnUiO3M6NDoiaXRlbSI7czoxMToiRU4gS3JlZGl0TXUiO30=','2017-11-22 07:48:42'),(1111,0,0,'update','redAlderGreatDane','YToyOntzOjU6Imdyb3VwIjtzOjQ6Im1lbnUiO3M6NDoiaXRlbSI7czoxMzoiQWp1a2FuIEtyZWRpdCI7fQ==','2017-11-22 07:49:03'),(1112,0,0,'update','redAlderGreatDane','YToyOntzOjU6Imdyb3VwIjtzOjQ6Im1lbnUiO3M6NDoiaXRlbSI7czoxMDoiTWFuYWdlbWVudCI7fQ==','2017-11-22 07:51:17'),(1113,0,0,'update','redAlderGreatDane','YToyOntzOjU6Imdyb3VwIjtzOjQ6Im1lbnUiO3M6NDoiaXRlbSI7czoxNDoiVmlzaW9uIE1pc3Npb24iO30=','2017-11-22 07:51:38'),(1114,0,0,'update','redAlderGreatDane','YToyOntzOjU6Imdyb3VwIjtzOjQ6Im1lbnUiO3M6NDoiaXRlbSI7czo3OiJQcm9kdWN0Ijt9','2017-11-22 07:52:48'),(1115,0,0,'update','redAlderGreatDane','YToyOntzOjU6Imdyb3VwIjtzOjQ6Im1lbnUiO3M6NDoiaXRlbSI7czoxMjoiS3JlZGl0cGx1c2t1Ijt9','2017-11-22 07:53:45'),(1116,0,0,'update','redAlderGreatDane','YToyOntzOjU6Imdyb3VwIjtzOjQ6Im1lbnUiO3M6NDoiaXRlbSI7czoxMToiSW5mb3JtYXRpb24iO30=','2017-11-22 07:54:11'),(1117,0,0,'update','redAlderGreatDane','YToyOntzOjU6Imdyb3VwIjtzOjQ6Im1lbnUiO3M6NDoiaXRlbSI7czoxNzoiSEkhIEtSRURJVFBMVVMgRU4iO30=','2017-11-22 07:54:36'),(1118,0,0,'update','redAlderGreatDane','YToxOntzOjU6Imdyb3VwIjtzOjc6ImNvbnRlbnQiO30=','2017-11-22 08:04:03'),(1119,0,0,'update','redAlderGreatDane','YToyOntzOjU6Imdyb3VwIjtzOjQ6Im1lbnUiO3M6NDoiaXRlbSI7czo3OiJDYXJlZXJzIjt9','2017-11-22 08:05:16'),(1120,0,10,'update','superadmin','YToyOntzOjU6Imdyb3VwIjtzOjQ6Im1lbnUiO3M6NDoiaXRlbSI7czo3OiJQcm9maWxlIjt9','2017-11-22 08:10:59'),(1121,0,10,'update','superadmin','YToyOntzOjU6Imdyb3VwIjtzOjQ6Im1lbnUiO3M6NDoiaXRlbSI7czoxNDoiVmlzaW9uIE1pc3Npb24iO30=','2017-11-22 08:11:11'),(1122,0,10,'update','superadmin','YToyOntzOjU6Imdyb3VwIjtzOjQ6Im1lbnUiO3M6NDoiaXRlbSI7czoxMDoiTWFuYWdlbWVudCI7fQ==','2017-11-22 08:11:30'),(1123,0,10,'update','superadmin','YToyOntzOjU6Imdyb3VwIjtzOjQ6Im1lbnUiO3M6NDoiaXRlbSI7czoxMToiQWNoaWV2ZW1lbnQiO30=','2017-11-22 08:11:42'),(1124,0,0,'update','redAlderGreatDane','YToyOntzOjU6Imdyb3VwIjtzOjY6InN5c3RlbSI7czo0OiJpdGVtIjtzOjE0OiJjb25maWd1cmF0aW9ucyI7fQ==','2017-11-22 08:15:27'),(1125,0,10,'update','superadmin','YToxOntzOjU6Imdyb3VwIjtzOjY6InByb2R1ayI7fQ==','2017-11-22 08:15:57'),(1126,0,10,'update','superadmin','YToxOntzOjU6Imdyb3VwIjtzOjY6InByb2R1ayI7fQ==','2017-11-22 08:16:25'),(1127,0,10,'update','superadmin','YToxOntzOjU6Imdyb3VwIjtzOjY6InByb2R1ayI7fQ==','2017-11-22 08:16:40'),(1128,0,10,'update','superadmin','YToxOntzOjU6Imdyb3VwIjtzOjY6InByb2R1ayI7fQ==','2017-11-22 08:17:01'),(1129,0,10,'update','superadmin','YToxOntzOjU6Imdyb3VwIjtzOjc6ImNvbnRhY3QiO30=','2017-11-22 08:17:38'),(1130,0,10,'update','superadmin','YToxOntzOjU6Imdyb3VwIjtzOjc6ImNvbnRhY3QiO30=','2017-11-22 08:17:48'),(1131,0,0,'insert','redAlderGreatDane','YToxOntzOjU6Imdyb3VwIjtzOjY6ImJhbm5lciI7fQ==','2017-11-22 08:48:57'),(1132,0,0,'delete','redAlderGreatDane','YToyOntzOjU6Imdyb3VwIjtzOjQ6Im1lbnUiO3M6NDoiaXRlbSI7czoxMzoiQWp1a2FuIEtyZWRpdCI7fQ==','2017-11-22 09:15:41'),(1133,0,10,'insert','superadmin','YToxOntzOjU6Imdyb3VwIjtzOjk6ImluZm9ybWFzaSI7fQ==','2017-11-22 10:11:36'),(1134,0,0,'update','redAlderGreatDane','YToxOntzOjU6Imdyb3VwIjtzOjc6ImNvbnRlbnQiO30=','2017-11-22 10:51:39'),(1135,0,10,'update','superadmin','YToxOntzOjU6Imdyb3VwIjtzOjc6ImNvbnRlbnQiO30=','2017-11-23 03:51:15'),(1136,0,10,'update','superadmin','YToyOntzOjU6Imdyb3VwIjtzOjQ6Im1lbnUiO3M6NDoiaXRlbSI7czo5OiJBYm91dCBVcyAiO30=','2017-11-23 06:38:31'),(1137,0,10,'update','superadmin','YToyOntzOjU6Imdyb3VwIjtzOjQ6Im1lbnUiO3M6NDoiaXRlbSI7czo4OiJBYm91dCBVcyI7fQ==','2017-11-23 06:38:41'),(1138,0,10,'update','superadmin','YToyOntzOjU6Imdyb3VwIjtzOjY6InN5c3RlbSI7czo0OiJpdGVtIjtzOjE0OiJjb25maWd1cmF0aW9ucyI7fQ==','2017-11-23 07:31:56'),(1139,0,10,'update','superadmin','YToyOntzOjU6Imdyb3VwIjtzOjY6InN5c3RlbSI7czo0OiJpdGVtIjtzOjE0OiJjb25maWd1cmF0aW9ucyI7fQ==','2017-11-23 07:32:10'),(1140,0,0,'insert','redAlderGreatDane','YToxOntzOjU6Imdyb3VwIjtzOjY6ImNhYmFuZyI7fQ==','2017-11-23 08:46:16'),(1141,0,0,'update','redAlderGreatDane','YToxOntzOjU6Imdyb3VwIjtzOjY6ImNhYmFuZyI7fQ==','2017-11-23 08:48:33'),(1142,0,0,'update','redAlderGreatDane','YToxOntzOjU6Imdyb3VwIjtzOjY6ImNhYmFuZyI7fQ==','2017-11-23 08:49:49'),(1143,0,0,'update','redAlderGreatDane','YToxOntzOjU6Imdyb3VwIjtzOjY6ImNhYmFuZyI7fQ==','2017-11-23 08:52:28'),(1144,0,0,'update','redAlderGreatDane','YToxOntzOjU6Imdyb3VwIjtzOjY6ImNhYmFuZyI7fQ==','2017-11-23 09:10:50'),(1145,0,10,'update','superadmin','YToyOntzOjU6Imdyb3VwIjtzOjY6InN5c3RlbSI7czo0OiJpdGVtIjtzOjE0OiJjb25maWd1cmF0aW9ucyI7fQ==','2017-11-23 10:41:15'),(1146,0,0,'update','redAlderGreatDane','YToyOntzOjU6Imdyb3VwIjtzOjY6InN5c3RlbSI7czo0OiJpdGVtIjtzOjE0OiJjb25maWd1cmF0aW9ucyI7fQ==','2017-11-23 10:48:34'),(1147,0,0,'update','redAlderGreatDane','YToxOntzOjU6Imdyb3VwIjtzOjc6ImNvbnRlbnQiO30=','2017-11-24 02:11:42'),(1148,0,0,'update','redAlderGreatDane','YToxOntzOjU6Imdyb3VwIjtzOjc6ImNvbnRlbnQiO30=','2017-11-24 02:11:54'),(1149,0,10,'update','superadmin','YToyOntzOjU6Imdyb3VwIjtzOjY6InN5c3RlbSI7czo0OiJpdGVtIjtzOjE0OiJjb25maWd1cmF0aW9ucyI7fQ==','2017-11-24 02:16:29'),(1150,0,10,'update','superadmin','YToyOntzOjU6Imdyb3VwIjtzOjY6InN5c3RlbSI7czo0OiJpdGVtIjtzOjE0OiJjb25maWd1cmF0aW9ucyI7fQ==','2017-11-24 02:22:09'),(1151,0,10,'update','superadmin','YToyOntzOjU6Imdyb3VwIjtzOjY6InN5c3RlbSI7czo0OiJpdGVtIjtzOjE0OiJjb25maWd1cmF0aW9ucyI7fQ==','2017-11-24 02:24:12'),(1152,0,10,'update','superadmin','YToyOntzOjU6Imdyb3VwIjtzOjQ6Im1lbnUiO3M6NDoiaXRlbSI7czoyMDoiRU4gS3JlZGl0cGx1cyBNb2JpbGUiO30=','2017-11-24 02:30:01'),(1153,0,10,'update','superadmin','YToyOntzOjU6Imdyb3VwIjtzOjQ6Im1lbnUiO3M6NDoiaXRlbSI7czoxMToiRU4gS3JlZGl0TXUiO30=','2017-11-24 02:30:06'),(1154,0,10,'update','superadmin','YToxOntzOjU6Imdyb3VwIjtzOjY6ImJhbm5lciI7fQ==','2017-11-24 02:31:39'),(1155,0,10,'update','superadmin','YToxOntzOjU6Imdyb3VwIjtzOjY6ImJhbm5lciI7fQ==','2017-11-24 02:32:22'),(1156,0,10,'update','superadmin','YToxOntzOjU6Imdyb3VwIjtzOjc6ImNvbnRlbnQiO30=','2017-11-24 02:32:56'),(1157,0,10,'update','superadmin','YToxOntzOjU6Imdyb3VwIjtzOjc6ImNvbnRlbnQiO30=','2017-11-24 02:33:40'),(1158,0,10,'delete','superadmin','YToxOntzOjU6Imdyb3VwIjtzOjc6ImNvbnRlbnQiO30=','2017-11-24 02:33:44'),(1159,0,10,'update','superadmin','YToyOntzOjU6Imdyb3VwIjtzOjY6InN5c3RlbSI7czo0OiJpdGVtIjtzOjE0OiJjb25maWd1cmF0aW9ucyI7fQ==','2017-11-24 02:40:04'),(1160,0,10,'update','superadmin','YToyOntzOjU6Imdyb3VwIjtzOjY6InN5c3RlbSI7czo0OiJpdGVtIjtzOjE0OiJjb25maWd1cmF0aW9ucyI7fQ==','2017-11-24 02:40:15'),(1161,0,10,'update','superadmin','YToyOntzOjU6Imdyb3VwIjtzOjY6InN5c3RlbSI7czo0OiJpdGVtIjtzOjE0OiJjb25maWd1cmF0aW9ucyI7fQ==','2017-11-24 02:40:39'),(1162,0,0,'update','redAlderGreatDane','YToxOntzOjU6Imdyb3VwIjtzOjY6ImJhbm5lciI7fQ==','2017-12-05 07:42:35'),(1163,0,0,'update','redAlderGreatDane','YToxOntzOjU6Imdyb3VwIjtzOjY6ImJhbm5lciI7fQ==','2017-12-05 07:43:34'),(1164,0,10,'update','superadmin','YToxOntzOjU6Imdyb3VwIjtzOjk6ImluZm9ybWFzaSI7fQ==','2017-12-11 07:19:25'),(1165,0,10,'delete','superadmin','YToxOntzOjU6Imdyb3VwIjtzOjk6ImluZm9ybWFzaSI7fQ==','2017-12-11 07:19:38'),(1166,0,10,'update','superadmin','YToxOntzOjU6Imdyb3VwIjtzOjY6ImNhYmFuZyI7fQ==','2017-12-11 07:33:31'),(1167,0,10,'delete','superadmin','YToxOntzOjU6Imdyb3VwIjtzOjY6ImNhYmFuZyI7fQ==','2017-12-11 07:34:28'),(1168,0,10,'delete','superadmin','YToxOntzOjU6Imdyb3VwIjtzOjY6ImNhYmFuZyI7fQ==','2017-12-11 07:34:31'),(1169,0,10,'delete','superadmin','YToxOntzOjU6Imdyb3VwIjtzOjY6ImNhYmFuZyI7fQ==','2017-12-11 07:34:34'),(1170,0,10,'delete','superadmin','YToxOntzOjU6Imdyb3VwIjtzOjY6ImNhYmFuZyI7fQ==','2017-12-11 07:34:36'),(1171,0,10,'delete','superadmin','YToxOntzOjU6Imdyb3VwIjtzOjY6ImNhYmFuZyI7fQ==','2017-12-11 07:34:40'),(1172,0,10,'insert','superadmin','YToxOntzOjU6Imdyb3VwIjtzOjY6ImNhYmFuZyI7fQ==','2017-12-11 07:36:29'),(1173,0,10,'update','superadmin','YToxOntzOjU6Imdyb3VwIjtzOjc6ImxheWFuYW4iO30=','2017-12-11 07:42:49'),(1174,0,10,'update','superadmin','YToyOntzOjU6Imdyb3VwIjtzOjY6InN5c3RlbSI7czo0OiJpdGVtIjtzOjE0OiJjb25maWd1cmF0aW9ucyI7fQ==','2017-12-11 07:48:42'),(1175,0,10,'update','superadmin','YToxOntzOjU6Imdyb3VwIjtzOjc6ImNvbnRlbnQiO30=','2017-12-11 07:52:43'),(1176,0,10,'update','superadmin','YToxOntzOjU6Imdyb3VwIjtzOjc6ImNvbnRlbnQiO30=','2017-12-11 07:53:12'),(1177,0,10,'update','superadmin','YToxOntzOjU6Imdyb3VwIjtzOjExOiJtaW5pX2Jhbm5lciI7fQ==','2017-12-11 07:59:44'),(1178,0,10,'update','superadmin','YToxOntzOjU6Imdyb3VwIjtzOjExOiJtaW5pX2Jhbm5lciI7fQ==','2017-12-11 08:00:53'),(1179,0,10,'update','superadmin','YToxOntzOjU6Imdyb3VwIjtzOjExOiJtaW5pX2Jhbm5lciI7fQ==','2017-12-11 08:01:30'),(1180,0,10,'update','superadmin','YToxOntzOjU6Imdyb3VwIjtzOjExOiJtaW5pX2Jhbm5lciI7fQ==','2017-12-11 08:01:37'),(1181,0,10,'update','superadmin','YToxOntzOjU6Imdyb3VwIjtzOjc6ImNvbnRlbnQiO30=','2017-12-11 08:05:32'),(1182,0,10,'update','superadmin','YToxOntzOjU6Imdyb3VwIjtzOjc6ImNvbnRlbnQiO30=','2017-12-11 08:06:25'),(1183,0,10,'update','superadmin','YToxOntzOjU6Imdyb3VwIjtzOjc6ImNvbnRlbnQiO30=','2017-12-11 08:06:45'),(1184,0,10,'update','superadmin','YToxOntzOjU6Imdyb3VwIjtzOjc6ImNvbnRlbnQiO30=','2017-12-11 08:07:02'),(1185,0,10,'update','superadmin','YToxOntzOjU6Imdyb3VwIjtzOjc6ImNvbnRlbnQiO30=','2017-12-11 08:07:12'),(1186,0,10,'update','superadmin','YToxOntzOjU6Imdyb3VwIjtzOjc6ImNvbnRlbnQiO30=','2017-12-11 08:10:06'),(1187,0,10,'update','superadmin','YToxOntzOjU6Imdyb3VwIjtzOjc6ImNvbnRlbnQiO30=','2017-12-11 08:10:33'),(1188,0,10,'update','superadmin','YToxOntzOjU6Imdyb3VwIjtzOjc6ImNvbnRlbnQiO30=','2017-12-11 08:11:20'),(1189,0,10,'update','superadmin','YToxOntzOjU6Imdyb3VwIjtzOjc6ImNvbnRlbnQiO30=','2017-12-11 08:11:40'),(1190,0,10,'update','superadmin','YToxOntzOjU6Imdyb3VwIjtzOjc6ImNvbnRlbnQiO30=','2017-12-11 08:11:57'),(1191,0,10,'update','superadmin','YToxOntzOjU6Imdyb3VwIjtzOjc6ImNvbnRlbnQiO30=','2017-12-11 08:12:31'),(1192,0,10,'update','superadmin','YToxOntzOjU6Imdyb3VwIjtzOjc6ImNvbnRlbnQiO30=','2017-12-11 08:13:33'),(1193,0,10,'update','superadmin','YToxOntzOjU6Imdyb3VwIjtzOjc6ImNvbnRlbnQiO30=','2017-12-11 08:15:03'),(1194,0,10,'update','superadmin','YToxOntzOjU6Imdyb3VwIjtzOjc6ImNvbnRlbnQiO30=','2017-12-11 08:15:40'),(1195,0,10,'update','superadmin','YToxOntzOjU6Imdyb3VwIjtzOjc6ImNvbnRlbnQiO30=','2017-12-11 08:16:02'),(1196,0,0,'update','redAlderGreatDane','YToxOntzOjU6Imdyb3VwIjtzOjg6InNpbXVsYXNpIjt9','2017-12-11 08:44:37'),(1197,0,0,'update','redAlderGreatDane','YToxOntzOjU6Imdyb3VwIjtzOjg6InNpbXVsYXNpIjt9','2017-12-11 09:10:37'),(1198,0,10,'update','superadmin','YToxOntzOjU6Imdyb3VwIjtzOjc6ImNvbnRlbnQiO30=','2017-12-11 09:14:42'),(1199,0,10,'update','superadmin','YToxOntzOjU6Imdyb3VwIjtzOjE0OiJjb250ZW50X3Byb2R1ayI7fQ==','2017-12-11 09:18:21'),(1200,0,10,'update','superadmin','YToxOntzOjU6Imdyb3VwIjtzOjE0OiJjb250ZW50X3Byb2R1ayI7fQ==','2017-12-11 09:19:04'),(1201,0,10,'update','superadmin','YToxOntzOjU6Imdyb3VwIjtzOjE0OiJjb250ZW50X3Byb2R1ayI7fQ==','2017-12-11 09:20:55'),(1202,0,10,'update','superadmin','YToxOntzOjU6Imdyb3VwIjtzOjE0OiJjb250ZW50X3Byb2R1ayI7fQ==','2017-12-11 09:26:00'),(1203,0,10,'update','superadmin','YToxOntzOjU6Imdyb3VwIjtzOjY6InByb2R1ayI7fQ==','2017-12-11 09:26:31'),(1204,0,10,'update','superadmin','YToxOntzOjU6Imdyb3VwIjtzOjY6InByb2R1ayI7fQ==','2017-12-11 09:26:55'),(1205,0,10,'update','superadmin','YToxOntzOjU6Imdyb3VwIjtzOjY6InByb2R1ayI7fQ==','2017-12-11 09:27:35'),(1206,0,10,'update','superadmin','YToxOntzOjU6Imdyb3VwIjtzOjY6InByb2R1ayI7fQ==','2017-12-11 09:27:51'),(1207,0,10,'update','superadmin','YToxOntzOjU6Imdyb3VwIjtzOjY6InByb2R1ayI7fQ==','2017-12-11 09:28:07'),(1208,0,10,'insert','superadmin','YToxOntzOjU6Imdyb3VwIjtzOjY6InByb2R1ayI7fQ==','2017-12-11 09:29:08'),(1209,0,10,'update','superadmin','YToxOntzOjU6Imdyb3VwIjtzOjY6InByb2R1ayI7fQ==','2017-12-11 09:29:44'),(1210,0,10,'update','superadmin','YToxOntzOjU6Imdyb3VwIjtzOjY6InByb2R1ayI7fQ==','2017-12-11 09:30:04'),(1211,0,10,'insert','superadmin','YToxOntzOjU6Imdyb3VwIjtzOjE0OiJjb250ZW50X3Byb2R1ayI7fQ==','2017-12-11 09:31:12'),(1212,0,10,'update','superadmin','YToxOntzOjU6Imdyb3VwIjtzOjE0OiJjb250ZW50X3Byb2R1ayI7fQ==','2017-12-11 09:31:26'),(1213,0,10,'update','superadmin','YToyOntzOjU6Imdyb3VwIjtzOjQ6Im1lbnUiO3M6NDoiaXRlbSI7czoyMToiTXVsdGkgR3VuYSBFbGVrdHJvbmlrIjt9','2017-12-11 09:51:03'),(1214,0,10,'update','superadmin','YToyOntzOjU6Imdyb3VwIjtzOjQ6Im1lbnUiO3M6NDoiaXRlbSI7czoxNjoiTXVsdGkgR3VuYSBNb2JpbCI7fQ==','2017-12-11 09:51:18'),(1215,0,10,'insert','superadmin','YToyOntzOjU6Imdyb3VwIjtzOjQ6Im1lbnUiO3M6NDoiaXRlbSI7czoxNjoiTXVsdGkgR3VuYSBNb3RvciI7fQ==','2017-12-11 09:51:45'),(1216,0,10,'update','superadmin','YToyOntzOjU6Imdyb3VwIjtzOjQ6Im1lbnUiO3M6NDoiaXRlbSI7czoyMzoiRU4gS3JlZGl0bXUgJiBLUCBNb2JpbGUiO30=','2017-12-11 09:52:02'),(1217,0,10,'update','superadmin','YToyOntzOjU6Imdyb3VwIjtzOjQ6Im1lbnUiO3M6NDoiaXRlbSI7czoxNjoiTXVsdGkgR3VuYSBNb3RvciI7fQ==','2017-12-11 09:52:22'),(1218,0,10,'update','superadmin','YToxOntzOjU6Imdyb3VwIjtzOjY6ImJhbm5lciI7fQ==','2017-12-11 09:53:40'),(1219,0,10,'update','superadmin','YToxOntzOjU6Imdyb3VwIjtzOjY6InByb2R1ayI7fQ==','2017-12-11 09:54:10'),(1220,0,10,'update','superadmin','YToxOntzOjU6Imdyb3VwIjtzOjY6InByb2R1ayI7fQ==','2017-12-11 09:54:28'),(1221,0,10,'update','superadmin','YToxOntzOjU6Imdyb3VwIjtzOjY6InByb2R1ayI7fQ==','2017-12-11 09:54:57'),(1222,0,10,'insert','superadmin','YToxOntzOjU6Imdyb3VwIjtzOjY6ImJhbm5lciI7fQ==','2017-12-11 09:56:13'),(1223,0,10,'update','superadmin','YToxOntzOjU6Imdyb3VwIjtzOjE0OiJjb250ZW50X3Byb2R1ayI7fQ==','2017-12-11 09:56:35'),(1224,0,10,'update','superadmin','YToxOntzOjU6Imdyb3VwIjtzOjE0OiJjb250ZW50X3Byb2R1ayI7fQ==','2017-12-11 09:56:58'),(1225,0,10,'update','superadmin','YToxOntzOjU6Imdyb3VwIjtzOjE0OiJjb250ZW50X3Byb2R1ayI7fQ==','2017-12-11 09:58:29'),(1226,0,10,'update','superadmin','YToxOntzOjU6Imdyb3VwIjtzOjE0OiJjb250ZW50X3Byb2R1ayI7fQ==','2017-12-11 10:16:02'),(1227,0,10,'update','superadmin','YToxOntzOjU6Imdyb3VwIjtzOjc6ImNvbnRlbnQiO30=','2017-12-11 10:19:31'),(1228,0,10,'update','superadmin','YToxOntzOjU6Imdyb3VwIjtzOjc6ImNvbnRlbnQiO30=','2017-12-11 10:20:04'),(1229,0,10,'update','superadmin','YToxOntzOjU6Imdyb3VwIjtzOjc6ImNvbnRlbnQiO30=','2017-12-11 10:20:29'),(1230,0,10,'update','superadmin','YToxOntzOjU6Imdyb3VwIjtzOjc6ImNvbnRlbnQiO30=','2017-12-11 10:21:04'),(1231,0,10,'update','superadmin','YToxOntzOjU6Imdyb3VwIjtzOjc6ImNvbnRlbnQiO30=','2017-12-12 03:18:22'),(1232,0,10,'update','superadmin','YToxOntzOjU6Imdyb3VwIjtzOjc6ImNvbnRlbnQiO30=','2017-12-12 03:19:36'),(1233,0,10,'update','superadmin','YToxOntzOjU6Imdyb3VwIjtzOjc6ImNvbnRlbnQiO30=','2017-12-12 03:20:56'),(1234,0,10,'update','superadmin','YToxOntzOjU6Imdyb3VwIjtzOjc6ImNvbnRlbnQiO30=','2017-12-12 03:21:23'),(1235,0,10,'update','superadmin','YToxOntzOjU6Imdyb3VwIjtzOjg6InZpc2ltaXNpIjt9','2017-12-12 03:22:59'),(1236,0,10,'update','superadmin','YToyOntzOjU6Imdyb3VwIjtzOjQ6Im1lbnUiO3M6NDoiaXRlbSI7czozOiJHQ0ciO30=','2017-12-12 03:23:46'),(1237,0,10,'update','superadmin','YToxOntzOjU6Imdyb3VwIjtzOjE0OiJjb250ZW50X3Byb2R1ayI7fQ==','2017-12-12 03:24:30'),(1238,0,10,'update','superadmin','YToxOntzOjU6Imdyb3VwIjtzOjE0OiJjb250ZW50X3Byb2R1ayI7fQ==','2017-12-12 03:24:59'),(1239,0,10,'delete','superadmin','YToxOntzOjU6Imdyb3VwIjtzOjg6InByZXN0YXNpIjt9','2017-12-12 03:29:11'),(1240,0,10,'delete','superadmin','YToxOntzOjU6Imdyb3VwIjtzOjg6InByZXN0YXNpIjt9','2017-12-12 03:29:14'),(1241,0,10,'delete','superadmin','YToxOntzOjU6Imdyb3VwIjtzOjg6InByZXN0YXNpIjt9','2017-12-12 03:29:16'),(1242,0,10,'delete','superadmin','YToxOntzOjU6Imdyb3VwIjtzOjg6InByZXN0YXNpIjt9','2017-12-12 03:29:18'),(1243,0,10,'delete','superadmin','YToxOntzOjU6Imdyb3VwIjtzOjg6InByZXN0YXNpIjt9','2017-12-12 03:29:21'),(1244,0,10,'delete','superadmin','YToxOntzOjU6Imdyb3VwIjtzOjg6InByZXN0YXNpIjt9','2017-12-12 03:29:23'),(1245,0,10,'delete','superadmin','YToxOntzOjU6Imdyb3VwIjtzOjg6InByZXN0YXNpIjt9','2017-12-12 03:29:25'),(1246,0,10,'delete','superadmin','YToxOntzOjU6Imdyb3VwIjtzOjg6InByZXN0YXNpIjt9','2017-12-12 03:29:28'),(1247,0,10,'insert','superadmin','YToxOntzOjU6Imdyb3VwIjtzOjg6InByZXN0YXNpIjt9','2017-12-12 03:33:36'),(1248,0,10,'insert','superadmin','YToxOntzOjU6Imdyb3VwIjtzOjg6InByZXN0YXNpIjt9','2017-12-12 03:34:16'),(1249,0,10,'update','superadmin','YToxOntzOjU6Imdyb3VwIjtzOjg6InByZXN0YXNpIjt9','2017-12-12 03:35:22'),(1250,0,10,'update','superadmin','YToxOntzOjU6Imdyb3VwIjtzOjg6InByZXN0YXNpIjt9','2017-12-12 03:35:47'),(1251,0,10,'update','superadmin','YToxOntzOjU6Imdyb3VwIjtzOjg6InByZXN0YXNpIjt9','2017-12-12 03:36:18'),(1252,0,10,'update','superadmin','YToxOntzOjU6Imdyb3VwIjtzOjg6InByZXN0YXNpIjt9','2017-12-12 03:36:39'),(1253,0,10,'insert','superadmin','YToxOntzOjU6Imdyb3VwIjtzOjg6InByZXN0YXNpIjt9','2017-12-12 03:37:56'),(1254,0,10,'insert','superadmin','YToxOntzOjU6Imdyb3VwIjtzOjg6InByZXN0YXNpIjt9','2017-12-12 03:40:04'),(1255,0,10,'insert','superadmin','YToxOntzOjU6Imdyb3VwIjtzOjg6InByZXN0YXNpIjt9','2017-12-12 03:41:48'),(1256,0,10,'insert','superadmin','YToxOntzOjU6Imdyb3VwIjtzOjg6InByZXN0YXNpIjt9','2017-12-12 03:44:14'),(1257,0,10,'insert','superadmin','YToxOntzOjU6Imdyb3VwIjtzOjg6InByZXN0YXNpIjt9','2017-12-12 03:47:23'),(1258,0,10,'insert','superadmin','YToxOntzOjU6Imdyb3VwIjtzOjg6InByZXN0YXNpIjt9','2017-12-12 03:48:50'),(1259,0,10,'insert','superadmin','YToxOntzOjU6Imdyb3VwIjtzOjg6InByZXN0YXNpIjt9','2017-12-12 03:51:08'),(1260,0,10,'insert','superadmin','YToxOntzOjU6Imdyb3VwIjtzOjg6InByZXN0YXNpIjt9','2017-12-12 03:52:17'),(1261,0,10,'delete','superadmin','YToxOntzOjU6Imdyb3VwIjtzOjU6ImthcmlyIjt9','2017-12-12 03:53:26'),(1262,0,10,'delete','superadmin','YToxOntzOjU6Imdyb3VwIjtzOjU6ImthcmlyIjt9','2017-12-12 03:53:30'),(1263,0,10,'delete','superadmin','YToxOntzOjU6Imdyb3VwIjtzOjU6ImthcmlyIjt9','2017-12-12 03:53:32'),(1264,0,10,'delete','superadmin','YToxOntzOjU6Imdyb3VwIjtzOjU6ImthcmlyIjt9','2017-12-12 03:53:42'),(1265,0,10,'delete','superadmin','YToxOntzOjU6Imdyb3VwIjtzOjU6ImthcmlyIjt9','2017-12-12 03:53:44'),(1266,0,10,'delete','superadmin','YToxOntzOjU6Imdyb3VwIjtzOjU6ImthcmlyIjt9','2017-12-12 03:53:47'),(1267,0,10,'insert','superadmin','YToxOntzOjU6Imdyb3VwIjtzOjU6ImthcmlyIjt9','2017-12-12 03:55:14'),(1268,0,10,'insert','superadmin','YToxOntzOjU6Imdyb3VwIjtzOjU6ImthcmlyIjt9','2017-12-12 03:56:04'),(1269,0,10,'insert','superadmin','YToxOntzOjU6Imdyb3VwIjtzOjU6ImthcmlyIjt9','2017-12-12 03:56:38'),(1270,0,10,'update','superadmin','YToxOntzOjU6Imdyb3VwIjtzOjU6ImthcmlyIjt9','2017-12-12 03:56:58'),(1271,0,10,'update','superadmin','YToxOntzOjU6Imdyb3VwIjtzOjU6ImthcmlyIjt9','2017-12-12 03:57:17'),(1272,0,10,'update','superadmin','YToxOntzOjU6Imdyb3VwIjtzOjU6ImthcmlyIjt9','2017-12-12 03:57:35'),(1273,0,10,'update','superadmin','YToxOntzOjU6Imdyb3VwIjtzOjU6ImthcmlyIjt9','2017-12-12 03:57:39'),(1274,0,10,'insert','superadmin','YToxOntzOjU6Imdyb3VwIjtzOjU6ImthcmlyIjt9','2017-12-12 03:58:33'),(1275,0,10,'insert','superadmin','YToxOntzOjU6Imdyb3VwIjtzOjU6ImthcmlyIjt9','2017-12-12 03:59:00'),(1276,0,10,'insert','superadmin','YToxOntzOjU6Imdyb3VwIjtzOjU6ImthcmlyIjt9','2017-12-12 03:59:20'),(1277,0,10,'insert','superadmin','YToxOntzOjU6Imdyb3VwIjtzOjU6ImthcmlyIjt9','2017-12-12 03:59:42'),(1278,0,10,'insert','superadmin','YToxOntzOjU6Imdyb3VwIjtzOjU6ImthcmlyIjt9','2017-12-12 04:00:01'),(1279,0,10,'insert','superadmin','YToxOntzOjU6Imdyb3VwIjtzOjU6ImthcmlyIjt9','2017-12-12 04:00:19'),(1280,0,10,'insert','superadmin','YToxOntzOjU6Imdyb3VwIjtzOjU6ImthcmlyIjt9','2017-12-12 04:00:35'),(1281,0,0,'insert','redAlderGreatDane','YToxOntzOjU6Imdyb3VwIjtzOjc6InNlY3Rpb24iO30=','2017-12-12 05:03:34'),(1282,0,0,'update','redAlderGreatDane','YToxOntzOjU6Imdyb3VwIjtzOjc6ImNvbnRlbnQiO30=','2017-12-12 05:04:05'),(1283,0,0,'update','redAlderGreatDane','YToxOntzOjU6Imdyb3VwIjtzOjc6ImNvbnRlbnQiO30=','2017-12-12 05:04:12'),(1284,0,0,'update','redAlderGreatDane','YToxOntzOjU6Imdyb3VwIjtzOjc6ImNvbnRlbnQiO30=','2017-12-12 05:04:33'),(1285,0,10,'insert','superadmin','YToxOntzOjU6Imdyb3VwIjtzOjY6ImNhYmFuZyI7fQ==','2017-12-12 06:51:50'),(1286,0,10,'delete','superadmin','YToxOntzOjU6Imdyb3VwIjtzOjY6ImNhYmFuZyI7fQ==','2017-12-12 06:52:06'),(1287,0,10,'insert','superadmin','YToxOntzOjU6Imdyb3VwIjtzOjY6ImNhYmFuZyI7fQ==','2017-12-12 06:58:02'),(1288,0,10,'update','superadmin','YToxOntzOjU6Imdyb3VwIjtzOjE0OiJjb250ZW50X3Byb2R1ayI7fQ==','2017-12-12 09:27:48'),(1289,0,10,'update','superadmin','YToxOntzOjU6Imdyb3VwIjtzOjY6ImNhYmFuZyI7fQ==','2017-12-15 05:10:34'),(1290,0,10,'update','superadmin','YToxOntzOjU6Imdyb3VwIjtzOjY6ImNhYmFuZyI7fQ==','2017-12-15 05:10:38'),(1291,0,10,'update','superadmin','YToxOntzOjU6Imdyb3VwIjtzOjY6ImNhYmFuZyI7fQ==','2017-12-15 05:10:42'),(1292,0,0,'update','redAlderGreatDane','YToxOntzOjU6Imdyb3VwIjtzOjY6ImNhYmFuZyI7fQ==','2017-12-15 05:59:43'),(1293,0,0,'update','redAlderGreatDane','YToxOntzOjU6Imdyb3VwIjtzOjY6ImNhYmFuZyI7fQ==','2017-12-15 06:00:19'),(1294,0,10,'insert','superadmin','YToxOntzOjU6Imdyb3VwIjtzOjY6ImNhYmFuZyI7fQ==','2017-12-15 11:07:16'),(1295,0,10,'insert','superadmin','YToxOntzOjU6Imdyb3VwIjtzOjY6ImNhYmFuZyI7fQ==','2017-12-15 11:08:29'),(1296,0,0,'update','redAlderGreatDane','YToxOntzOjU6Imdyb3VwIjtzOjY6ImNhYmFuZyI7fQ==','2017-12-15 12:12:26'),(1297,0,0,'update','redAlderGreatDane','YToxOntzOjU6Imdyb3VwIjtzOjY6ImNhYmFuZyI7fQ==','2017-12-15 12:12:34'),(1298,0,10,'update','superadmin','YToxOntzOjU6Imdyb3VwIjtzOjg6InNpbXVsYXNpIjt9','2017-12-20 09:25:51'),(1299,0,10,'update','superadmin','YToxOntzOjU6Imdyb3VwIjtzOjc6ImNvbnRlbnQiO30=','2017-12-20 09:28:05'),(1300,0,10,'update','superadmin','YToxOntzOjU6Imdyb3VwIjtzOjc6ImNvbnRlbnQiO30=','2017-12-20 09:28:37'),(1301,0,10,'update','superadmin','YToxOntzOjU6Imdyb3VwIjtzOjc6ImNvbnRlbnQiO30=','2017-12-21 01:16:58'),(1302,0,10,'update','superadmin','YToyOntzOjU6Imdyb3VwIjtzOjY6InN5c3RlbSI7czo0OiJpdGVtIjtzOjE0OiJjb25maWd1cmF0aW9ucyI7fQ==','2017-12-21 02:40:59'),(1303,0,0,'update','redAlderGreatDane','YToxOntzOjU6Imdyb3VwIjtzOjEzOiJjb250ZW50X2thcmlyIjt9','2017-12-21 03:02:03'),(1304,0,0,'update','redAlderGreatDane','YToxOntzOjU6Imdyb3VwIjtzOjEzOiJjb250ZW50X2thcmlyIjt9','2017-12-21 03:02:23'),(1305,0,10,'update','superadmin','YToyOntzOjU6Imdyb3VwIjtzOjQ6Im1lbnUiO3M6NDoiaXRlbSI7czoyMDoiS3JlZGl0bXUgJiBLUCBNb2JpbGUiO30=','2017-12-21 03:04:29'),(1306,0,10,'update','superadmin','YToyOntzOjU6Imdyb3VwIjtzOjQ6Im1lbnUiO3M6NDoiaXRlbSI7czoxNzoiS3JlZGl0cGx1cyBNb2JpbGUiO30=','2017-12-21 03:04:47'),(1307,0,10,'update','superadmin','YToyOntzOjU6Imdyb3VwIjtzOjQ6Im1lbnUiO3M6NDoiaXRlbSI7czo4OiJLcmVkaXRNdSI7fQ==','2017-12-21 03:04:59'),(1308,0,10,'update','superadmin','YToyOntzOjU6Imdyb3VwIjtzOjQ6Im1lbnUiO3M6NDoiaXRlbSI7czoxNDoiSEkhIEtSRURJVFBMVVMiO30=','2017-12-21 03:05:21'),(1309,0,10,'update','superadmin','YToyOntzOjU6Imdyb3VwIjtzOjQ6Im1lbnUiO3M6NDoiaXRlbSI7czoxMzoiQnJhbmNoIE9mZmljZSI7fQ==','2017-12-21 03:05:50'),(1310,0,10,'update','superadmin','YToyOntzOjU6Imdyb3VwIjtzOjQ6Im1lbnUiO3M6NDoiaXRlbSI7czoxMDoiR2V0IENyZWRpdCI7fQ==','2017-12-21 03:06:19'),(1311,0,10,'update','superadmin','YToyOntzOjU6Imdyb3VwIjtzOjQ6Im1lbnUiO3M6NDoiaXRlbSI7czoxMDoiU2ltdWxhdGlvbiI7fQ==','2017-12-21 03:06:39'),(1312,0,10,'update','superadmin','YToyOntzOjU6Imdyb3VwIjtzOjQ6Im1lbnUiO3M6NDoiaXRlbSI7czoxMjoiS3JlZGl0cGx1c2t1Ijt9','2017-12-21 03:07:49'),(1313,0,10,'update','superadmin','YToxOntzOjU6Imdyb3VwIjtzOjU6InNsaWRlIjt9','2017-12-21 07:51:19'),(1314,0,10,'update','superadmin','YToxOntzOjU6Imdyb3VwIjtzOjU6InNsaWRlIjt9','2017-12-21 07:51:24'),(1315,0,10,'update','superadmin','YToxOntzOjU6Imdyb3VwIjtzOjU6InNsaWRlIjt9','2017-12-21 07:51:36'),(1316,0,10,'update','superadmin','YToxOntzOjU6Imdyb3VwIjtzOjU6InNsaWRlIjt9','2017-12-21 07:51:52'),(1317,0,10,'update','superadmin','YToxOntzOjU6Imdyb3VwIjtzOjU6InNsaWRlIjt9','2017-12-21 07:51:54'),(1318,0,10,'update','superadmin','YToxOntzOjU6Imdyb3VwIjtzOjc6ImxheWFuYW4iO30=','2017-12-21 07:56:03'),(1319,0,10,'update','superadmin','YToxOntzOjU6Imdyb3VwIjtzOjY6InByb2R1ayI7fQ==','2017-12-21 07:57:41'),(1320,0,10,'update','superadmin','YToxOntzOjU6Imdyb3VwIjtzOjY6InByb2R1ayI7fQ==','2017-12-21 07:57:53'),(1321,0,10,'update','superadmin','YToxOntzOjU6Imdyb3VwIjtzOjY6InByb2R1ayI7fQ==','2017-12-21 07:57:56'),(1322,0,10,'update','superadmin','YToxOntzOjU6Imdyb3VwIjtzOjY6InByb2R1ayI7fQ==','2017-12-21 07:57:59'),(1323,0,10,'update','superadmin','YToxOntzOjU6Imdyb3VwIjtzOjE0OiJ0ZXN0aW1vbmlfdXNlciI7fQ==','2017-12-21 08:04:38'),(1324,0,10,'update','superadmin','YToxOntzOjU6Imdyb3VwIjtzOjE0OiJ0ZXN0aW1vbmlfdXNlciI7fQ==','2017-12-21 08:05:19'),(1325,0,10,'update','superadmin','YToxOntzOjU6Imdyb3VwIjtzOjE0OiJ0ZXN0aW1vbmlfdXNlciI7fQ==','2017-12-21 08:05:26'),(1326,0,10,'update','superadmin','YToxOntzOjU6Imdyb3VwIjtzOjE0OiJ0ZXN0aW1vbmlfdXNlciI7fQ==','2017-12-21 08:05:34'),(1327,0,10,'update','superadmin','YToxOntzOjU6Imdyb3VwIjtzOjk6ImluZm9ybWFzaSI7fQ==','2017-12-21 08:06:25'),(1328,0,10,'update','superadmin','YToxOntzOjU6Imdyb3VwIjtzOjk6ImluZm9ybWFzaSI7fQ==','2017-12-21 08:06:40'),(1329,0,10,'update','superadmin','YToxOntzOjU6Imdyb3VwIjtzOjg6InZpc2ltaXNpIjt9','2017-12-21 08:08:01'),(1330,0,10,'update','superadmin','YToxOntzOjU6Imdyb3VwIjtzOjE0OiJjb250ZW50X3Byb2R1ayI7fQ==','2017-12-21 08:09:41'),(1331,0,10,'update','superadmin','YToxOntzOjU6Imdyb3VwIjtzOjE0OiJjb250ZW50X3Byb2R1ayI7fQ==','2017-12-21 08:10:18'),(1332,0,10,'update','superadmin','YToxOntzOjU6Imdyb3VwIjtzOjE0OiJjb250ZW50X3Byb2R1ayI7fQ==','2017-12-21 08:10:47'),(1333,0,10,'update','superadmin','YToxOntzOjU6Imdyb3VwIjtzOjk6ImluZm9ybWFzaSI7fQ==','2017-12-21 08:11:33'),(1334,0,10,'update','superadmin','YToxOntzOjU6Imdyb3VwIjtzOjE0OiJmb3JtX3BlbmdhanVhbiI7fQ==','2017-12-21 08:14:40'),(1335,0,0,'update','redAlderGreatDane','YToxOntzOjU6Imdyb3VwIjtzOjc6ImNvbnRlbnQiO30=','2017-12-21 08:15:32'),(1336,0,0,'update','redAlderGreatDane','YToxOntzOjU6Imdyb3VwIjtzOjc6ImNvbnRlbnQiO30=','2017-12-21 08:16:25'),(1337,0,0,'update','redAlderGreatDane','YToxOntzOjU6Imdyb3VwIjtzOjc6ImNvbnRlbnQiO30=','2017-12-21 08:16:37'),(1338,0,10,'update','superadmin','YToxOntzOjU6Imdyb3VwIjtzOjc6ImNvbnRlbnQiO30=','2017-12-21 08:17:22'),(1339,0,10,'update','superadmin','YToxOntzOjU6Imdyb3VwIjtzOjg6InNpbXVsYXNpIjt9','2017-12-21 08:19:30'),(1340,0,10,'update','superadmin','YToyOntzOjU6Imdyb3VwIjtzOjQ6Im1lbnUiO3M6NDoiaXRlbSI7czoyMToiTXVsdGkgR3VuYSBFbGVrdHJvbmlrIjt9','2017-12-21 08:25:46'),(1341,0,10,'update','superadmin','YToyOntzOjU6Imdyb3VwIjtzOjQ6Im1lbnUiO3M6NDoiaXRlbSI7czoxNjoiTXVsdGkgR3VuYSBNb2JpbCI7fQ==','2017-12-21 08:25:51'),(1342,0,10,'update','superadmin','YToyOntzOjU6Imdyb3VwIjtzOjQ6Im1lbnUiO3M6NDoiaXRlbSI7czoxNjoiTXVsdGkgR3VuYSBNb3RvciI7fQ==','2017-12-21 08:26:10'),(1343,0,10,'insert','superadmin','YToyOntzOjU6Imdyb3VwIjtzOjQ6Im1lbnUiO3M6NDoiaXRlbSI7czoxMToiTW9kYWwgVXNhaGEiO30=','2017-12-22 08:41:29'),(1344,0,10,'insert','superadmin','YToxOntzOjU6Imdyb3VwIjtzOjY6ImJhbm5lciI7fQ==','2017-12-22 08:42:50'),(1345,0,10,'update','superadmin','YToyOntzOjU6Imdyb3VwIjtzOjQ6Im1lbnUiO3M6NDoiaXRlbSI7czoxMToiTW9kYWwgVXNhaGEiO30=','2017-12-22 08:43:13'),(1346,0,10,'insert','superadmin','YToxOntzOjU6Imdyb3VwIjtzOjE0OiJjb250ZW50X3Byb2R1ayI7fQ==','2017-12-22 08:49:23'),(1347,0,10,'insert','superadmin','YToxOntzOjU6Imdyb3VwIjtzOjY6InByb2R1ayI7fQ==','2017-12-22 08:51:01'),(1348,0,10,'update','superadmin','YToxOntzOjU6Imdyb3VwIjtzOjE0OiJjb250ZW50X3Byb2R1ayI7fQ==','2017-12-22 11:57:30'),(1349,0,10,'update','superadmin','YToyOntzOjU6Imdyb3VwIjtzOjQ6Im1lbnUiO3M6NDoiaXRlbSI7czozOiJLUE0iO30=','2017-12-22 11:59:53'),(1350,0,10,'update','superadmin','YToyOntzOjU6Imdyb3VwIjtzOjQ6Im1lbnUiO3M6NDoiaXRlbSI7czo4OiJLcmVkaXRtdSI7fQ==','2017-12-22 12:02:34'),(1351,0,10,'update','superadmin','YToxOntzOjU6Imdyb3VwIjtzOjE0OiJjb250ZW50X3Byb2R1ayI7fQ==','2017-12-22 12:11:59'),(1352,0,10,'delete','superadmin','YToxOntzOjU6Imdyb3VwIjtzOjExOiJnb29nbGVfcGxheSI7fQ==','2017-12-22 12:13:32'),(1353,0,0,'update','redAlderGreatDane','YToxOntzOjU6Imdyb3VwIjtzOjE0OiJjb250ZW50X3Byb2R1ayI7fQ==','2017-12-22 12:33:41'),(1354,0,0,'update','redAlderGreatDane','YToxOntzOjU6Imdyb3VwIjtzOjE0OiJjb250ZW50X3Byb2R1ayI7fQ==','2017-12-22 12:34:38'),(1355,0,0,'update','redAlderGreatDane','YToxOntzOjU6Imdyb3VwIjtzOjE0OiJjb250ZW50X3Byb2R1ayI7fQ==','2017-12-27 01:28:06'),(1356,0,0,'update','redAlderGreatDane','YToxOntzOjU6Imdyb3VwIjtzOjE0OiJjb250ZW50X3Byb2R1ayI7fQ==','2017-12-27 01:28:27'),(1357,0,0,'update','redAlderGreatDane','YToxOntzOjU6Imdyb3VwIjtzOjE0OiJjb250ZW50X3Byb2R1ayI7fQ==','2017-12-27 01:29:36'),(1358,0,10,'update','superadmin','YToxOntzOjU6Imdyb3VwIjtzOjE0OiJjb250ZW50X3Byb2R1ayI7fQ==','2017-12-27 08:35:53'),(1359,0,10,'update','superadmin','YToxOntzOjU6Imdyb3VwIjtzOjE0OiJjb250ZW50X3Byb2R1ayI7fQ==','2017-12-27 08:38:26'),(1360,0,10,'update','superadmin','YToxOntzOjU6Imdyb3VwIjtzOjE0OiJjb250ZW50X3Byb2R1ayI7fQ==','2017-12-27 08:40:23'),(1361,0,0,'insert','redAlderGreatDane','YToxOntzOjU6Imdyb3VwIjtzOjc6InNlY3Rpb24iO30=','2017-12-27 08:44:34'),(1362,0,0,'insert','redAlderGreatDane','YToxOntzOjU6Imdyb3VwIjtzOjc6InNlY3Rpb24iO30=','2017-12-27 08:44:53'),(1363,0,0,'insert','redAlderGreatDane','YToxOntzOjU6Imdyb3VwIjtzOjc6InNlY3Rpb24iO30=','2017-12-27 08:45:15'),(1364,0,0,'update','redAlderGreatDane','YToxOntzOjU6Imdyb3VwIjtzOjE0OiJjb250ZW50X3Byb2R1ayI7fQ==','2017-12-27 08:48:17'),(1365,0,10,'update','superadmin','YToxOntzOjU6Imdyb3VwIjtzOjExOiJnb29nbGVfcGxheSI7fQ==','2017-12-27 10:03:01'),(1366,0,10,'delete','superadmin','YToxOntzOjU6Imdyb3VwIjtzOjExOiJnb29nbGVfcGxheSI7fQ==','2018-01-02 08:21:37'),(1367,0,10,'insert','superadmin','YToxOntzOjU6Imdyb3VwIjtzOjExOiJnb29nbGVfcGxheSI7fQ==','2018-01-02 08:31:12'),(1368,0,10,'update','superadmin','YToyOntzOjU6Imdyb3VwIjtzOjY6InN5c3RlbSI7czo0OiJpdGVtIjtzOjE0OiJjb25maWd1cmF0aW9ucyI7fQ==','2018-01-02 10:04:31'),(1369,0,10,'update','superadmin','YToyOntzOjU6Imdyb3VwIjtzOjQ6Im1lbnUiO3M6NDoiaXRlbSI7czo4OiJLcmVkaXRtdSI7fQ==','2018-01-02 10:06:02'),(1370,0,10,'update','superadmin','YToyOntzOjU6Imdyb3VwIjtzOjQ6Im1lbnUiO3M6NDoiaXRlbSI7czo4OiJLcmVkaXRtdSI7fQ==','2018-01-02 10:06:59'),(1371,0,10,'update','superadmin','YToxOntzOjU6Imdyb3VwIjtzOjg6InNpbXVsYXNpIjt9','2018-01-03 10:25:13'),(1372,0,0,'update','redAlderGreatDane','YToyOntzOjU6Imdyb3VwIjtzOjY6InN5c3RlbSI7czo0OiJpdGVtIjtzOjE0OiJjb25maWd1cmF0aW9ucyI7fQ==','2018-01-03 10:44:59'),(1373,0,10,'update','superadmin','YToyOntzOjU6Imdyb3VwIjtzOjY6InN5c3RlbSI7czo0OiJpdGVtIjtzOjE0OiJjb25maWd1cmF0aW9ucyI7fQ==','2018-01-03 11:34:27');

/*Table structure for table `informasi` */

DROP TABLE IF EXISTS `informasi`;

CREATE TABLE `informasi` (
  `id` int(10) unsigned NOT NULL AUTO_INCREMENT,
  `section_id` varchar(100) COLLATE utf8_unicode_ci NOT NULL,
  `title` varchar(100) COLLATE utf8_unicode_ci NOT NULL,
  `intro` varchar(2000) COLLATE utf8_unicode_ci NOT NULL,
  `description` text COLLATE utf8_unicode_ci NOT NULL,
  `image` varchar(100) COLLATE utf8_unicode_ci NOT NULL,
  `type` varchar(100) COLLATE utf8_unicode_ci NOT NULL,
  `permalink` varchar(255) COLLATE utf8_unicode_ci DEFAULT NULL,
  `image2` varchar(100) COLLATE utf8_unicode_ci DEFAULT NULL,
  PRIMARY KEY (`id`)
) ENGINE=InnoDB AUTO_INCREMENT=10 DEFAULT CHARSET=utf8 COLLATE=utf8_unicode_ci;

/*Data for the table `informasi` */

insert  into `informasi`(`id`,`section_id`,`title`,`intro`,`description`,`image`,`type`,`permalink`,`image2`) values (2,'35.53','Ini Dia Tips Belanja Pintar Dengan Uang THR','This is Photoshop\'s version of Lorem Ipsum. Proin gravida nibh vel velit auctor aliquet. Aenean sollicitudin, lorem quis bibendum auctor, nisi elit consequat ipsum, nec sagittis sem nibh id elit. Duis sed odio sit amet nibh vulputate cursus a sit amet mauris.','<p>Kreditplus memiliki lisensi pembiayaan modal kerja, pembiayaan multi guna dan berbagai aktivitas lainnya sesuai dengan persetujuan Otoritas Jasa Keuangan. Saat ini, Kreditplus memfokuskan bisnisnya pada pembiayaan mobil, motor dan elektronik. Serta telah menjadi salah satu pemain terkemuka di industri pembiayaan yang tersebar melalui jaringan distribusi di 244 lokasi di seluruh Indonesia serta didukung oleh lebih dari 12.000 karyawan.</p>\r\n\r\n<p>Kreditplus memiliki lisensi pembiayaan modal kerja, pembiayaan multi guna dan berbagai aktivitas lainnya sesuai dengan persetujuan Otoritas Jasa Keuangan. Saat ini, Kreditplus memfokuskan bisnisnya pada pembiayaan mobil, motor dan elektronik. Serta telah menjadi salah satu pemain terkemuka di industri pembiayaan yang tersebar melalui jaringan distribusi di 244 lokasi di seluruh Indonesia serta didukung oleh lebih dari 12.000 karyawan.</p>\r\n','site/uploads/banners/5a0d1042789d2-promo-01.jpg','berita','ini-dia-tips-belanja-pintar-dengan-uang-thr2','site/uploads/banners/5a0d10667c019-news-thumb-01.jpg'),(4,'35.53','Selecting Car In accordance with Family Needsf','This is Photoshop\'s version of Lorem Ipsum. Proin gravida nibh vel velit auctor aliquet. Aenean sollicitudin, lorem quis bibendum auctor, nisi elit consequat ipsum, nec sagittis sem nibh id elit. Duis sed odio sit amet nibh vulputate cursus a sit amet mauris.','<p>Kreditplus memiliki lisensi pembiayaan modal kerja, pembiayaan multi guna dan berbagai aktivitas lainnya sesuai dengan persetujuan Otoritas Jasa Keuangan. Saat ini, Kreditplus memfokuskan bisnisnya pada pembiayaan mobil, motor dan elektronik. Serta telah menjadi salah satu pemain terkemuka di industri pembiayaan yang tersebar melalui jaringan distribusi di 244 lokasi di seluruh Indonesia serta didukung oleh lebih dari 12.000 karyawan.</p>\r\n\r\n<p>Kreditplus memiliki lisensi pembiayaan modal kerja, pembiayaan multi guna dan berbagai aktivitas lainnya sesuai dengan persetujuan Otoritas Jasa Keuangan. Saat ini, Kreditplus memfokuskan bisnisnya pada pembiayaan mobil, motor dan elektronik. Serta telah menjadi salah satu pemain terkemuka di industri pembiayaan yang tersebar melalui jaringan distribusi di 244 lokasi di seluruh Indonesia serta didukung oleh lebih dari 12.000 karyawan.</p>\r\n','site/uploads/banners/5a0cf53847982-news-lg-01.jpg','promo','selecting-car-in-accordance-with-family-needsf','site/uploads/banners/5a0cf53847d2c-news-thumb-01.jpg'),(9,'35.53','Ini Dia Tips Belanja Pintar Dengan Uang THR','This is Photoshop\'s version of Lorem Ipsum. Proin gravida nibh vel velit auctor aliquet. Aenean sollicitudin, lorem quis bibendum auctor, nisi elit consequat ipsum, nec sagittis sem nibh id elit. Duis sed odio sit amet nibh vulputate cursus a sit amet mauris.','<p>Kreditplus memiliki lisensi pembiayaan modal kerja, pembiayaan multi guna dan berbagai aktivitas lainnya sesuai dengan persetujuan Otoritas Jasa Keuangan. Saat ini, Kreditplus memfokuskan bisnisnya pada pembiayaan mobil, motor dan elektronik. Serta telah menjadi salah satu pemain terkemuka di industri pembiayaan yang tersebar melalui jaringan distribusi di 244 lokasi di seluruh Indonesia serta didukung oleh lebih dari 12.000 karyawan.</p>\r\n\r\n<p>Kreditplus memiliki lisensi pembiayaan modal kerja, pembiayaan multi guna dan berbagai aktivitas lainnya sesuai dengan persetujuan Otoritas Jasa Keuangan. Saat ini, Kreditplus memfokuskan bisnisnya pada pembiayaan mobil, motor dan elektronik. Serta telah menjadi salah satu pemain terkemuka di industri pembiayaan yang tersebar melalui jaringan distribusi di 244 lokasi di seluruh Indonesia serta didukung oleh lebih dari 12.000 karyawan.</p>\r\n','site/uploads/banners/5a3b6b900a31a-news-lg-01.jpg','promo','ini-dia-tips-belanja-pintar-dengan-uang-thr','site/uploads/banners/5a2e317d8ee01-news-thumb-01.jpg');

/*Table structure for table `informasi_i18n` */

DROP TABLE IF EXISTS `informasi_i18n`;

CREATE TABLE `informasi_i18n` (
  `id` bigint(20) unsigned NOT NULL AUTO_INCREMENT,
  `lang_code` char(2) COLLATE utf8_unicode_ci NOT NULL,
  `informasi_id` int(10) unsigned NOT NULL,
  `title` varchar(100) COLLATE utf8_unicode_ci DEFAULT NULL,
  `intro` varchar(2000) COLLATE utf8_unicode_ci DEFAULT NULL,
  `description` text COLLATE utf8_unicode_ci,
  `permalink` varchar(255) COLLATE utf8_unicode_ci DEFAULT NULL,
  `create_on` datetime NOT NULL,
  PRIMARY KEY (`id`)
) ENGINE=InnoDB AUTO_INCREMENT=10 DEFAULT CHARSET=utf8 COLLATE=utf8_unicode_ci;

/*Data for the table `informasi_i18n` */

insert  into `informasi_i18n`(`id`,`lang_code`,`informasi_id`,`title`,`intro`,`description`,`permalink`,`create_on`) values (1,'id',4,'Memilih Mobil Sesuai Dengan Kebutuhan Keluarga','Ini adalah versi Photoshop dari Lorem Ipsum. Tempurung matium nias velvet nilam. Aenean sollicitudin, lorem quis bibendum auctor, nisi elit akibatnya ipsum, nec sagittis sem nibh id elit. Duis sed odio duduk amet nibh vulputate cursus duduk amet mauris.','<p>Kreditplus memiliki lisensi pembiayaan modal kerja, pembiayaan multi guna dan berbagai aktivitas lainnya sesuai dengan persetujuan Otoritas Jasa Keuangan. Saat ini, Kreditplus memfokuskan bisnisnya pada pembiayaan mobil, motor dan elektronik. Serta telah menjadi salah satu pemain terkemuka di industri pembiayaan yang tersebar melalui jaringan distribusi di 244 lokasi di seluruh Indonesia serta didukung oleh lebih dari 12.000 karyawan.</p>\r\n\r\n<p>Kreditplus memiliki lisensi pembiayaan modal kerja, pembiayaan multi guna dan berbagai aktivitas lainnya sesuai dengan persetujuan Otoritas Jasa Keuangan. Saat ini, Kreditplus memfokuskan bisnisnya pada pembiayaan mobil, motor dan elektronik. Serta telah menjadi salah satu pemain terkemuka di industri pembiayaan yang tersebar melalui jaringan distribusi di 244 lokasi di seluruh Indonesia serta didukung oleh lebih dari 12.000 karyawan.</p>\r\n','selecting-car-in-accordance-with-family-needsf','2017-11-02 07:31:25'),(6,'id',2,'Ini Dia Tips Belanja Pintar Dengan Uang THR','This is Photoshop\'s version of Lorem Ipsum. Proin gravida nibh vel velit auctor aliquet. Aenean sollicitudin, lorem quis bibendum auctor, nisi elit consequat ipsum, nec sagittis sem nibh id elit. Duis sed odio sit amet nibh vulputate cursus a sit amet mauris.','<p>Kreditplus memiliki lisensi pembiayaan modal kerja, pembiayaan multi guna dan berbagai aktivitas lainnya sesuai dengan persetujuan Otoritas Jasa Keuangan. Saat ini, Kreditplus memfokuskan bisnisnya pada pembiayaan mobil, motor dan elektronik. Serta telah menjadi salah satu pemain terkemuka di industri pembiayaan yang tersebar melalui jaringan distribusi di 244 lokasi di seluruh Indonesia serta didukung oleh lebih dari 12.000 karyawan.</p>\r\n\r\n<p>Kreditplus memiliki lisensi pembiayaan modal kerja, pembiayaan multi guna dan berbagai aktivitas lainnya sesuai dengan persetujuan Otoritas Jasa Keuangan. Saat ini, Kreditplus memfokuskan bisnisnya pada pembiayaan mobil, motor dan elektronik. Serta telah menjadi salah satu pemain terkemuka di industri pembiayaan yang tersebar melalui jaringan distribusi di 244 lokasi di seluruh Indonesia serta didukung oleh lebih dari 12.000 karyawan.</p>\r\n','ini-dia-tips-belanja-pintar-dengan-uang-thr2','2017-11-06 08:37:40'),(9,'id',9,'Ini Dia Tips Belanja Pintar Dengan Uang THR','This is Photoshop\'s version of Lorem Ipsum. Proin gravida nibh vel velit auctor aliquet. Aenean sollicitudin, lorem quis bibendum auctor, nisi elit consequat ipsum, nec sagittis sem nibh id elit. Duis sed odio sit amet nibh vulputate cursus a sit amet mauris.','<p>Kreditplus memiliki lisensi pembiayaan modal kerja, pembiayaan multi guna dan berbagai aktivitas lainnya sesuai dengan persetujuan Otoritas Jasa Keuangan. Saat ini, Kreditplus memfokuskan bisnisnya pada pembiayaan mobil, motor dan elektronik. Serta telah menjadi salah satu pemain terkemuka di industri pembiayaan yang tersebar melalui jaringan distribusi di 244 lokasi di seluruh Indonesia serta didukung oleh lebih dari 12.000 karyawan.</p>\r\n\r\n<p>Kreditplus memiliki lisensi pembiayaan modal kerja, pembiayaan multi guna dan berbagai aktivitas lainnya sesuai dengan persetujuan Otoritas Jasa Keuangan. Saat ini, Kreditplus memfokuskan bisnisnya pada pembiayaan mobil, motor dan elektronik. Serta telah menjadi salah satu pemain terkemuka di industri pembiayaan yang tersebar melalui jaringan distribusi di 244 lokasi di seluruh Indonesia serta didukung oleh lebih dari 12.000 karyawan.</p>\r\n','ini-dia-tips-belanja-pintar-dengan-uang-thr','2017-11-17 07:43:10');

/*Table structure for table `karir` */

DROP TABLE IF EXISTS `karir`;

CREATE TABLE `karir` (
  `id` int(10) unsigned NOT NULL AUTO_INCREMENT,
  `section_id` varchar(100) COLLATE utf8_unicode_ci NOT NULL,
  `title_job` varchar(100) COLLATE utf8_unicode_ci NOT NULL,
  `penempatan` varchar(100) COLLATE utf8_unicode_ci NOT NULL,
  `description` text COLLATE utf8_unicode_ci,
  PRIMARY KEY (`id`)
) ENGINE=InnoDB AUTO_INCREMENT=22 DEFAULT CHARSET=utf8 COLLATE=utf8_unicode_ci;

/*Data for the table `karir` */

insert  into `karir`(`id`,`section_id`,`title_job`,`penempatan`,`description`) values (12,'17.61','Management Trainee','Indonesia','<p>Kualifikasi :</p>\r\n\r\n<ul>\r\n	<li>Pria/Wanita</li>\r\n	<li>Usia maksimal 25 tahun</li>\r\n	<li>Belum menikah dan bersedia tidak menikah selama masa ikatan dinas</li>\r\n	<li>Pendidikan minimal S1 semua jurusan dari Universitas terkemuka</li>\r\n	<li>Fresh graduate atau memiliki pengalaman kerja maksimal 1 tahun Memiliki pengalaman dalam berorganisasi</li>\r\n	<li>Berjiwa kepemimpinan dan mempunyai kemauan untuk belajar</li>\r\n	<li>Bersedia ditempatkan di seluruh cabang kami.</li>\r\n</ul>\r\n\r\n<p><br />\r\nBergabung dan menjadi bagian dari PT. Finansia Multi Finance, dengan mengirimkan CV Anda ke :&nbsp;<a href=\"http://mailto:recruitment@finansia.com\">recruitment@finansia.com</a></p>\r\n'),(13,'17.61','Branch Manager','Indonesia','<p>Kualifikasi :</p>\r\n\r\n<ul>\r\n	<li>Usia maksimal 38 tahun</li>\r\n	<li>Pendidikan minimal S1</li>\r\n	<li>Pengalaman sebagai Branch Manager minimal 2 tahun di perusahaan pembiayaan motor / retail banking</li>\r\n	<li>Memiliki pengalaman menangani marketing, collection &amp; kredit</li>\r\n	<li>Memiliki jiwa enterpreneur, Tegas dan Berani mengambil sikap/keputusan.</li>\r\n	<li>Bekerja tanpa menghitung waktu.</li>\r\n	<li>Bersedia ditempatkan dimana saja</li>\r\n</ul>\r\n\r\n<p><br />\r\nBergabung dan menjadi bagian dari PT. Finansia Multi Finance, dengan mengirimkan CV Anda ke :&nbsp;<a href=\"http://mailto:recruitment@finansia.com\">recruitment@finansia.com</a></p>\r\n'),(14,'17.61','Payroll Supervisor','Indonesia','<p>Kualifikasi :</p>\r\n\r\n<ul>\r\n	<li>Usia maksimal 32 Tahun</li>\r\n	<li>Memiliki pengalaman minimal 1 tahun sebagai Supervisor dibidang Payroll/ Compensation and Benefit</li>\r\n	<li>Mengerti perhitungan pajak PPH21</li>\r\n	<li>Memahami E-SPT, Edabu (BPJS Kesehatan), SIPP online (Ketenagakerjaan)</li>\r\n	<li>Mahir menggunakan MS Office (Excel, Word)</li>\r\n	<li>Mampu menggunakan Payroll system</li>\r\n	<li>Dapat bekerja sama dengan Tim dan memiliki kemampuan supervisi.</li>\r\n</ul>\r\n\r\n<p><br />\r\nBergabung dan menjadi bagian dari PT. Finansia Multi Finance, dengan mengirimkan CV Anda ke :&nbsp;<a href=\"http://mailto:recruitment@finansia.com\">recruitment@finansia.com</a></p>\r\n'),(15,'17.61','Recruitment Officer','Indonesia','<p>Kualifikasi :</p>\r\n\r\n<ul>\r\n	<li>Pendidikan minimal S1 Psikologi</li>\r\n	<li>Usia maksimal 27 tahun</li>\r\n	<li>Memiliki pengalaman minimal 2 tahun sebagai Recruitment</li>\r\n	<li>Memahami alat test psikologi</li>\r\n	<li>Memiliki pengalaman dalam melakukan kerjasama dengan pihak ketiga: Headhunter / Perusahaan Outsourcing/Kampus/Sekolah</li>\r\n	<li>Memiliki kemampuaan dalam menganalisa data</li>\r\n	<li>Memiliki inisiatif yang tinggi</li>\r\n	<li>Memiliki kemampuan komunikasi yang baik</li>\r\n</ul>\r\n\r\n<p><br />\r\nBergabung dan menjadi bagian dari PT. Finansia Multi Finance, dengan mengirimkan CV Anda ke :&nbsp;<a href=\"http://mailto:recruitment@finansia.com\">recruitment@finansia.com</a></p>\r\n'),(16,'17.61','Accounting & Tax Staff','Indonesia','<p>Kualifikasi :</p>\r\n\r\n<ul>\r\n	<li>Pendidikan Min. D3 Max. S1(lebih diprioritaskan) Akuntansi</li>\r\n	<li>Wajib memiliki sertifikat Brevet B</li>\r\n	<li>Usia maks. 25 Tahun</li>\r\n	<li>Mengerti tentang perhitungan pajak (PPh23, PPh pasal 4 ayat 2, dan PPn)</li>\r\n	<li>Wajib paham penggunaan sistem e-SPT</li>\r\n	<li>Wajib memiliki pengalaman minimal 1 tahun dibagian accounting terutama tax</li>\r\n	<li>Komunikatif dan detil</li>\r\n</ul>\r\n\r\n<p><br />\r\nBergabung dan menjadi bagian dari PT. Finansia Multi Finance, dengan mengirimkan CV Anda ke :&nbsp;<a href=\"http://mailto:recruitment@finansia.com\">recruitment@finansia.com</a></p>\r\n'),(17,'17.61','Credit Analyst','Indonesia','<p>Kualifikasi :</p>\r\n\r\n<ul>\r\n	<li>Usia maksimal 30 tahun.</li>\r\n	<li>Pendidikan minimal S1</li>\r\n	<li>Memiliki pengalaman minimal 1 tahun retail banking atau perusahaan pembiayaan</li>\r\n	<li>Memiliki komunikasi yang baik &amp; mampu menganalisa dengan baik</li>\r\n	<li>Berdedikasi, memiliki integritas, loyalitas yang tinggi, cekatan, kreatif, self motivated, good on teamwork, dan eager to learn</li>\r\n</ul>\r\n\r\n<p><br />\r\nBergabung dan menjadi bagian dari PT. Finansia Multi Finance, dengan mengirimkan CV Anda ke :&nbsp;<a href=\"http://mailto:recruitment@finansia.com\">recruitment@finansia.com</a></p>\r\n'),(18,'17.61','People & Development Specialist','Indonesia','<p>Kualifikasi :</p>\r\n\r\n<ul>\r\n	<li>Usia maksimal 28 tahun.</li>\r\n	<li>Pendidikan minimal S1/sederajat jurusan Psikologi, HRM dan Industri.</li>\r\n	<li>Berpengalaman minimal 1 tahun dalam bidang terkait.</li>\r\n	<li>Memiliki kemampuan analisa dan pencari solusi</li>\r\n	<li>Kemampuan komunikasi tinggi dalam disemua level</li>\r\n	<li>Terbiasa menggunakan software office dari microsoft</li>\r\n</ul>\r\n\r\n<p><br />\r\nBergabung dan menjadi bagian dari PT. Finansia Multi Finance, dengan mengirimkan CV Anda ke :&nbsp;<a href=\"http://mailto:recruitment@finansia.com\">recruitment@finansia.com</a></p>\r\n'),(19,'17.61','Business Relation Assistant Manager','Indonesia','<p>Kualifikasi :</p>\r\n\r\n<ul>\r\n	<li>Usia maksimal 30 tahun atau pengalaman dalam bidang terkait minimal 2 tahun</li>\r\n	<li>Menguasai bahasa Inggris dengan lancar</li>\r\n	<li>Memiliki ketrampilan dalam jaringan orang dan interpersonal</li>\r\n	<li>Mampu bekerja secara tim</li>\r\n	<li>Komunikasi yang baik dalam menjaga relasi</li>\r\n	<li>Bermotivasi tinggi dan mampu beradaptasi</li>\r\n</ul>\r\n\r\n<p><br />\r\nBergabung dan menjadi bagian dari PT. Finansia Multi Finance, dengan mengirimkan CV Anda ke :&nbsp;<a href=\"http://mailto:recruitment@finansia.com\">recruitment@finansia.com</a></p>\r\n'),(20,'17.61','Phone Verificator','Indonesia','<p>Kualifikasi :</p>\r\n\r\n<ul>\r\n	<li>Usia maksimal 28 tahun</li>\r\n	<li>Pendidikan minimal D3/S1 semua jurusan</li>\r\n	<li>Memiliki pengalaman sebagai customer service atau telemarketing minimal 1 tahun.</li>\r\n	<li>Memiliki kemampuan komunikasi yg baik</li>\r\n	<li>Memiliki integritas yang baik &amp; mampu bekerja dengan target</li>\r\n	<li>Siap di tempatkan di area jabodetabek</li>\r\n</ul>\r\n\r\n<p><br />\r\nBergabung dan menjadi bagian dari PT. Finansia Multi Finance, dengan mengirimkan CV Anda ke :&nbsp;<a href=\"http://mailto:recruitment@finansia.com\">recruitment@finansia.com</a></p>\r\n'),(21,'17.61','Payroll Staff','Indonesia','<p>Kualifikasi :</p>\r\n\r\n<ul>\r\n	<li>Usia maksimal 32 Tahun</li>\r\n	<li>Memiliki pengalaman minimal 1 tahun sebagai Supervisor dibidang Payroll/ Compensation and Benefit</li>\r\n	<li>Mengerti perhitungan pajak PPH21</li>\r\n	<li>Memahami E-SPT, Edabu (BPJS Kesehatan), SIPP online (Ketenagakerjaan)</li>\r\n	<li>Mahir menggunakan MS Office (Excel, Word)</li>\r\n	<li>Mampu menggunakan Payroll system</li>\r\n	<li>Dapat bekerja sama dengan Tim dan memiliki kemampuan supervisi.</li>\r\n</ul>\r\n\r\n<p><br />\r\nBergabung dan menjadi bagian dari PT. Finansia Multi Finance, dengan mengirimkan CV Anda ke :&nbsp;<a href=\"http://mailto:recruitment@finansia.com\">recruitment@finansia.com</a></p>\r\n');

/*Table structure for table `karir_i18n` */

DROP TABLE IF EXISTS `karir_i18n`;

CREATE TABLE `karir_i18n` (
  `id` bigint(20) unsigned NOT NULL AUTO_INCREMENT,
  `lang_code` char(2) COLLATE utf8_unicode_ci NOT NULL,
  `karir_id` int(10) unsigned NOT NULL,
  `description` text COLLATE utf8_unicode_ci,
  `create_on` datetime NOT NULL,
  PRIMARY KEY (`id`)
) ENGINE=InnoDB AUTO_INCREMENT=14 DEFAULT CHARSET=utf8 COLLATE=utf8_unicode_ci;

/*Data for the table `karir_i18n` */

insert  into `karir_i18n`(`id`,`lang_code`,`karir_id`,`description`,`create_on`) values (4,'id',12,'<p>Kualifikasi :</p>\r\n\r\n<ul>\r\n	<li>Pria/Wanita</li>\r\n	<li>Usia maksimal 25 tahun</li>\r\n	<li>Belum menikah dan bersedia tidak menikah selama masa ikatan dinas</li>\r\n	<li>Pendidikan minimal S1 semua jurusan dari Universitas terkemuka</li>\r\n	<li>Fresh graduate atau memiliki pengalaman kerja maksimal 1 tahun Memiliki pengalaman dalam berorganisasi</li>\r\n	<li>Berjiwa kepemimpinan dan mempunyai kemauan untuk belajar</li>\r\n	<li>Bersedia ditempatkan di seluruh cabang kami.</li>\r\n</ul>\r\n\r\n<p><br />\r\nBergabung dan menjadi bagian dari PT. Finansia Multi Finance, dengan mengirimkan CV Anda ke :&nbsp;<a href=\"http://mailto:recruitment@finansia.com\">recruitment@finansia.com</a></p>\r\n','2017-12-12 03:55:14'),(5,'id',13,'<p>Kualifikasi :</p>\r\n\r\n<ul>\r\n	<li>Usia maksimal 38 tahun</li>\r\n	<li>Pendidikan minimal S1</li>\r\n	<li>Pengalaman sebagai Branch Manager minimal 2 tahun di perusahaan pembiayaan motor / retail banking</li>\r\n	<li>Memiliki pengalaman menangani marketing, collection &amp; kredit</li>\r\n	<li>Memiliki jiwa enterpreneur, Tegas dan Berani mengambil sikap/keputusan.</li>\r\n	<li>Bekerja tanpa menghitung waktu.</li>\r\n	<li>Bersedia ditempatkan dimana saja</li>\r\n</ul>\r\n\r\n<p><br />\r\nBergabung dan menjadi bagian dari PT. Finansia Multi Finance, dengan mengirimkan CV Anda ke :&nbsp;<a href=\"http://mailto:recruitment@finansia.com\">recruitment@finansia.com</a></p>\r\n','2017-12-12 03:56:04'),(6,'id',14,'<p>Kualifikasi :</p>\r\n\r\n<ul>\r\n	<li>Usia maksimal 32 Tahun</li>\r\n	<li>Memiliki pengalaman minimal 1 tahun sebagai Supervisor dibidang Payroll/ Compensation and Benefit</li>\r\n	<li>Mengerti perhitungan pajak PPH21</li>\r\n	<li>Memahami E-SPT, Edabu (BPJS Kesehatan), SIPP online (Ketenagakerjaan)</li>\r\n	<li>Mahir menggunakan MS Office (Excel, Word)</li>\r\n	<li>Mampu menggunakan Payroll system</li>\r\n	<li>Dapat bekerja sama dengan Tim dan memiliki kemampuan supervisi.</li>\r\n</ul>\r\n\r\n<p><br />\r\nBergabung dan menjadi bagian dari PT. Finansia Multi Finance, dengan mengirimkan CV Anda ke :&nbsp;<a href=\"http://mailto:recruitment@finansia.com\">recruitment@finansia.com</a></p>\r\n','2017-12-12 03:56:38'),(7,'id',15,'<p>Kualifikasi :</p>\r\n\r\n<ul>\r\n	<li>Pendidikan minimal S1 Psikologi</li>\r\n	<li>Usia maksimal 27 tahun</li>\r\n	<li>Memiliki pengalaman minimal 2 tahun sebagai Recruitment</li>\r\n	<li>Memahami alat test psikologi</li>\r\n	<li>Memiliki pengalaman dalam melakukan kerjasama dengan pihak ketiga: Headhunter / Perusahaan Outsourcing/Kampus/Sekolah</li>\r\n	<li>Memiliki kemampuaan dalam menganalisa data</li>\r\n	<li>Memiliki inisiatif yang tinggi</li>\r\n	<li>Memiliki kemampuan komunikasi yang baik</li>\r\n</ul>\r\n\r\n<p><br />\r\nBergabung dan menjadi bagian dari PT. Finansia Multi Finance, dengan mengirimkan CV Anda ke :&nbsp;<a href=\"http://mailto:recruitment@finansia.com\">recruitment@finansia.com</a></p>\r\n','2017-12-12 03:58:33'),(8,'id',16,'<p>Kualifikasi :</p>\r\n\r\n<ul>\r\n	<li>Pendidikan Min. D3 Max. S1(lebih diprioritaskan) Akuntansi</li>\r\n	<li>Wajib memiliki sertifikat Brevet B</li>\r\n	<li>Usia maks. 25 Tahun</li>\r\n	<li>Mengerti tentang perhitungan pajak (PPh23, PPh pasal 4 ayat 2, dan PPn)</li>\r\n	<li>Wajib paham penggunaan sistem e-SPT</li>\r\n	<li>Wajib memiliki pengalaman minimal 1 tahun dibagian accounting terutama tax</li>\r\n	<li>Komunikatif dan detil</li>\r\n</ul>\r\n\r\n<p><br />\r\nBergabung dan menjadi bagian dari PT. Finansia Multi Finance, dengan mengirimkan CV Anda ke :&nbsp;<a href=\"http://mailto:recruitment@finansia.com\">recruitment@finansia.com</a></p>\r\n','2017-12-12 03:59:00'),(9,'id',17,'<p>Kualifikasi :</p>\r\n\r\n<ul>\r\n	<li>Usia maksimal 30 tahun.</li>\r\n	<li>Pendidikan minimal S1</li>\r\n	<li>Memiliki pengalaman minimal 1 tahun retail banking atau perusahaan pembiayaan</li>\r\n	<li>Memiliki komunikasi yang baik &amp; mampu menganalisa dengan baik</li>\r\n	<li>Berdedikasi, memiliki integritas, loyalitas yang tinggi, cekatan, kreatif, self motivated, good on teamwork, dan eager to learn</li>\r\n</ul>\r\n\r\n<p><br />\r\nBergabung dan menjadi bagian dari PT. Finansia Multi Finance, dengan mengirimkan CV Anda ke :&nbsp;<a href=\"http://mailto:recruitment@finansia.com\">recruitment@finansia.com</a></p>\r\n','2017-12-12 03:59:20'),(10,'id',18,'<p>Kualifikasi :</p>\r\n\r\n<ul>\r\n	<li>Usia maksimal 28 tahun.</li>\r\n	<li>Pendidikan minimal S1/sederajat jurusan Psikologi, HRM dan Industri.</li>\r\n	<li>Berpengalaman minimal 1 tahun dalam bidang terkait.</li>\r\n	<li>Memiliki kemampuan analisa dan pencari solusi</li>\r\n	<li>Kemampuan komunikasi tinggi dalam disemua level</li>\r\n	<li>Terbiasa menggunakan software office dari microsoft</li>\r\n</ul>\r\n\r\n<p><br />\r\nBergabung dan menjadi bagian dari PT. Finansia Multi Finance, dengan mengirimkan CV Anda ke :&nbsp;<a href=\"http://mailto:recruitment@finansia.com\">recruitment@finansia.com</a></p>\r\n','2017-12-12 03:59:42'),(11,'id',19,'<p>Kualifikasi :</p>\r\n\r\n<ul>\r\n	<li>Usia maksimal 30 tahun atau pengalaman dalam bidang terkait minimal 2 tahun</li>\r\n	<li>Menguasai bahasa Inggris dengan lancar</li>\r\n	<li>Memiliki ketrampilan dalam jaringan orang dan interpersonal</li>\r\n	<li>Mampu bekerja secara tim</li>\r\n	<li>Komunikasi yang baik dalam menjaga relasi</li>\r\n	<li>Bermotivasi tinggi dan mampu beradaptasi</li>\r\n</ul>\r\n\r\n<p><br />\r\nBergabung dan menjadi bagian dari PT. Finansia Multi Finance, dengan mengirimkan CV Anda ke :&nbsp;<a href=\"http://mailto:recruitment@finansia.com\">recruitment@finansia.com</a></p>\r\n','2017-12-12 04:00:01'),(12,'id',20,'<p>Kualifikasi :</p>\r\n\r\n<ul>\r\n	<li>Usia maksimal 28 tahun</li>\r\n	<li>Pendidikan minimal D3/S1 semua jurusan</li>\r\n	<li>Memiliki pengalaman sebagai customer service atau telemarketing minimal 1 tahun.</li>\r\n	<li>Memiliki kemampuan komunikasi yg baik</li>\r\n	<li>Memiliki integritas yang baik &amp; mampu bekerja dengan target</li>\r\n	<li>Siap di tempatkan di area jabodetabek</li>\r\n</ul>\r\n\r\n<p><br />\r\nBergabung dan menjadi bagian dari PT. Finansia Multi Finance, dengan mengirimkan CV Anda ke :&nbsp;<a href=\"http://mailto:recruitment@finansia.com\">recruitment@finansia.com</a></p>\r\n','2017-12-12 04:00:19'),(13,'id',21,'<p>Kualifikasi :</p>\r\n\r\n<ul>\r\n	<li>Usia maksimal 32 Tahun</li>\r\n	<li>Memiliki pengalaman minimal 1 tahun sebagai Supervisor dibidang Payroll/ Compensation and Benefit</li>\r\n	<li>Mengerti perhitungan pajak PPH21</li>\r\n	<li>Memahami E-SPT, Edabu (BPJS Kesehatan), SIPP online (Ketenagakerjaan)</li>\r\n	<li>Mahir menggunakan MS Office (Excel, Word)</li>\r\n	<li>Mampu menggunakan Payroll system</li>\r\n	<li>Dapat bekerja sama dengan Tim dan memiliki kemampuan supervisi.</li>\r\n</ul>\r\n\r\n<p><br />\r\nBergabung dan menjadi bagian dari PT. Finansia Multi Finance, dengan mengirimkan CV Anda ke :&nbsp;<a href=\"http://mailto:recruitment@finansia.com\">recruitment@finansia.com</a></p>\r\n','2017-12-12 04:00:35');

/*Table structure for table `kreditplus_karir` */

DROP TABLE IF EXISTS `kreditplus_karir`;

CREATE TABLE `kreditplus_karir` (
  `id` int(10) unsigned NOT NULL AUTO_INCREMENT,
  `section_id` varchar(100) COLLATE utf8_unicode_ci NOT NULL,
  `title` varchar(100) COLLATE utf8_unicode_ci NOT NULL,
  `intro` varchar(2000) COLLATE utf8_unicode_ci NOT NULL,
  `description` text COLLATE utf8_unicode_ci NOT NULL,
  PRIMARY KEY (`id`)
) ENGINE=InnoDB AUTO_INCREMENT=2 DEFAULT CHARSET=utf8 COLLATE=utf8_unicode_ci;

/*Data for the table `kreditplus_karir` */

insert  into `kreditplus_karir`(`id`,`section_id`,`title`,`intro`,`description`) values (1,'23.78','1WHY JOIN CREDITPLUS?','1Kreditplus opens opportunities for young professionals / new graduates to experience learning as well as work that sharpen and build self-capabilities. Join us.','<p>1Seek talented and potential individuals who are able to reflect corporate values ​​to be part of the team that accelerates the achievement of the vision. Develop your ideas, creativity and innovation as a solution in order to improve operational quality up to business development. Find challenging jobs and tasks and workplace options. You will work with colleagues from various educational backgrounds, professions and cultures. Find valuable experience and feel how all these things can develop your skills and competencies.</p>\r\n\r\n<p><strong>WHAT WE SEARCH?</strong></p>\r\n\r\n<p>This is Photoshop&#39;s version of Lorem Ipsum. Proin gravida nibh vel velit auctor aliquet. Aenean sollicitudin, lorem quis bibendum auctor, nisi elisi consequat ipsum, nec sagittis sem nibh elite id. Duis sed odio sit amet nibh vulputate cursus a sit amet mauris. Morbi accumsan ipsum velit. Nam nec tellus a odio tincidunt auctor a ornare odio. Sed non mauris vitae tightly consequat auctor eu in elite.</p>\r\n\r\n<p><strong>Gifted and Potential Individuals</strong></p>\r\n\r\n<p>This is Photoshop&#39;s version of Lorem Ipsum. Proin gravida nibh vel velit auctor aliquet. Aenean sollicitudin, lorem quis bibendum auctor, nisi elisi consequat ipsum, nec sagittis sem nibh elite id. Duis sed odio sit amet nibh vulputate cursus a sit amet mauris. Morbi accumsan ipsum velit. Nam nec tellus a odio tincidunt auctor a ornare odio. Sed non mauris vitae tightly consequat auctor eu in elite.</p>\r\n\r\n<p><strong>Creative and Innovative</strong></p>\r\n\r\n<p>This is Photoshop&#39;s version of Lorem Ipsum. Proin gravida nibh vel velit auctor aliquet. Aenean sollicitudin, lorem quis bibendum auctor, nisi elisi consequat ipsum, nec sagittis sem nibh elite id. Duis sed odio sit amet nibh vulputate cursus a sit amet mauris. Morbi accumsan ipsum velit. Nam nec tellus a odio tincidunt auctor a ornare odio. Sed non mauris vitae tightly consequat auctor eu in elite.</p>\r\n\r\n<p><strong>Gifted and Potential Individuals</strong></p>\r\n\r\n<p>This is Photoshop&#39;s version of Lorem Ipsum. Proin gravida nibh vel velit auctor aliquet. Aenean sollicitudin, lorem quis bibendum auctor, nisi elisi consequat ipsum, nec sagittis sem nibh elite id. Duis sed odio sit amet nibh vulputate cursus a sit amet mauris. Morbi accumsan ipsum velit. Nam nec tellus a odio tincidunt auctor a ornare odio. Sed non mauris vitae tightly consequat auctor eu in elite.</p>\r\n\r\n<p><strong>Creative and Innovative</strong></p>\r\n\r\n<p>This is Photoshop&#39;s version of Lorem Ipsum. Proin gravida nibh vel velit auctor aliquet. Aenean sollicitudin, lorem quis bibendum auctor, nisi elisi consequat ipsum, nec sagittis sem nibh elite id. Duis sed odio sit amet nibh vulputate cursus a sit amet mauris. Morbi accumsan ipsum velit. Nam nec tellus a odio tincidunt auctor a ornare odio. Sed non mauris vitae tightly consequat auctor eu in elite. This is Photoshop&#39;s version of Lorem Ipsum. Proid gravid.</p>\r\n');

/*Table structure for table `kreditplus_karir_i18n` */

DROP TABLE IF EXISTS `kreditplus_karir_i18n`;

CREATE TABLE `kreditplus_karir_i18n` (
  `id` bigint(20) unsigned NOT NULL AUTO_INCREMENT,
  `lang_code` char(2) COLLATE utf8_unicode_ci NOT NULL,
  `kreditplus_karir_id` int(10) unsigned NOT NULL,
  `title` varchar(100) COLLATE utf8_unicode_ci DEFAULT NULL,
  `intro` varchar(2000) COLLATE utf8_unicode_ci DEFAULT NULL,
  `description` text COLLATE utf8_unicode_ci,
  `create_on` datetime NOT NULL,
  PRIMARY KEY (`id`)
) ENGINE=InnoDB AUTO_INCREMENT=2 DEFAULT CHARSET=utf8 COLLATE=utf8_unicode_ci;

/*Data for the table `kreditplus_karir_i18n` */

insert  into `kreditplus_karir_i18n`(`id`,`lang_code`,`kreditplus_karir_id`,`title`,`intro`,`description`,`create_on`) values (1,'id',1,'2MENGAPA BERGABUNG DENGAN KREDITPLUS?','2Kreditplus membuka peluang bagi professional muda/lulusan baru untuk pengalaman belajar sekaligus bekerja yang mengasah dan membangun kapabilitas diri. Bergabunglah bersama kami.','<p>2Mencari individu-individu berbakat dan berpotensi yang mampu mencerminkan tata nilai perusahaan untuk menjadi bagian dari tim yang mengakselerasi pencapaian visi. Kembangkanlah ide, kreativitas dan inovasi anda sebagai solusi dalam rangka peningkatan kualitas operasional sampai dengan pengembangan bisnis. Temukan berbagai pekerjaan dan tugas yang menantang dan berbagai pilihan tempat bekerja. Anda akan bekerja sama dengan rekan kerja dari berbagai latar belakang pendidikan, profesi dan budaya. Temukan pengalaman berharga dan rasakan bagaimana semua hal tersebut dapat mengembangkan kemampuan dan kompetensi anda.</p>\r\n\r\n<h3><span style=\"color:#1abc9c\">APA YANG KAMI CARI?</span></h3>\r\n\r\n<p>This is Photoshop&#39;s version of Lorem Ipsum. Proin gravida nibh vel velit auctor aliquet. Aenean sollicitudin, lorem quis bibendum auctor, nisi elit consequat ipsum, nec sagittis sem nibh id elit. Duis sed odio sit amet nibh vulputate cursus a sit amet mauris. Morbi accumsan ipsum velit. Nam nec tellus a odio tincidunt auctor a ornare odio. Sed non mauris vitae erat consequat auctor eu in elit.</p>\r\n\r\n<h4>Individu Berbakat dan Potensial</h4>\r\n\r\n<p>This is Photoshop&#39;s version of Lorem Ipsum. Proin gravida nibh vel velit auctor aliquet. Aenean sollicitudin, lorem quis bibendum auctor, nisi elit consequat ipsum, nec sagittis sem nibh id elit. Duis sed odio sit amet nibh vulputate cursus a sit amet mauris. Morbi accumsan ipsum velit. Nam nec tellus a odio tincidunt auctor a ornare odio. Sed non mauris vitae erat consequat auctor eu in elit.</p>\r\n\r\n<h4>Kreatif dan Inovatif</h4>\r\n\r\n<p>This is Photoshop&#39;s version of Lorem Ipsum. Proin gravida nibh vel velit auctor aliquet. Aenean sollicitudin, lorem quis bibendum auctor, nisi elit consequat ipsum, nec sagittis sem nibh id elit. Duis sed odio sit amet nibh vulputate cursus a sit amet mauris. Morbi accumsan ipsum velit. Nam nec tellus a odio tincidunt auctor a ornare odio. Sed non mauris vitae erat consequat auctor eu in elit.</p>\r\n\r\n<h4>Individu Berbakat dan Potensial</h4>\r\n\r\n<p>This is Photoshop&#39;s version of Lorem Ipsum. Proin gravida nibh vel velit auctor aliquet. Aenean sollicitudin, lorem quis bibendum auctor, nisi elit consequat ipsum, nec sagittis sem nibh id elit. Duis sed odio sit amet nibh vulputate cursus a sit amet mauris. Morbi accumsan ipsum velit. Nam nec tellus a odio tincidunt auctor a ornare odio. Sed non mauris vitae erat consequat auctor eu in elit.</p>\r\n\r\n<h4>Kreatif dan Inovatif</h4>\r\n\r\n<p>This is Photoshop&#39;s version of Lorem Ipsum. Proin gravida nibh vel velit auctor aliquet. Aenean sollicitudin, lorem quis bibendum auctor, nisi elit consequat ipsum, nec sagittis sem nibh id elit. Duis sed odio sit amet nibh vulputate cursus a sit amet mauris. Morbi accumsan ipsum velit. Nam nec tellus a odio tincidunt auctor a ornare odio. Sed non mauris vitae erat consequat auctor eu in elit. This is Photoshop&#39;s version of Lorem Ipsum. Proin gravid.</p>\r\n','2017-11-01 08:31:38');

/*Table structure for table `layanan` */

DROP TABLE IF EXISTS `layanan`;

CREATE TABLE `layanan` (
  `id` int(10) unsigned NOT NULL AUTO_INCREMENT,
  `section_id` varchar(100) COLLATE utf8_unicode_ci NOT NULL,
  `image1` varchar(100) COLLATE utf8_unicode_ci NOT NULL,
  `image2` varchar(100) COLLATE utf8_unicode_ci NOT NULL,
  `title` varchar(100) COLLATE utf8_unicode_ci NOT NULL,
  `intro` text COLLATE utf8_unicode_ci NOT NULL,
  `description` text COLLATE utf8_unicode_ci NOT NULL,
  `txt1` varchar(255) COLLATE utf8_unicode_ci NOT NULL,
  `txt2` varchar(255) COLLATE utf8_unicode_ci NOT NULL,
  `txt3` varchar(255) COLLATE utf8_unicode_ci NOT NULL,
  `txt4` varchar(255) COLLATE utf8_unicode_ci NOT NULL,
  `txt5` varchar(255) COLLATE utf8_unicode_ci NOT NULL,
  `image3` varchar(255) COLLATE utf8_unicode_ci NOT NULL,
  `image4` varchar(255) COLLATE utf8_unicode_ci NOT NULL,
  `image5` varchar(255) COLLATE utf8_unicode_ci NOT NULL,
  `link1` varchar(100) COLLATE utf8_unicode_ci DEFAULT NULL,
  `link2` varchar(100) COLLATE utf8_unicode_ci DEFAULT NULL,
  `link3` varchar(100) COLLATE utf8_unicode_ci DEFAULT NULL,
  PRIMARY KEY (`id`)
) ENGINE=InnoDB AUTO_INCREMENT=3 DEFAULT CHARSET=utf8 COLLATE=utf8_unicode_ci;

/*Data for the table `layanan` */

insert  into `layanan`(`id`,`section_id`,`image1`,`image2`,`title`,`intro`,`description`,`txt1`,`txt2`,`txt3`,`txt4`,`txt5`,`image3`,`image4`,`image5`,`link1`,`link2`,`link3`) values (1,'1.23','site/uploads/slides/5a0a62a4b1b00-motorcycle-img.png','site/uploads/slides/5a0a62a4b1c3d-car-img.png','LAYANAN KREDITPLUS',' Kreditplus merupakan perusahaan yang bergerak di bidang pembiayaan','<p>Kreditplus didirikan pada 9 Juni 1994 dan memiliki lisensi pembiayaan modal kerja. Saat ini bisnis Kreditplus fokus pada pembiayaan mobil, motor, dan elektronik. berikut adalah fitur kreditplus yang mungkin membantu anda</p>\r\n','LAYANAN KREDITPLUS','BELANJA NYAMAN TANPA TUNAI','Kantor Cabang','Simulasi Kredit','Telepon Hotline','site/uploads/slides/5a0a62a4b151a-ic-office.png','site/uploads/slides/5a0a62a4b173b-ic-simulation.png','site/uploads/slides/5a0a62a4b1900-ic-phone.png','/','/','02129333646'),(2,'25.95','site/uploads/slides/5a015f51289f5-motorcycle-img.png','site/uploads/slides/5a015f5128b35-car-img.png','dfgdfsgsdf','gdfsd','<p>gdsfgsdfg</p>\r\n','gfsdgfd','gfdsgsfd','ggfdsgsfd','gfsdgsdf','gdfsgsfd','site/uploads/slides/5a015f51284b2-ic-mision.png','site/uploads/slides/5a015f51286f4-ic-office.png','site/uploads/slides/5a015f5128862-dotted-orange.png',NULL,NULL,NULL);

/*Table structure for table `layanan_i18n` */

DROP TABLE IF EXISTS `layanan_i18n`;

CREATE TABLE `layanan_i18n` (
  `id` bigint(20) unsigned NOT NULL AUTO_INCREMENT,
  `lang_code` char(2) COLLATE utf8_unicode_ci NOT NULL,
  `layanan_id` int(10) unsigned NOT NULL,
  `title` varchar(100) COLLATE utf8_unicode_ci DEFAULT NULL,
  `intro` text COLLATE utf8_unicode_ci,
  `description` text COLLATE utf8_unicode_ci,
  `create_on` datetime NOT NULL,
  `txt1` varchar(255) COLLATE utf8_unicode_ci NOT NULL,
  `txt2` varchar(255) COLLATE utf8_unicode_ci NOT NULL,
  `txt3` varchar(255) COLLATE utf8_unicode_ci NOT NULL,
  `txt4` varchar(255) COLLATE utf8_unicode_ci NOT NULL,
  `txt5` varchar(255) COLLATE utf8_unicode_ci NOT NULL,
  PRIMARY KEY (`id`)
) ENGINE=InnoDB AUTO_INCREMENT=3 DEFAULT CHARSET=utf8 COLLATE=utf8_unicode_ci;

/*Data for the table `layanan_i18n` */

insert  into `layanan_i18n`(`id`,`lang_code`,`layanan_id`,`title`,`intro`,`description`,`create_on`,`txt1`,`txt2`,`txt3`,`txt4`,`txt5`) values (1,'id',1,'LAYANAN KREDITPLUS','Kreditplus merupakan perusahaan yang bergerak di bidang pembiayaan','<p>Kreditplus didirikan pada 9 Juni 1994 dan memiliki lisensi pembiayaan modal kerja. Saat ini bisnis Kreditplus fokus pada pembiayaan mobil, motor, dan elektronik. berikut adalah fitur kreditplus yang mungkin membantu anda</p>\r\n','2017-11-02 02:25:14','LAYANAN KREDITPLUS','BELANJA NYAMAN TANPA TUNAI','Kantor Cabang','Simulasi Kredit','Telepon Hotline'),(2,'id',2,'gsdfgsdfg','gdfsgsdfg','<p>gsdfgdf</p>\r\n','2017-11-07 07:21:15','gfdsgfd','gsfdgsfd','gdfsgsdf','gdsfgsdf','gdsfgsdfg');

/*Table structure for table `leads` */

DROP TABLE IF EXISTS `leads`;

CREATE TABLE `leads` (
  `id` int(10) unsigned NOT NULL AUTO_INCREMENT,
  `lead_type` varchar(100) COLLATE utf8_unicode_ci NOT NULL,
  `landing_page` varchar(255) COLLATE utf8_unicode_ci NOT NULL,
  `lead_data` text COLLATE utf8_unicode_ci NOT NULL,
  `statuses` char(1) COLLATE utf8_unicode_ci DEFAULT '0',
  `create_on` datetime NOT NULL,
  `last_update` datetime DEFAULT NULL,
  PRIMARY KEY (`id`)
) ENGINE=InnoDB DEFAULT CHARSET=utf8 COLLATE=utf8_unicode_ci;

/*Data for the table `leads` */

/*Table structure for table `management` */

DROP TABLE IF EXISTS `management`;

CREATE TABLE `management` (
  `id` int(10) unsigned NOT NULL AUTO_INCREMENT,
  `section_id` varchar(100) COLLATE utf8_unicode_ci NOT NULL,
  `image` varchar(100) COLLATE utf8_unicode_ci NOT NULL,
  `title` varchar(100) COLLATE utf8_unicode_ci NOT NULL,
  `description` text COLLATE utf8_unicode_ci NOT NULL,
  PRIMARY KEY (`id`)
) ENGINE=InnoDB DEFAULT CHARSET=utf8 COLLATE=utf8_unicode_ci;

/*Data for the table `management` */

/*Table structure for table `management_i18n` */

DROP TABLE IF EXISTS `management_i18n`;

CREATE TABLE `management_i18n` (
  `id` bigint(20) unsigned NOT NULL AUTO_INCREMENT,
  `lang_code` char(2) COLLATE utf8_unicode_ci NOT NULL,
  `management_id` int(10) unsigned NOT NULL,
  `title` varchar(100) COLLATE utf8_unicode_ci DEFAULT NULL,
  `description` text COLLATE utf8_unicode_ci,
  `create_on` datetime NOT NULL,
  PRIMARY KEY (`id`)
) ENGINE=InnoDB DEFAULT CHARSET=utf8 COLLATE=utf8_unicode_ci;

/*Data for the table `management_i18n` */

/*Table structure for table `map_cabang` */

DROP TABLE IF EXISTS `map_cabang`;

CREATE TABLE `map_cabang` (
  `id` int(10) unsigned NOT NULL AUTO_INCREMENT,
  `lat` varchar(100) COLLATE utf8_unicode_ci NOT NULL,
  `long` varchar(100) COLLATE utf8_unicode_ci NOT NULL,
  `title_name` varchar(100) COLLATE utf8_unicode_ci NOT NULL,
  `contact_name` varchar(100) COLLATE utf8_unicode_ci NOT NULL,
  PRIMARY KEY (`id`)
) ENGINE=InnoDB AUTO_INCREMENT=4 DEFAULT CHARSET=utf8 COLLATE=utf8_unicode_ci;

/*Data for the table `map_cabang` */

insert  into `map_cabang`(`id`,`lat`,`long`,`title_name`,`contact_name`) values (1,'-6.169185','106.774860','Kreditplus Cabang Duri Kepa','Kreditplus Duri Kepa'),(2,'-6.136937','106.862089','Cabang Sunter','9898989'),(3,'-6.136937','106.862089','Cabang Sunter','9898989');

/*Table structure for table `menu_positions` */

DROP TABLE IF EXISTS `menu_positions`;

CREATE TABLE `menu_positions` (
  `id` int(10) unsigned NOT NULL AUTO_INCREMENT,
  `menu_id` int(10) unsigned DEFAULT NULL,
  `position` varchar(25) COLLATE utf8_unicode_ci NOT NULL,
  `create_on` datetime NOT NULL,
  PRIMARY KEY (`id`),
  UNIQUE KEY `menu_id-position` (`menu_id`,`position`)
) ENGINE=InnoDB AUTO_INCREMENT=44 DEFAULT CHARSET=utf8 COLLATE=utf8_unicode_ci;

/*Data for the table `menu_positions` */

insert  into `menu_positions`(`id`,`menu_id`,`position`,`create_on`) values (1,1,'footer','2017-10-25 01:44:22'),(2,2,'main','2017-10-25 02:19:14'),(3,3,'footer','2017-10-25 02:34:48'),(4,4,'footer','2017-10-25 02:41:30'),(5,5,'footer','2017-10-25 02:48:15'),(6,6,'footer','2017-10-25 02:59:05'),(7,7,'main','2017-10-25 04:02:22'),(8,8,'footer','2017-10-25 04:23:12'),(10,10,'footer','2017-10-25 04:34:34'),(11,11,'main','2017-10-25 06:45:00'),(12,12,'footer','2017-10-25 06:58:50'),(13,13,'main','2017-10-25 08:08:55'),(14,14,'main','2017-10-25 08:51:02'),(15,15,'footer','2017-10-25 09:57:04'),(17,17,'footer','2017-10-27 07:23:42'),(23,23,'footer','2017-10-27 10:32:17'),(24,24,'footer','2017-11-01 06:21:50'),(31,28,'footer','2017-11-09 09:34:16'),(34,16,'footer','2017-11-10 07:25:02'),(36,30,'footer','2017-11-15 10:36:30'),(37,31,'footer','2017-11-15 10:44:39'),(40,34,'footer','2017-11-15 11:11:28'),(41,35,'footer','2017-11-17 07:41:33'),(42,36,'footer','2017-12-11 09:51:46'),(43,37,'footer','2017-12-22 08:41:29');

/*Table structure for table `menus` */

DROP TABLE IF EXISTS `menus`;

CREATE TABLE `menus` (
  `id` int(10) unsigned NOT NULL AUTO_INCREMENT,
  `parent_id` int(10) unsigned DEFAULT NULL,
  `lead` varchar(100) COLLATE utf8_unicode_ci DEFAULT NULL,
  `title` varchar(100) COLLATE utf8_unicode_ci NOT NULL,
  `permalink` varchar(255) COLLATE utf8_unicode_ci NOT NULL,
  `external_link` varchar(255) COLLATE utf8_unicode_ci DEFAULT NULL,
  `template` varchar(100) COLLATE utf8_unicode_ci NOT NULL,
  `meta_title` varchar(255) COLLATE utf8_unicode_ci NOT NULL,
  `meta_description` varchar(2000) COLLATE utf8_unicode_ci DEFAULT NULL,
  `is_active` char(1) COLLATE utf8_unicode_ci DEFAULT '0',
  `is_system` char(1) COLLATE utf8_unicode_ci DEFAULT '0',
  `sequence` int(10) unsigned NOT NULL,
  `create_on` datetime NOT NULL,
  `last_update` datetime DEFAULT NULL,
  PRIMARY KEY (`id`),
  UNIQUE KEY `permalink` (`permalink`)
) ENGINE=InnoDB AUTO_INCREMENT=38 DEFAULT CHARSET=utf8 COLLATE=utf8_unicode_ci;

/*Data for the table `menus` */

insert  into `menus`(`id`,`parent_id`,`lead`,`title`,`permalink`,`external_link`,`template`,`meta_title`,`meta_description`,`is_active`,`is_system`,`sequence`,`create_on`,`last_update`) values (1,0,'Contact Us','Home','/',NULL,'base','Home','','1','0',1,'2017-10-25 01:44:22','2017-11-15 10:31:41'),(2,0,'Contact Us','About Us','about-us',NULL,'tentang-kami','About Us','','1','0',1,'2017-10-25 02:19:14','2017-11-23 06:38:40'),(3,2,'Contact Us','Vision Mission','vision-mission',NULL,'visimisi','Vision Mission','','1','0',2,'2017-10-25 02:34:48','2017-11-22 08:11:11'),(4,2,'Contact Us','Management','manajement',NULL,'tentang-kami','Management','','1','0',2,'2017-10-25 02:41:30','2017-11-22 08:11:30'),(5,2,'Contact Us','Achievement','achievement',NULL,'prestasi','Achievement','','1','0',3,'2017-10-25 02:48:15','2017-11-22 08:11:42'),(6,2,'Contact Us','GCG','gcg',NULL,'tentang-kami','GCG','','1','0',4,'2017-10-25 02:59:05','2017-11-22 07:44:04'),(7,0,'Contact Us','Product','product',NULL,'produk','Produk','Produk','1','0',2,'2017-10-25 04:02:22','2017-11-22 07:52:48'),(8,7,'Contact Us','Multi Guna Elektronik','multi-guna-elektronik',NULL,'produk','Multi Guna Elektronik','','1','0',2,'2017-10-25 04:23:12','2017-12-21 08:25:45'),(10,7,'Contact Us','Multi Guna Mobil','multi-guna-mobil',NULL,'produk','Multi Guna Mobil','','1','0',3,'2017-10-25 04:34:34','2017-12-21 08:25:50'),(11,0,'Contact Us','KPM','kpm',NULL,'tentang-kami','KPM','','1','0',2,'2017-10-25 06:45:00','2017-12-22 11:59:52'),(12,11,'Contact Us','Kreditmu','kreditmu',NULL,'tentang-kami','Kreditmu','','1','0',1,'2017-10-25 06:58:50','2018-01-02 10:06:58'),(13,0,'Contact Us','Information','informasi',NULL,'informasi','Information','Information','1','0',3,'2017-10-25 08:08:55','2017-11-22 07:54:10'),(14,0,'Contact Us','HI! KREDITPLUS','hi-kreditplus',NULL,'contact','HI! KREDITPLUS','HI! KREDITPLUS','1','0',4,'2017-10-25 08:51:02','2017-12-21 03:05:21'),(15,16,'Contact Us','Simulation','simulation',NULL,'simulasi','Simulasi','Simulation','1','0',1,'2017-10-25 09:57:04','2017-12-21 03:06:39'),(16,0,'Contact Us','Get Credit','pengajuan',NULL,'pengajuan','Get Credit','','1','0',6,'2017-10-27 02:38:26','2017-12-21 03:06:18'),(17,0,'Contact Us','Careers','karir',NULL,'karir','Karir','','1','0',5,'2017-10-27 07:23:42','2017-11-22 08:05:16'),(23,17,'Contact Us','Kreditplus Karir','kreditplus-karir',NULL,'kreditpluskarir','Kreditplus Karir','Kreditplus Karir','1','0',1,'2017-10-27 10:32:17',NULL),(24,14,'Contact Us','Branch Office','branch-office',NULL,'contact','Branch Office','','1','0',2,'2017-11-01 06:21:50','2017-12-21 03:05:50'),(28,2,'Contact Us','Profile','profile',NULL,'tentang-kami','Profile','','1','0',1,'2017-11-09 09:34:16','2017-11-22 08:10:59'),(30,7,'Contact Us','Kreditmu','kreditmu-product',NULL,'produk','Kreditmu & KP Mobile','','1','0',1,'2017-11-15 10:36:30','2018-01-02 10:06:02'),(31,11,'Contact Us','Kreditplus Mobile','kreditplus-mobile',NULL,'tentang-kami','Kreditplus Mobile','','1','0',2,'2017-11-15 10:44:39','2017-12-21 03:04:47'),(34,14,'Contact Us','Contact Form','contact-form',NULL,'contact','Contact Form','','1','0',1,'2017-11-15 11:11:28',NULL),(35,13,'Contact Us','News','news',NULL,'informasi','News','News','1','0',1,'2017-11-17 07:41:32',NULL),(36,7,'Contact Us','Multi Guna Motor','multi-guna-motor',NULL,'produk','Multi Guna Motor','','1','0',4,'2017-12-11 09:51:45','2017-12-21 08:26:10'),(37,7,'Contact Us','Modal Usaha','modal-usaha',NULL,'produk','Modal Usaha','','1','0',5,'2017-12-22 08:41:29','2017-12-22 08:43:13');

/*Table structure for table `menus_i18n` */

DROP TABLE IF EXISTS `menus_i18n`;

CREATE TABLE `menus_i18n` (
  `id` bigint(20) unsigned NOT NULL AUTO_INCREMENT,
  `lang_code` char(2) COLLATE utf8_unicode_ci NOT NULL,
  `menu_id` int(10) unsigned NOT NULL,
  `title` varchar(100) COLLATE utf8_unicode_ci DEFAULT NULL,
  `permalink` varchar(255) COLLATE utf8_unicode_ci DEFAULT NULL,
  `meta_title` varchar(255) COLLATE utf8_unicode_ci DEFAULT NULL,
  `meta_description` varchar(2000) COLLATE utf8_unicode_ci DEFAULT NULL,
  `create_on` datetime NOT NULL,
  PRIMARY KEY (`id`)
) ENGINE=InnoDB AUTO_INCREMENT=38 DEFAULT CHARSET=utf8 COLLATE=utf8_unicode_ci;

/*Data for the table `menus_i18n` */

insert  into `menus_i18n`(`id`,`lang_code`,`menu_id`,`title`,`permalink`,`meta_title`,`meta_description`,`create_on`) values (1,'id',1,'Beranda','/','Beranda','','2017-10-25 01:44:22'),(2,'id',2,'Tentang Kami','about-us','Tentang Kami','','2017-10-25 02:19:14'),(3,'id',3,'Visi Misi','visimisi','Visi Misi','','2017-10-25 02:34:48'),(4,'id',4,'Manajemen','manajemen','Manajemen','','2017-10-25 02:41:30'),(5,'id',5,'Prestasi','prestasi','Prestasi','','2017-10-25 02:48:15'),(6,'id',6,'GCG','gcg','GCG ID','','2017-10-25 02:59:05'),(7,'id',7,'Produk','product','Produk','Produk','2017-10-25 04:02:22'),(8,'id',8,'Multi Guna Elektronik','multi-guna-elektronik','Multi Guna Elektronik','','2017-10-25 04:23:12'),(10,'id',10,'Multi Guna Mobil','multi-guna-mobil','Multi Guna Mobil','','2017-10-25 04:34:34'),(11,'id',11,'KPM','kpm','KPM','','2017-10-25 06:45:00'),(12,'id',12,'Kreditmu','kreditmu','Kreditmu','','2017-10-25 06:58:50'),(13,'id',13,'Informasi','informasi','Information','Information','2017-10-25 08:08:55'),(14,'id',14,'HI! KREDITPLUS','hi-kreditplus-en','HI! KREDITPLUS','HI! KREDITPLUS','2017-10-25 08:51:02'),(15,'id',15,'Simulasi','simulasi','Simulasi','Simulasi','2017-10-25 09:57:04'),(16,'id',16,'Ajukan Kredit','pengajuan','Ajukan Kredit','','2017-10-27 02:38:26'),(17,'id',17,'Karir','karir','Karir','','2017-10-27 07:23:42'),(23,'id',23,'Kreditplus Karir','kreditplus-karir','Kreditplus Karir','Kreditplus Karir','2017-10-27 10:32:17'),(24,'id',24,'Kantor Cabang','kantor-cabang','Kantor Cabang','','2017-11-01 06:21:50'),(28,'id',28,'Profil','profil','Profil','','2017-11-09 09:34:16'),(30,'id',30,'Kreditmu','kreditmu-product','Kreditmu & KP Mobile','','2017-11-15 10:36:30'),(31,'id',31,'Kreditplus Mobile','kreditplus-mobile','Kreditplus Mobile','','2017-11-15 10:44:39'),(34,'id',34,'Form Kontak','form-kontak','Form Kontak','','2017-11-15 11:11:28'),(35,'id',35,'Berita','berita','Berita','Berita','2017-11-17 07:41:32'),(36,'id',36,'Multi Guna Motor','multi-guna-motor','Multi Guna Motor','','2017-12-11 09:51:46'),(37,'id',37,'Modal Usaha','modal-usaha','Modal Usaha','','2017-12-22 08:41:29');

/*Table structure for table `migrations` */

DROP TABLE IF EXISTS `migrations`;

CREATE TABLE `migrations` (
  `id` int(10) unsigned NOT NULL AUTO_INCREMENT,
  `migration` varchar(255) COLLATE utf8_unicode_ci NOT NULL,
  `batch` int(11) NOT NULL,
  PRIMARY KEY (`id`)
) ENGINE=InnoDB AUTO_INCREMENT=50 DEFAULT CHARSET=utf8 COLLATE=utf8_unicode_ci;

/*Data for the table `migrations` */

insert  into `migrations`(`id`,`migration`,`batch`) values (1,'2017_10_13_034854_create_admin_password_resets_class',1),(2,'2017_10_13_034854_create_admin_roles_class',1),(3,'2017_10_13_034854_create_admins_class',1),(4,'2017_10_13_034854_create_configurations_class',1),(5,'2017_10_13_034854_create_histories_class',1),(6,'2017_10_13_034854_create_leads_class',1),(7,'2017_10_13_034854_create_menu_positions_class',1),(8,'2017_10_13_034854_create_menus_class',1),(9,'2017_10_13_034854_create_pages_class',1),(10,'2017_10_13_034854_create_permissions_class',1),(11,'2017_10_13_034854_create_roles_class',1),(12,'2017_10_13_034854_create_sections_class',1),(13,'2017_10_13_034854_create_slides_class',1),(14,'2017_10_20_154754_create_content_class',2),(15,'2017_10_20_154754_create_informasi_class',2),(16,'2017_10_20_154754_create_karir_class',2),(17,'2017_10_20_154754_create_kreditplus_karir_class',2),(18,'2017_10_20_154754_create_pengajuan_class',2),(19,'2017_10_20_154754_create_pengajuan_kredit_class',2),(20,'2017_10_20_154754_create_prestasi_class',2),(21,'2017_10_20_154754_create_submenu_class',2),(22,'2017_10_20_154754_create_visimisi_class',2),(23,'2017_10_24_062746_create_contact_class',3),(24,'2017_10_24_062746_create_desc_prestasi_class',4),(26,'2017_10_24_062746_create_service_home_class',5),(27,'2017_10_24_062746_create_slide_home_class',5),(28,'2017_10_24_063228_create_content_i18n_class',5),(29,'2017_10_24_063228_create_menus_i18n_class',5),(30,'2017_10_24_063228_create_pages_i18n_class',5),(31,'2017_10_24_063228_create_service_home_i18n_class',5),(32,'2017_10_24_063228_create_slides_i18n_class',5),(33,'2017_10_24_074733_produk',5),(34,'2017_10_25_014120_slides',6),(35,'2017_10_25_015153_layanan',7),(36,'2017_10_24_062746_create_produk_home_class',8),(37,'2017_10_25_020410_produk',8),(38,'2017_10_25_022211_content',9),(39,'2017_10_25_023243_visimisi',10),(40,'2017_10_25_024238_management',11),(41,'2017_10_25_025426_goodcorporategov',12),(42,'2017_10_25_035606_content_produk',13),(43,'2017_10_25_040945_tabel_pengajuan',14),(44,'2017_10_25_063707_content_kreditplus',15),(45,'2017_10_27_025154_brand',16),(46,'2017_10_27_033558_area',17),(47,'2017_10_27_040734_pengajuan_user',18),(48,'2017_10_27_081506_kreditpluskarir',19),(49,'2017_10_29_132100_testimoni',20);

/*Table structure for table `mini_banner` */

DROP TABLE IF EXISTS `mini_banner`;

CREATE TABLE `mini_banner` (
  `id` int(10) unsigned NOT NULL AUTO_INCREMENT,
  `section_id` varchar(100) COLLATE utf8_unicode_ci NOT NULL,
  `txt` varchar(100) COLLATE utf8_unicode_ci NOT NULL,
  `txtbtn` varchar(100) COLLATE utf8_unicode_ci NOT NULL,
  `background` varchar(100) COLLATE utf8_unicode_ci NOT NULL,
  `link` varchar(100) COLLATE utf8_unicode_ci NOT NULL,
  PRIMARY KEY (`id`)
) ENGINE=InnoDB AUTO_INCREMENT=8 DEFAULT CHARSET=utf8 COLLATE=utf8_unicode_ci;

/*Data for the table `mini_banner` */

insert  into `mini_banner`(`id`,`section_id`,`txt`,`txtbtn`,`background`,`link`) values (2,'7.93','PEMBIAYAAN KREDIT YANG MUDAH, CEPAT, AMAN','AJUKAN KREDIT','site/uploads/banners/5a02c5c60460c-adv.jpg','http://dev.webarq.info:8081/kreditplus-be/pengajuan'),(5,'6.91','PEMBIAYAAN KREDIT YANG MUDAH, CEPAT, AMAN','AJUKAN KREDIT','site/uploads/banners/5a042cba62ec4-adv.jpg','http://dev.webarq.info:8081/kreditplus-be/pengajuan'),(6,'28.91','PEMBIAYAAN KREDIT YANG MUDAH, CEPAT, AMAN','AJUKAN KREDIT','site/uploads/banners/5a051740e5f91-adv.jpg','http://dev.webarq.info:8081/kreditplus-be/pengajuan'),(7,'8.93','PEMBIAYAAN KREDIT YANG MUDAH, CEPAT, AMAN','AJUKAN KREDIT','site/uploads/banners/5a0d0295594a4-adv.jpg','http://dev.webarq.info:8081/kreditplus-be/pengajuan');

/*Table structure for table `mini_banner_i18n` */

DROP TABLE IF EXISTS `mini_banner_i18n`;

CREATE TABLE `mini_banner_i18n` (
  `id` int(10) unsigned NOT NULL AUTO_INCREMENT,
  `lang_code` char(2) COLLATE utf8_unicode_ci NOT NULL,
  `mini_banner_id` int(10) unsigned NOT NULL,
  `txt` varchar(100) COLLATE utf8_unicode_ci NOT NULL,
  `txtbtn` varchar(100) COLLATE utf8_unicode_ci NOT NULL,
  `create_on` datetime NOT NULL,
  PRIMARY KEY (`id`)
) ENGINE=InnoDB AUTO_INCREMENT=8 DEFAULT CHARSET=utf8 COLLATE=utf8_unicode_ci;

/*Data for the table `mini_banner_i18n` */

insert  into `mini_banner_i18n`(`id`,`lang_code`,`mini_banner_id`,`txt`,`txtbtn`,`create_on`) values (2,'id',2,'PEMBIAYAAN KREDIT YANG MUDAH, CEPAT, AMAN','AJUKAN KREDIT','2017-11-08 08:52:22'),(5,'id',5,'PEMBIAYAAN KREDIT YANG MUDAH, CEPAT, AMAN','AJUKAN KREDIT','2017-11-09 10:23:54'),(6,'id',6,'PEMBIAYAAN KREDIT YANG MUDAH, CEPAT, AMAN','AJUKAN KREDIT','2017-11-10 03:02:41'),(7,'id',7,'PEMBIAYAAN KREDIT YANG MUDAH, CEPAT, AMAN','AJUKAN KREDIT','2017-11-16 03:14:29');

/*Table structure for table `newsletter` */

DROP TABLE IF EXISTS `newsletter`;

CREATE TABLE `newsletter` (
  `id` int(11) NOT NULL AUTO_INCREMENT,
  `email` varchar(100) DEFAULT NULL,
  PRIMARY KEY (`id`)
) ENGINE=InnoDB AUTO_INCREMENT=8 DEFAULT CHARSET=latin1;

/*Data for the table `newsletter` */

insert  into `newsletter`(`id`,`email`) values (2,'cut@webarq.com'),(3,'1cut@webarq.com'),(4,'fghfdgsdf@dsfg.fhg'),(5,'meggieelhaqqul@ymail.com'),(6,'cs@kreditplus.com'),(7,'dfvcdsfdssd@gdf.jhg');

/*Table structure for table `pages` */

DROP TABLE IF EXISTS `pages`;

CREATE TABLE `pages` (
  `id` int(10) unsigned NOT NULL AUTO_INCREMENT,
  `section_id` varchar(100) COLLATE utf8_unicode_ci NOT NULL,
  `title` varchar(500) COLLATE utf8_unicode_ci NOT NULL,
  `intro` varchar(4000) COLLATE utf8_unicode_ci DEFAULT NULL,
  `description` text COLLATE utf8_unicode_ci,
  `create_on` datetime NOT NULL,
  `last_update` datetime DEFAULT NULL,
  PRIMARY KEY (`id`)
) ENGINE=InnoDB AUTO_INCREMENT=2 DEFAULT CHARSET=utf8 COLLATE=utf8_unicode_ci;

/*Data for the table `pages` */

insert  into `pages`(`id`,`section_id`,`title`,`intro`,`description`,`create_on`,`last_update`) values (1,'1.1','Welcome','Inspire your self','Do not be anxious about tomorrow, for tomorrow will be anxious for itself.  Let the day\'s own trouble be sufficient for the day','2016-12-21 10:00:00',NULL);

/*Table structure for table `pages_i18n` */

DROP TABLE IF EXISTS `pages_i18n`;

CREATE TABLE `pages_i18n` (
  `id` bigint(20) unsigned NOT NULL AUTO_INCREMENT,
  `lang_code` char(2) COLLATE utf8_unicode_ci NOT NULL,
  `page_id` int(10) unsigned NOT NULL,
  `title` varchar(500) COLLATE utf8_unicode_ci DEFAULT NULL,
  `intro` varchar(4000) COLLATE utf8_unicode_ci DEFAULT NULL,
  `description` text COLLATE utf8_unicode_ci,
  `create_on` datetime NOT NULL,
  PRIMARY KEY (`id`)
) ENGINE=InnoDB DEFAULT CHARSET=utf8 COLLATE=utf8_unicode_ci;

/*Data for the table `pages_i18n` */

/*Table structure for table `pengajuan` */

DROP TABLE IF EXISTS `pengajuan`;

CREATE TABLE `pengajuan` (
  `id` int(10) unsigned NOT NULL AUTO_INCREMENT,
  `section_id` varchar(100) COLLATE utf8_unicode_ci NOT NULL,
  `persyaratan` varchar(100) COLLATE utf8_unicode_ci NOT NULL,
  `karyawan` varchar(100) COLLATE utf8_unicode_ci NOT NULL,
  `wiraswasta` varchar(100) COLLATE utf8_unicode_ci NOT NULL,
  `profesional` varchar(100) COLLATE utf8_unicode_ci NOT NULL,
  PRIMARY KEY (`id`)
) ENGINE=InnoDB AUTO_INCREMENT=31 DEFAULT CHARSET=utf8 COLLATE=utf8_unicode_ci;

/*Data for the table `pengajuan` */

insert  into `pengajuan`(`id`,`section_id`,`persyaratan`,`karyawan`,`wiraswasta`,`profesional`) values (1,'3.4','Fotocopy KTP Pemohon','1','1','1'),(2,'3.4','Fotocopy Surat Ijin Usaha Perdagangan (SIUP)','0','1','1'),(3,'3.4','Fotocopy Nomor Pokok Wajib Pajak (NPWP)','0','0','1'),(4,'3.4','Fotocopy Rekening Koran/Rekening Tabungan 3 Bulan Terakhir','0','1','0'),(5,'3.4','Fotocopy Slip Gaji atau surat Keterangan Penghasilan Resmi dan Sah ( Bulan Terakhir )','1','0','1'),(11,'9.4','Fotocopy KTP Pemohon','1','1','1'),(12,'9.4','Fotocopy Surat Ijin Usaha Perdagangan (SIUP)','0','1','1'),(13,'9.4','Fotocopy Nomor Pokok Wajib Pajak (NPWP)','0','1','1'),(14,'9.4','Fotocopy Rekening Koran/Rekening Tabungan 3 Bulan Terakhir','0','1','1'),(15,'9.4','Fotocopy Slip Gaji atau surat Keterangan Penghasilan Resmi dan Sah ( Bulan Terakhir )','1','1','1'),(16,'10.4','Fotocopy KTP Pemohon','1','1','1'),(17,'10.4','Fotocopy Surat Ijin Usaha Perdagangan (SIUP)','0','1','1'),(18,'10.4','Fotocopy Nomor Pokok Wajib Pajak (NPWP)','1','0','1'),(19,'10.4','Fotocopy Rekening Koran/Rekening Tabungan 3 Bulan Terakhir','0','1','0'),(20,'10.4','Fotocopy Slip Gaji atau surat Keterangan Penghasilan Resmi dan Sah ( Bulan Terakhir )','1','0','0'),(21,'11.4','Fotocopy KTP Pemohon','1','1','1'),(22,'11.4','Fotocopy Surat Ijin Usaha Perdagangan (SIUP)','0','1','1'),(23,'11.4','Fotocopy Nomor Pokok Wajib Pajak (NPWP)','0','1','1'),(24,'11.4','Fotocopy Rekening Koran/Rekening Tabungan 3 Bulan Terakhir','1','0','0'),(25,'11.4','Fotocopy Slip Gaji atau surat Keterangan Penghasilan Resmi dan Sah ( Bulan Terakhir )','1','1','1'),(26,'13.4','Fotocopy KTP Pemohon','1','1','1'),(27,'13.4','Fotocopy Surat Ijin Usaha Perdagangan (SIUP)','0','1','1'),(28,'13.4','Fotocopy Nomor Pokok Wajib Pajak (NPWP)','0','1','1'),(29,'13.4','Fotocopy Rekening Koran/Rekening Tabungan 3 Bulan Terakhir','0','0','1'),(30,'13.4','Fotocopy Slip Gaji atau surat Keterangan Penghasilan Resmi dan Sah ( Bulan Terakhir )','1','1','1');

/*Table structure for table `pengajuan_kredit` */

DROP TABLE IF EXISTS `pengajuan_kredit`;

CREATE TABLE `pengajuan_kredit` (
  `id` int(10) unsigned NOT NULL AUTO_INCREMENT,
  `title1` varchar(200) COLLATE utf8_unicode_ci DEFAULT NULL,
  `title2` varchar(200) COLLATE utf8_unicode_ci DEFAULT NULL,
  `title3` varchar(200) COLLATE utf8_unicode_ci DEFAULT NULL,
  `title4` varchar(200) COLLATE utf8_unicode_ci DEFAULT NULL,
  `section_id` varchar(100) COLLATE utf8_unicode_ci NOT NULL,
  `img1` varchar(100) COLLATE utf8_unicode_ci NOT NULL,
  `img2` varchar(100) COLLATE utf8_unicode_ci NOT NULL,
  `img3` varchar(100) COLLATE utf8_unicode_ci NOT NULL,
  `img4` varchar(100) COLLATE utf8_unicode_ci NOT NULL,
  PRIMARY KEY (`id`)
) ENGINE=InnoDB AUTO_INCREMENT=3 DEFAULT CHARSET=utf8 COLLATE=utf8_unicode_ci;

/*Data for the table `pengajuan_kredit` */

insert  into `pengajuan_kredit`(`id`,`title1`,`title2`,`title3`,`title4`,`section_id`,`img1`,`img2`,`img3`,`img4`) values (2,'Pengajuan Elektronik','Pengajuan Mobil','Pengajuan Motor','Peminjaman Modal Usaha','7.8','site/uploads/banners/59eb4ab78876b-prod-01.jpg','site/uploads/banners/59eb4ab78912f-prod-02.jpg','site/uploads/banners/59eb4ab789af3-prod-03.jpg','site/uploads/banners/59eb4ab78a4b7-prod-04.jpg');

/*Table structure for table `pengajuan_user` */

DROP TABLE IF EXISTS `pengajuan_user`;

CREATE TABLE `pengajuan_user` (
  `id` int(10) unsigned NOT NULL AUTO_INCREMENT,
  `nama` varchar(100) COLLATE utf8_unicode_ci NOT NULL,
  `alamat` varchar(100) COLLATE utf8_unicode_ci DEFAULT NULL,
  `ktp` varchar(100) COLLATE utf8_unicode_ci DEFAULT NULL,
  `telp` varchar(100) COLLATE utf8_unicode_ci NOT NULL,
  `email` varchar(100) COLLATE utf8_unicode_ci NOT NULL,
  `yes/no` varchar(100) COLLATE utf8_unicode_ci NOT NULL,
  `brand` varchar(100) COLLATE utf8_unicode_ci NOT NULL,
  `area` varchar(100) COLLATE utf8_unicode_ci NOT NULL,
  `pesan` varchar(2000) COLLATE utf8_unicode_ci NOT NULL,
  PRIMARY KEY (`id`)
) ENGINE=InnoDB AUTO_INCREMENT=18 DEFAULT CHARSET=utf8 COLLATE=utf8_unicode_ci;

/*Data for the table `pengajuan_user` */

insert  into `pengajuan_user`(`id`,`nama`,`alamat`,`ktp`,`telp`,`email`,`yes/no`,`brand`,`area`,`pesan`) values (1,'sacsacas','sadxasdasd','35345345343','34343434','dgfsdd@dfgfd.gjfg','on','1','1','dfgdsfgdsf'),(2,'dewdwed','dwdewdwed','3424234234','43234234','sdfd@fdgfd.fg','on','2','1','fsdfsadffsd'),(3,'fgdfg','fdsfd','2343434','g342ertfsd','fsd@dfgf.gjf','1','5','1','dfgfg'),(4,'dsgdfg','gdfsgf','4353454','5454545','gfsd@fhdgrh.fgdgfd','1','1','2','fdgfdg'),(5,'fdgff','gfdgfsgsd','gfdsgfd','34434','gfdsf@fdgsfd.fghddf','1','1','2','hdghfhg'),(6,'dsdddsa','dsfsdfsdffds','2332323232','3233232','meggieelhaqqul@ymail.com','1','4','2','fdsfdsfaasdfdsa'),(7,'Full Name ','Address ','9876543210','123456789','email@email.com','0','4','2','Message'),(8,'vfdvfdfdfd','fdvfvfvffv','432423423432','432342432','cs@kreditplus.com','yes','modal usaha','DKI Jakarta','sdfffs'),(9,'eeewdfef','fdsfdsdf','3213213','213123123123','meggieelhaqqul@ymail.com','no','motor','DKI Jakarta','dsffdsdsf'),(10,'dfgfgfgf','fg','34234434343','34343434','gfhdf@dfghdf.fghdg','yes','modal usaha','Bekasi','hgdhghd'),(11,'hgdhghgf','dfhgfdghhd','5434534534543','534534534534','cs@kreditplus.com','yes','modal usaha','Bekasi','gfdgdfg'),(12,'fdgdfgdf','gfdgfgds','4324234234','342543534','meggieelhaqqul@ymail.com','yes','modal usaha','Bekasi','gsdf'),(13,'gfdgfdsg','fgdsgsfdg','5345435345345','54534543543','cs@kreditplus.com','yes','modal usaha','Bekasi','fdsfds'),(14,'gdfgsdfg','gfdgssdfg','34653464536456','5436456456','fdgdf@fghdfgh.fghdgf','yes','Elektronik','Bekasi','gfhfg'),(15,'sacsacas','greger','343434','435345345345','meggieelhaqqul@ymail.com','yes','Elektronik','Bekasi','gdsfg'),(16,'gydrefgdf','gdfsgsdf','34534534534','53453453','meggieelhaqqul@ymail.com','yes','Elektronik','Bekasi','dfgdfg'),(17,'wefdewsf','fewfwed','435435435345','4353452345','rterwtr@fgh.hrt','yes','Elektronik','Bekasi','ytrytr');

/*Table structure for table `pengajuan_user_i18n` */

DROP TABLE IF EXISTS `pengajuan_user_i18n`;

CREATE TABLE `pengajuan_user_i18n` (
  `id` bigint(20) unsigned NOT NULL AUTO_INCREMENT,
  `lang_code` char(2) COLLATE utf8_unicode_ci NOT NULL,
  `pengajuan_user_id` int(10) unsigned NOT NULL,
  `pesan` varchar(2000) COLLATE utf8_unicode_ci DEFAULT NULL,
  `create_on` datetime NOT NULL,
  PRIMARY KEY (`id`)
) ENGINE=InnoDB DEFAULT CHARSET=utf8 COLLATE=utf8_unicode_ci;

/*Data for the table `pengajuan_user_i18n` */

/*Table structure for table `permissions` */

DROP TABLE IF EXISTS `permissions`;

CREATE TABLE `permissions` (
  `role_id` int(10) unsigned DEFAULT NULL,
  `module` varchar(25) COLLATE utf8_unicode_ci NOT NULL,
  `panel` varchar(25) COLLATE utf8_unicode_ci NOT NULL,
  `permission` varchar(25) COLLATE utf8_unicode_ci NOT NULL,
  `create_on` datetime NOT NULL,
  UNIQUE KEY `role_id-module-panel-permission` (`role_id`,`module`,`panel`,`permission`)
) ENGINE=InnoDB DEFAULT CHARSET=utf8 COLLATE=utf8_unicode_ci;

/*Data for the table `permissions` */

insert  into `permissions`(`role_id`,`module`,`panel`,`permission`,`create_on`) values (1,'system','configurations','edit','2016-12-21 10:00:00'),(1,'system','admins','create','2016-12-21 10:00:00'),(1,'system','admins','edit','2016-12-21 10:00:00'),(1,'system','admins','activeness','2016-12-21 10:00:00'),(1,'system','admins','delete','2016-12-21 10:00:00'),(1,'system','roles','create','2016-12-21 10:00:00'),(1,'system','roles','edit','2016-12-21 10:00:00'),(1,'system','roles','activeness','2016-12-21 10:00:00'),(1,'system','roles','permission','2016-12-21 10:00:00'),(1,'system','menus','create','2016-12-21 10:00:00'),(1,'system','menus','edit','2016-12-21 10:00:00'),(1,'system','menus','activeness','2016-12-21 10:00:00'),(1,'section','banner','create','2017-11-02 08:37:32'),(1,'section','banner','delete','2017-11-02 08:37:32'),(1,'section','banner','edit','2017-11-02 08:37:32'),(1,'home','slides','create','2017-11-02 08:37:32'),(1,'home','slides','delete','2017-11-02 08:37:32'),(1,'home','slides','edit','2017-11-02 08:37:32'),(1,'home','layanan','edit','2017-11-02 08:37:32'),(1,'home','produk','create','2017-11-02 08:37:32'),(1,'home','produk','delete','2017-11-02 08:37:32'),(1,'home','produk','edit','2017-11-02 08:37:32'),(1,'tentang-kami','visimisi','create','2017-11-02 08:37:32'),(1,'tentang-kami','visimisi','delete','2017-11-02 08:37:32'),(1,'tentang-kami','visimisi','edit','2017-11-02 08:37:32'),(1,'tentang-kami','prestasi','create','2017-11-02 08:37:32'),(1,'tentang-kami','prestasi','delete','2017-11-02 08:37:32'),(1,'tentang-kami','prestasi','edit','2017-11-02 08:37:32'),(1,'produk','content_produk','create','2017-11-02 08:37:32'),(1,'produk','content_produk','delete','2017-11-02 08:37:32'),(1,'produk','content_produk','edit','2017-11-02 08:37:32'),(1,'informasi','informasi','create','2017-11-02 08:37:32'),(1,'informasi','informasi','delete','2017-11-02 08:37:32'),(1,'informasi','informasi','edit','2017-11-02 08:37:32'),(1,'contact','contact','create','2017-11-02 08:37:32'),(1,'contact','contact','delete','2017-11-02 08:37:32'),(1,'contact','contact','edit','2017-11-02 08:37:32'),(1,'contact','testimoni','delete','2017-11-02 08:37:32'),(1,'contact','cabang','create','2017-11-02 08:37:32'),(1,'contact','cabang','delete','2017-11-02 08:37:32'),(1,'contact','cabang','edit','2017-11-02 08:37:32'),(1,'pengajuan','brand','create','2017-11-02 08:37:32'),(1,'pengajuan','brand','delete','2017-11-02 08:37:32'),(1,'pengajuan','brand','edit','2017-11-02 08:37:32'),(1,'pengajuan','area','create','2017-11-02 08:37:32'),(1,'pengajuan','area','delete','2017-11-02 08:37:32'),(1,'pengajuan','area','edit','2017-11-02 08:37:32'),(1,'pengajuan','pengajuan_user','delete','2017-11-02 08:37:32'),(1,'pengajuan','form_pengajuan','create','2017-11-02 08:37:32'),(1,'pengajuan','form_pengajuan','delete','2017-11-02 08:37:32'),(1,'pengajuan','form_pengajuan','edit','2017-11-02 08:37:32'),(1,'karir','karir','create','2017-11-02 08:37:32'),(1,'karir','karir','delete','2017-11-02 08:37:32'),(1,'karir','karir','edit','2017-11-02 08:37:32'),(1,'system','roles','delete','2017-11-02 10:29:32'),(5,'kreditplus_karir','kreditplus_karir','edit','2017-11-03 03:23:26'),(5,'system','configurations','edit','2017-11-03 03:24:07'),(5,'system','admins','activeness','2017-11-03 03:24:07'),(5,'system','admins','create','2017-11-03 03:24:07'),(5,'system','admins','delete','2017-11-03 03:24:07'),(5,'system','admins','edit','2017-11-03 03:24:07'),(5,'system','roles','activeness','2017-11-03 03:24:07'),(5,'system','roles','create','2017-11-03 03:24:07'),(5,'system','roles','delete','2017-11-03 03:24:07'),(5,'system','roles','edit','2017-11-03 03:24:07'),(5,'system','roles','permission','2017-11-03 03:24:07'),(5,'system','menus','activeness','2017-11-03 03:24:07'),(5,'system','menus','create','2017-11-03 03:24:07'),(5,'system','menus','delete','2017-11-03 03:24:07'),(5,'system','menus','edit','2017-11-03 03:24:07'),(5,'section','banner','create','2017-11-03 03:24:07'),(5,'section','banner','delete','2017-11-03 03:24:07'),(5,'section','banner','edit','2017-11-03 03:24:07'),(5,'home','slides','create','2017-11-03 03:24:07'),(5,'home','slides','delete','2017-11-03 03:24:07'),(5,'home','slides','edit','2017-11-03 03:24:07'),(5,'home','layanan','create','2017-11-03 03:24:07'),(5,'home','layanan','delete','2017-11-03 03:24:07'),(5,'home','layanan','edit','2017-11-03 03:24:07'),(5,'home','produk','create','2017-11-03 03:24:07'),(5,'home','produk','delete','2017-11-03 03:24:07'),(5,'home','produk','edit','2017-11-03 03:24:07'),(5,'tentang-kami','content','create','2017-11-03 03:24:07'),(5,'tentang-kami','content','delete','2017-11-03 03:24:07'),(5,'tentang-kami','content','edit','2017-11-03 03:24:07'),(5,'tentang-kami','visimisi','create','2017-11-03 03:24:07'),(5,'tentang-kami','visimisi','delete','2017-11-03 03:24:07'),(5,'tentang-kami','visimisi','edit','2017-11-03 03:24:07'),(5,'tentang-kami','management','create','2017-11-03 03:24:07'),(5,'tentang-kami','management','delete','2017-11-03 03:24:07'),(5,'tentang-kami','management','edit','2017-11-03 03:24:07'),(5,'tentang-kami','prestasi','create','2017-11-03 03:24:07'),(5,'tentang-kami','prestasi','delete','2017-11-03 03:24:07'),(5,'tentang-kami','prestasi','edit','2017-11-03 03:24:07'),(5,'tentang-kami','goodcorporategov','create','2017-11-03 03:24:07'),(5,'tentang-kami','goodcorporategov','delete','2017-11-03 03:24:07'),(5,'tentang-kami','goodcorporategov','edit','2017-11-03 03:24:07'),(5,'tentang-kami','desc_prestasi','create','2017-11-03 03:24:07'),(5,'tentang-kami','desc_prestasi','delete','2017-11-03 03:24:07'),(5,'tentang-kami','desc_prestasi','edit','2017-11-03 03:24:07'),(5,'produk','content_produk','create','2017-11-03 03:24:07'),(5,'produk','content_produk','delete','2017-11-03 03:24:07'),(5,'produk','content_produk','edit','2017-11-03 03:24:07'),(5,'produk','tabel_pengajuan','create','2017-11-03 03:24:07'),(5,'produk','tabel_pengajuan','delete','2017-11-03 03:24:07'),(5,'produk','tabel_pengajuan','edit','2017-11-03 03:24:07'),(5,'kreditplus','content_kreditplus','create','2017-11-03 03:24:07'),(5,'kreditplus','content_kreditplus','delete','2017-11-03 03:24:07'),(5,'kreditplus','content_kreditplus','edit','2017-11-03 03:24:07'),(5,'informasi','informasi','create','2017-11-03 03:24:07'),(5,'informasi','informasi','delete','2017-11-03 03:24:07'),(5,'informasi','informasi','edit','2017-11-03 03:24:07'),(5,'contact','contact','create','2017-11-03 03:24:07'),(5,'contact','contact','delete','2017-11-03 03:24:07'),(5,'contact','contact','edit','2017-11-03 03:24:07'),(5,'contact','testimoni','delete','2017-11-03 03:24:07'),(5,'contact','cabang','create','2017-11-03 03:24:07'),(5,'contact','cabang','delete','2017-11-03 03:24:07'),(5,'contact','cabang','edit','2017-11-03 03:24:07'),(5,'pengajuan','content','create','2017-11-03 03:24:07'),(5,'pengajuan','content','delete','2017-11-03 03:24:07'),(5,'pengajuan','content','edit','2017-11-03 03:24:07'),(5,'pengajuan','brand','create','2017-11-03 03:24:07'),(5,'pengajuan','brand','delete','2017-11-03 03:24:07'),(5,'pengajuan','brand','edit','2017-11-03 03:24:07'),(5,'pengajuan','area','create','2017-11-03 03:24:07'),(5,'pengajuan','area','delete','2017-11-03 03:24:07'),(5,'pengajuan','area','edit','2017-11-03 03:24:07'),(5,'pengajuan','pengajuan_user','delete','2017-11-03 03:24:07'),(5,'pengajuan','form_pengajuan','create','2017-11-03 03:24:07'),(5,'pengajuan','form_pengajuan','delete','2017-11-03 03:24:07'),(5,'pengajuan','form_pengajuan','edit','2017-11-03 03:24:07'),(5,'karir','karir','create','2017-11-03 03:24:07'),(5,'karir','karir','delete','2017-11-03 03:24:07'),(5,'karir','karir','edit','2017-11-03 03:24:07'),(5,'karir','content','create','2017-11-03 03:24:07'),(5,'karir','content','delete','2017-11-03 03:24:07'),(5,'karir','content','edit','2017-11-03 03:24:07'),(5,'kreditplus_karir','kreditplus_karir','create','2017-11-03 03:24:07'),(5,'kreditplus_karir','kreditplus_karir','delete','2017-11-03 03:24:07'),(1,'system','localization','edit','2017-11-09 05:19:17'),(1,'section','footer','edit','2017-11-09 05:19:17'),(1,'section','mini_banner','create','2017-11-09 05:19:17'),(1,'section','mini_banner','delete','2017-11-09 05:19:17'),(1,'section','mini_banner','edit','2017-11-09 05:19:17'),(1,'section','newsletter','delete','2017-11-09 05:19:17'),(1,'section','newsletter','export','2017-11-09 05:19:17'),(1,'home','testimoni_user','create','2017-11-09 05:19:17'),(1,'home','testimoni_user','delete','2017-11-09 05:19:17'),(1,'home','sponsor','create','2017-11-09 05:19:17'),(1,'home','sponsor','delete','2017-11-09 05:19:17'),(1,'informasi','type','create','2017-11-09 05:19:17'),(1,'pengajuan','pengajuan_user','export','2017-11-09 05:19:17'),(1,'karir','content_karir','create','2017-11-09 05:19:17'),(1,'karir','content_karir','edit','2017-11-09 05:19:17'),(1,'simulasi','simulasi','create','2017-11-09 05:19:17'),(1,'simulasi','simulasi','edit','2017-11-09 05:19:17'),(1,'section','content','create','2017-11-09 09:06:08'),(1,'section','content','delete','2017-11-09 09:06:08'),(1,'section','content','edit','2017-11-09 09:06:08'),(1,'home','testimoni_user','edit','2017-11-09 09:06:08'),(1,'home','sponsor','edit','2017-11-09 09:06:08'),(1,'informasi','type','delete','2017-11-09 09:06:08'),(1,'informasi','type','edit','2017-11-09 09:06:08'),(1,'karir','content_karir','delete','2017-11-09 09:06:08'),(1,'simulasi','simulasi','delete','2017-11-09 09:06:08'),(1,'section','google_play','create','2017-11-10 03:11:32'),(1,'section','google_play','delete','2017-11-10 03:11:32'),(1,'section','google_play','edit','2017-11-10 03:11:32'),(1,'contact','testimoni','export','2017-11-14 08:50:26'),(1,'pengajuan','pengajuan_user','view','2017-11-15 10:16:00'),(1,'system','menus','delete','2017-11-22 03:20:33');

/*Table structure for table `prestasi` */

DROP TABLE IF EXISTS `prestasi`;

CREATE TABLE `prestasi` (
  `id` int(10) unsigned NOT NULL AUTO_INCREMENT,
  `section_id` varchar(100) COLLATE utf8_unicode_ci NOT NULL,
  `image` varchar(100) COLLATE utf8_unicode_ci NOT NULL,
  `title` varchar(100) COLLATE utf8_unicode_ci NOT NULL,
  `intro` varchar(2000) COLLATE utf8_unicode_ci NOT NULL,
  `thumbnail` varchar(100) COLLATE utf8_unicode_ci NOT NULL,
  PRIMARY KEY (`id`)
) ENGINE=InnoDB AUTO_INCREMENT=22 DEFAULT CHARSET=utf8 COLLATE=utf8_unicode_ci;

/*Data for the table `prestasi` */

insert  into `prestasi`(`id`,`section_id`,`image`,`title`,`intro`,`thumbnail`) values (12,'5.32','site/uploads/banners/5a2f4e10a64a7-achivement-popup.jpg','Juara Umum POR APPI 2009','Juara 1 Tenis Meja Tunggal : POR APPI 2009. Juara 1 Tenis Meja Ganda: POR APPI 2009. Juara Umum POR APPI 2009		','site/uploads/banners/5a2f4e10a669b-achivement-thumb.jpg'),(13,'5.32','site/uploads/banners/5a2f4e38556ab-achivement-popup.jpg','Juara Umum POR APPI 2010','Juara 1 Tenis Meja: POR APPI 2010. Juara 1 Futsal: POR APPI 2010. Juara 3 Volley: POR APPI 2010. Juara Umum POR APPI 2010\r\n','site/uploads/banners/5a2f4e3855853-achivement-thumb.jpg'),(14,'5.32','site/uploads/banners/5a2f4f1478519-achivement-popup.jpg','Juara Umum POR APPI 2011','Juara 1 Volley: POR APPI 2011. Juara 3 Futsal: POR APPI 2011. Juara 3 Tenis Meja: POR APPI 2011. Juara Umum POR APPI 2011		','site/uploads/banners/5a2f4f147869f-achivement-thumb.jpg'),(15,'5.32','site/uploads/banners/5a2f4f947be41-2013-1-popup.jpg','2013 - Multi Finance Terbaik Versi Investor','Untuk kategori Aset diatas 1 - 2 Triliun','site/uploads/banners/5a2f4f947c009-2013-1-thumb.jpg'),(16,'5.32','site/uploads/banners/5a2f4ffcd39ed-2013-2-popup.jpg','2013 - Multi Finance Terbaik Versi APPI','Untuk kategori Aset diatas 500 Milliar','site/uploads/banners/5a2f4ffcd3b6a-2013-2-thumb.jpg'),(17,'5.32','site/uploads/banners/5a2f508e43c66-2013-3-popup.jpg','2013 - Multi Finance Terbaik Versi Infobank','Atas kinerja keuangan selama tahun 2013','site/uploads/banners/5a2f508e43e18-2013-3-thumb.jpg'),(18,'5.32','site/uploads/banners/5a2f514bc640f-2014-popup.jpg','2014 - Multi Finance Terbaik Versi Infobank','Atas kinerja keuangan selama tahun 2014','site/uploads/banners/5a2f514bc65ec-2014-thumb.jpg'),(19,'5.32','site/uploads/banners/5a2f51a2872b5-2015-popup.jpg','2015 - Multi Finance Terbaik Versi Infobank','Atas kinerja keuangan selama tahun 2015','site/uploads/banners/5a2f51a287421-2015-thumb.jpg'),(20,'5.32','site/uploads/banners/5a2f522cc2c4e-2016-popup.jpg','2016 - Top Multi Finance','Dengan Aset  2 - 3  Triliun','site/uploads/banners/5a2f522cc2dc4-2016-thumb.jpg'),(21,'5.32','site/uploads/banners/5a2f527181cac-achivement-popup.jpg','Juara Umum POR APPI 2017','Juara 1 Tenis Meja: POR APPI 2017. Juara 1 Basket: POR APPI 2017. Juara Umum POR APPI 2017','site/uploads/banners/5a2f527181e58-achivement-thumb.jpg');

/*Table structure for table `prestasi_i18n` */

DROP TABLE IF EXISTS `prestasi_i18n`;

CREATE TABLE `prestasi_i18n` (
  `id` bigint(20) unsigned NOT NULL AUTO_INCREMENT,
  `lang_code` char(2) COLLATE utf8_unicode_ci NOT NULL,
  `prestasi_id` int(10) unsigned NOT NULL,
  `title` varchar(100) COLLATE utf8_unicode_ci DEFAULT NULL,
  `intro` varchar(2000) COLLATE utf8_unicode_ci DEFAULT NULL,
  `create_on` datetime NOT NULL,
  PRIMARY KEY (`id`)
) ENGINE=InnoDB AUTO_INCREMENT=22 DEFAULT CHARSET=utf8 COLLATE=utf8_unicode_ci;

/*Data for the table `prestasi_i18n` */

insert  into `prestasi_i18n`(`id`,`lang_code`,`prestasi_id`,`title`,`intro`,`create_on`) values (12,'id',12,'Juara Umum POR APPI 2009','Juara 1 Tenis Meja Tunggal : POR APPI 2009. Juara 1 Tenis Meja Ganda: POR APPI 2009. Juara Umum POR APPI 2009		','2017-12-12 03:33:36'),(13,'id',13,'Juara Umum POR APPI 2010','Juara 1 Tenis Meja: POR APPI 2010. Juara 1 Futsal: POR APPI 2010. Juara 3 Volley: POR APPI 2010. Juara Umum POR APPI 2010','2017-12-12 03:34:16'),(14,'id',14,'Juara Umum POR APPI 2011','Juara 1 Volley: POR APPI 2011. Juara 3 Futsal: POR APPI 2011. Juara 3 Tenis Meja: POR APPI 2011. Juara Umum POR APPI 2011		','2017-12-12 03:37:56'),(15,'id',15,'2013 - Multi Finance Terbaik Versi Investor','Untuk kategori Aset diatas 1 - 2 Triliun','2017-12-12 03:40:04'),(16,'id',16,'2013 - Multi Finance Terbaik Versi APPI','Untuk kategori Aset diatas 500 Milliar','2017-12-12 03:41:49'),(17,'id',17,'2013 - Multi Finance Terbaik Versi Infobank','Atas kinerja keuangan selama tahun 2013','2017-12-12 03:44:14'),(18,'id',18,'2014 - Multi Finance Terbaik Versi Infobank','Atas kinerja keuangan selama tahun 2014','2017-12-12 03:47:24'),(19,'id',19,'2015 - Multi Finance Terbaik Versi Infobank','Atas kinerja keuangan selama tahun 2015','2017-12-12 03:48:50'),(20,'id',20,'2016 - Top Multi Finance','Dengan Aset  2 - 3  Triliun','2017-12-12 03:51:08'),(21,'id',21,'Juara Umum POR APPI 2017','Juara 1 Tenis Meja: POR APPI 2017. Juara 1 Basket: POR APPI 2017. Juara Umum POR APPI 2017','2017-12-12 03:52:17');

/*Table structure for table `produk` */

DROP TABLE IF EXISTS `produk`;

CREATE TABLE `produk` (
  `id` int(10) unsigned NOT NULL AUTO_INCREMENT,
  `section_id` varchar(100) COLLATE utf8_unicode_ci NOT NULL,
  `image` varchar(100) COLLATE utf8_unicode_ci NOT NULL,
  `title` varchar(100) COLLATE utf8_unicode_ci NOT NULL,
  `intro` text COLLATE utf8_unicode_ci NOT NULL,
  `link` varchar(100) COLLATE utf8_unicode_ci DEFAULT NULL,
  PRIMARY KEY (`id`)
) ENGINE=InnoDB AUTO_INCREMENT=7 DEFAULT CHARSET=utf8 COLLATE=utf8_unicode_ci;

/*Data for the table `produk` */

insert  into `produk`(`id`,`section_id`,`image`,`title`,`intro`,`link`) values (2,'1.24','site/uploads/slidess/5a15281d0d204-prod-kredit.png','Kreditmu & KP Mobile','This is Photoshop\'s version  of Lorem','/'),(3,'1.24','site/uploads/slidess/5a2e4fa748dae-prod-02.jpg','Multi Guna Mobil','This is Photoshop\'s version  of Lorem','multi-guna-mobil'),(4,'1.24','site/uploads/slidess/5a2e4f474aaf9-prod-01.jpg','Multi Guna Elektronik','This is Photoshop\'s version  of Lorem','multi-guna-elektronik'),(5,'1.24','site/uploads/slidess/5a2e4fe47656a-prod-03.jpg','Multi Guna Motor','This is Photoshop\'s version  of Lorem','multi-guna-motor'),(6,'1.24','site/uploads/slidess/5a3cc7754efc8-5a15281d0d204-prod-kredit.png','Modal Usaha','This is Photoshop\'s version  of Lorem','modal-usaha');

/*Table structure for table `produk_home` */

DROP TABLE IF EXISTS `produk_home`;

CREATE TABLE `produk_home` (
  `id` int(10) unsigned NOT NULL AUTO_INCREMENT,
  `section_id` varchar(100) COLLATE utf8_unicode_ci NOT NULL,
  `image` varchar(100) COLLATE utf8_unicode_ci NOT NULL,
  `title` varchar(100) COLLATE utf8_unicode_ci NOT NULL,
  `description` varchar(100) COLLATE utf8_unicode_ci NOT NULL,
  PRIMARY KEY (`id`)
) ENGINE=InnoDB DEFAULT CHARSET=utf8 COLLATE=utf8_unicode_ci;

/*Data for the table `produk_home` */

/*Table structure for table `produk_i18n` */

DROP TABLE IF EXISTS `produk_i18n`;

CREATE TABLE `produk_i18n` (
  `id` bigint(20) unsigned NOT NULL AUTO_INCREMENT,
  `lang_code` char(2) COLLATE utf8_unicode_ci NOT NULL,
  `produk_id` int(10) unsigned NOT NULL,
  `title` varchar(100) COLLATE utf8_unicode_ci DEFAULT NULL,
  `intro` text COLLATE utf8_unicode_ci,
  `create_on` datetime NOT NULL,
  PRIMARY KEY (`id`)
) ENGINE=InnoDB AUTO_INCREMENT=7 DEFAULT CHARSET=utf8 COLLATE=utf8_unicode_ci;

/*Data for the table `produk_i18n` */

insert  into `produk_i18n`(`id`,`lang_code`,`produk_id`,`title`,`intro`,`create_on`) values (2,'id',2,'Kreditmu & KP Mobile','This is Photoshop\'s version  of Lorem','2017-11-09 10:26:55'),(3,'id',4,'Multi Guna Elektronik','This is Photoshop\'s version  of Lorem','2017-11-14 03:30:27'),(4,'id',3,'Multi Guna Mobil','This is Photoshop\'s version  of Lorem','2017-11-14 03:30:45'),(5,'id',5,'Multi Guna Motor','This is Photoshop\'s version  of Lorem','2017-12-11 09:29:08'),(6,'id',6,'Modal Usaha','This is Photoshop\'s version  of Lorem','2017-12-22 08:51:01');

/*Table structure for table `provinces` */

DROP TABLE IF EXISTS `provinces`;

CREATE TABLE `provinces` (
  `id` char(2) COLLATE utf8_unicode_ci NOT NULL,
  `name` varchar(255) COLLATE utf8_unicode_ci NOT NULL,
  PRIMARY KEY (`id`)
) ENGINE=InnoDB DEFAULT CHARSET=utf8 COLLATE=utf8_unicode_ci;

/*Data for the table `provinces` */

insert  into `provinces`(`id`,`name`) values ('11','ACEH'),('12','SUMATERA UTARA'),('13','SUMATERA BARAT'),('14','RIAU'),('15','JAMBI'),('16','SUMATERA SELATAN'),('17','BENGKULU'),('18','LAMPUNG'),('19','KEPULAUAN BANGKA BELITUNG'),('21','KEPULAUAN RIAU'),('31','DKI JAKARTA'),('32','JAWA BARAT'),('33','JAWA TENGAH'),('34','DI YOGYAKARTA'),('35','JAWA TIMUR'),('36','BANTEN'),('51','BALI'),('52','NUSA TENGGARA BARAT'),('53','NUSA TENGGARA TIMUR'),('61','KALIMANTAN BARAT'),('62','KALIMANTAN TENGAH'),('63','KALIMANTAN SELATAN'),('64','KALIMANTAN TIMUR'),('65','KALIMANTAN UTARA'),('71','SULAWESI UTARA'),('72','SULAWESI TENGAH'),('73','SULAWESI SELATAN'),('74','SULAWESI TENGGARA'),('75','GORONTALO'),('76','SULAWESI BARAT'),('81','MALUKU'),('82','MALUKU UTARA'),('91','PAPUA BARAT'),('94','PAPUA');

/*Table structure for table `regencies` */

DROP TABLE IF EXISTS `regencies`;

CREATE TABLE `regencies` (
  `id` char(4) COLLATE utf8_unicode_ci NOT NULL,
  `province_id` char(2) COLLATE utf8_unicode_ci NOT NULL,
  `name` varchar(255) COLLATE utf8_unicode_ci NOT NULL,
  PRIMARY KEY (`id`),
  KEY `province_id` (`province_id`),
  CONSTRAINT `regencies_ibfk_1` FOREIGN KEY (`province_id`) REFERENCES `provinces` (`id`)
) ENGINE=InnoDB DEFAULT CHARSET=utf8 COLLATE=utf8_unicode_ci;

/*Data for the table `regencies` */

insert  into `regencies`(`id`,`province_id`,`name`) values ('1101','11','KABUPATEN SIMEULUE'),('1102','11','KABUPATEN ACEH SINGKIL'),('1103','11','KABUPATEN ACEH SELATAN'),('1104','11','KABUPATEN ACEH TENGGARA'),('1105','11','KABUPATEN ACEH TIMUR'),('1106','11','KABUPATEN ACEH TENGAH'),('1107','11','KABUPATEN ACEH BARAT'),('1108','11','KABUPATEN ACEH BESAR'),('1109','11','KABUPATEN PIDIE'),('1110','11','KABUPATEN BIREUEN'),('1111','11','KABUPATEN ACEH UTARA'),('1112','11','KABUPATEN ACEH BARAT DAYA'),('1113','11','KABUPATEN GAYO LUES'),('1114','11','KABUPATEN ACEH TAMIANG'),('1115','11','KABUPATEN NAGAN RAYA'),('1116','11','KABUPATEN ACEH JAYA'),('1117','11','KABUPATEN BENER MERIAH'),('1118','11','KABUPATEN PIDIE JAYA'),('1171','11','KOTA BANDA ACEH'),('1172','11','KOTA SABANG'),('1173','11','KOTA LANGSA'),('1174','11','KOTA LHOKSEUMAWE'),('1175','11','KOTA SUBULUSSALAM'),('1201','12','KABUPATEN NIAS'),('1202','12','KABUPATEN MANDAILING NATAL'),('1203','12','KABUPATEN TAPANULI SELATAN'),('1204','12','KABUPATEN TAPANULI TENGAH'),('1205','12','KABUPATEN TAPANULI UTARA'),('1206','12','KABUPATEN TOBA SAMOSIR'),('1207','12','KABUPATEN LABUHAN BATU'),('1208','12','KABUPATEN ASAHAN'),('1209','12','KABUPATEN SIMALUNGUN'),('1210','12','KABUPATEN DAIRI'),('1211','12','KABUPATEN KARO'),('1212','12','KABUPATEN DELI SERDANG'),('1213','12','KABUPATEN LANGKAT'),('1214','12','KABUPATEN NIAS SELATAN'),('1215','12','KABUPATEN HUMBANG HASUNDUTAN'),('1216','12','KABUPATEN PAKPAK BHARAT'),('1217','12','KABUPATEN SAMOSIR'),('1218','12','KABUPATEN SERDANG BEDAGAI'),('1219','12','KABUPATEN BATU BARA'),('1220','12','KABUPATEN PADANG LAWAS UTARA'),('1221','12','KABUPATEN PADANG LAWAS'),('1222','12','KABUPATEN LABUHAN BATU SELATAN'),('1223','12','KABUPATEN LABUHAN BATU UTARA'),('1224','12','KABUPATEN NIAS UTARA'),('1225','12','KABUPATEN NIAS BARAT'),('1271','12','KOTA SIBOLGA'),('1272','12','KOTA TANJUNG BALAI'),('1273','12','KOTA PEMATANG SIANTAR'),('1274','12','KOTA TEBING TINGGI'),('1275','12','KOTA MEDAN'),('1276','12','KOTA BINJAI'),('1277','12','KOTA PADANGSIDIMPUAN'),('1278','12','KOTA GUNUNGSITOLI'),('1301','13','KABUPATEN KEPULAUAN MENTAWAI'),('1302','13','KABUPATEN PESISIR SELATAN'),('1303','13','KABUPATEN SOLOK'),('1304','13','KABUPATEN SIJUNJUNG'),('1305','13','KABUPATEN TANAH DATAR'),('1306','13','KABUPATEN PADANG PARIAMAN'),('1307','13','KABUPATEN AGAM'),('1308','13','KABUPATEN LIMA PULUH KOTA'),('1309','13','KABUPATEN PASAMAN'),('1310','13','KABUPATEN SOLOK SELATAN'),('1311','13','KABUPATEN DHARMASRAYA'),('1312','13','KABUPATEN PASAMAN BARAT'),('1371','13','KOTA PADANG'),('1372','13','KOTA SOLOK'),('1373','13','KOTA SAWAH LUNTO'),('1374','13','KOTA PADANG PANJANG'),('1375','13','KOTA BUKITTINGGI'),('1376','13','KOTA PAYAKUMBUH'),('1377','13','KOTA PARIAMAN'),('1401','14','KABUPATEN KUANTAN SINGINGI'),('1402','14','KABUPATEN INDRAGIRI HULU'),('1403','14','KABUPATEN INDRAGIRI HILIR'),('1404','14','KABUPATEN PELALAWAN'),('1405','14','KABUPATEN S I A K'),('1406','14','KABUPATEN KAMPAR'),('1407','14','KABUPATEN ROKAN HULU'),('1408','14','KABUPATEN BENGKALIS'),('1409','14','KABUPATEN ROKAN HILIR'),('1410','14','KABUPATEN KEPULAUAN MERANTI'),('1471','14','KOTA PEKANBARU'),('1473','14','KOTA D U M A I'),('1501','15','KABUPATEN KERINCI'),('1502','15','KABUPATEN MERANGIN'),('1503','15','KABUPATEN SAROLANGUN'),('1504','15','KABUPATEN BATANG HARI'),('1505','15','KABUPATEN MUARO JAMBI'),('1506','15','KABUPATEN TANJUNG JABUNG TIMUR'),('1507','15','KABUPATEN TANJUNG JABUNG BARAT'),('1508','15','KABUPATEN TEBO'),('1509','15','KABUPATEN BUNGO'),('1571','15','KOTA JAMBI'),('1572','15','KOTA SUNGAI PENUH'),('1601','16','KABUPATEN OGAN KOMERING ULU'),('1602','16','KABUPATEN OGAN KOMERING ILIR'),('1603','16','KABUPATEN MUARA ENIM'),('1604','16','KABUPATEN LAHAT'),('1605','16','KABUPATEN MUSI RAWAS'),('1606','16','KABUPATEN MUSI BANYUASIN'),('1607','16','KABUPATEN BANYU ASIN'),('1608','16','KABUPATEN OGAN KOMERING ULU SELATAN'),('1609','16','KABUPATEN OGAN KOMERING ULU TIMUR'),('1610','16','KABUPATEN OGAN ILIR'),('1611','16','KABUPATEN EMPAT LAWANG'),('1612','16','KABUPATEN PENUKAL ABAB LEMATANG ILIR'),('1613','16','KABUPATEN MUSI RAWAS UTARA'),('1671','16','KOTA PALEMBANG'),('1672','16','KOTA PRABUMULIH'),('1673','16','KOTA PAGAR ALAM'),('1674','16','KOTA LUBUKLINGGAU'),('1701','17','KABUPATEN BENGKULU SELATAN'),('1702','17','KABUPATEN REJANG LEBONG'),('1703','17','KABUPATEN BENGKULU UTARA'),('1704','17','KABUPATEN KAUR'),('1705','17','KABUPATEN SELUMA'),('1706','17','KABUPATEN MUKOMUKO'),('1707','17','KABUPATEN LEBONG'),('1708','17','KABUPATEN KEPAHIANG'),('1709','17','KABUPATEN BENGKULU TENGAH'),('1771','17','KOTA BENGKULU'),('1801','18','KABUPATEN LAMPUNG BARAT'),('1802','18','KABUPATEN TANGGAMUS'),('1803','18','KABUPATEN LAMPUNG SELATAN'),('1804','18','KABUPATEN LAMPUNG TIMUR'),('1805','18','KABUPATEN LAMPUNG TENGAH'),('1806','18','KABUPATEN LAMPUNG UTARA'),('1807','18','KABUPATEN WAY KANAN'),('1808','18','KABUPATEN TULANGBAWANG'),('1809','18','KABUPATEN PESAWARAN'),('1810','18','KABUPATEN PRINGSEWU'),('1811','18','KABUPATEN MESUJI'),('1812','18','KABUPATEN TULANG BAWANG BARAT'),('1813','18','KABUPATEN PESISIR BARAT'),('1871','18','KOTA BANDAR LAMPUNG'),('1872','18','KOTA METRO'),('1901','19','KABUPATEN BANGKA'),('1902','19','KABUPATEN BELITUNG'),('1903','19','KABUPATEN BANGKA BARAT'),('1904','19','KABUPATEN BANGKA TENGAH'),('1905','19','KABUPATEN BANGKA SELATAN'),('1906','19','KABUPATEN BELITUNG TIMUR'),('1971','19','KOTA PANGKAL PINANG'),('2101','21','KABUPATEN KARIMUN'),('2102','21','KABUPATEN BINTAN'),('2103','21','KABUPATEN NATUNA'),('2104','21','KABUPATEN LINGGA'),('2105','21','KABUPATEN KEPULAUAN ANAMBAS'),('2171','21','KOTA B A T A M'),('2172','21','KOTA TANJUNG PINANG'),('3101','31','KABUPATEN KEPULAUAN SERIBU'),('3171','31','KOTA JAKARTA SELATAN'),('3172','31','KOTA JAKARTA TIMUR'),('3173','31','KOTA JAKARTA PUSAT'),('3174','31','KOTA JAKARTA BARAT'),('3175','31','KOTA JAKARTA UTARA'),('3201','32','KABUPATEN BOGOR'),('3202','32','KABUPATEN SUKABUMI'),('3203','32','KABUPATEN CIANJUR'),('3204','32','KABUPATEN BANDUNG'),('3205','32','KABUPATEN GARUT'),('3206','32','KABUPATEN TASIKMALAYA'),('3207','32','KABUPATEN CIAMIS'),('3208','32','KABUPATEN KUNINGAN'),('3209','32','KABUPATEN CIREBON'),('3210','32','KABUPATEN MAJALENGKA'),('3211','32','KABUPATEN SUMEDANG'),('3212','32','KABUPATEN INDRAMAYU'),('3213','32','KABUPATEN SUBANG'),('3214','32','KABUPATEN PURWAKARTA'),('3215','32','KABUPATEN KARAWANG'),('3216','32','KABUPATEN BEKASI'),('3217','32','KABUPATEN BANDUNG BARAT'),('3218','32','KABUPATEN PANGANDARAN'),('3271','32','KOTA BOGOR'),('3272','32','KOTA SUKABUMI'),('3273','32','KOTA BANDUNG'),('3274','32','KOTA CIREBON'),('3275','32','KOTA BEKASI'),('3276','32','KOTA DEPOK'),('3277','32','KOTA CIMAHI'),('3278','32','KOTA TASIKMALAYA'),('3279','32','KOTA BANJAR'),('3301','33','KABUPATEN CILACAP'),('3302','33','KABUPATEN BANYUMAS'),('3303','33','KABUPATEN PURBALINGGA'),('3304','33','KABUPATEN BANJARNEGARA'),('3305','33','KABUPATEN KEBUMEN'),('3306','33','KABUPATEN PURWOREJO'),('3307','33','KABUPATEN WONOSOBO'),('3308','33','KABUPATEN MAGELANG'),('3309','33','KABUPATEN BOYOLALI'),('3310','33','KABUPATEN KLATEN'),('3311','33','KABUPATEN SUKOHARJO'),('3312','33','KABUPATEN WONOGIRI'),('3313','33','KABUPATEN KARANGANYAR'),('3314','33','KABUPATEN SRAGEN'),('3315','33','KABUPATEN GROBOGAN'),('3316','33','KABUPATEN BLORA'),('3317','33','KABUPATEN REMBANG'),('3318','33','KABUPATEN PATI'),('3319','33','KABUPATEN KUDUS'),('3320','33','KABUPATEN JEPARA'),('3321','33','KABUPATEN DEMAK'),('3322','33','KABUPATEN SEMARANG'),('3323','33','KABUPATEN TEMANGGUNG'),('3324','33','KABUPATEN KENDAL'),('3325','33','KABUPATEN BATANG'),('3326','33','KABUPATEN PEKALONGAN'),('3327','33','KABUPATEN PEMALANG'),('3328','33','KABUPATEN TEGAL'),('3329','33','KABUPATEN BREBES'),('3371','33','KOTA MAGELANG'),('3372','33','KOTA SURAKARTA'),('3373','33','KOTA SALATIGA'),('3374','33','KOTA SEMARANG'),('3375','33','KOTA PEKALONGAN'),('3376','33','KOTA TEGAL'),('3401','34','KABUPATEN KULON PROGO'),('3402','34','KABUPATEN BANTUL'),('3403','34','KABUPATEN GUNUNG KIDUL'),('3404','34','KABUPATEN SLEMAN'),('3471','34','KOTA YOGYAKARTA'),('3501','35','KABUPATEN PACITAN'),('3502','35','KABUPATEN PONOROGO'),('3503','35','KABUPATEN TRENGGALEK'),('3504','35','KABUPATEN TULUNGAGUNG'),('3505','35','KABUPATEN BLITAR'),('3506','35','KABUPATEN KEDIRI'),('3507','35','KABUPATEN MALANG'),('3508','35','KABUPATEN LUMAJANG'),('3509','35','KABUPATEN JEMBER'),('3510','35','KABUPATEN BANYUWANGI'),('3511','35','KABUPATEN BONDOWOSO'),('3512','35','KABUPATEN SITUBONDO'),('3513','35','KABUPATEN PROBOLINGGO'),('3514','35','KABUPATEN PASURUAN'),('3515','35','KABUPATEN SIDOARJO'),('3516','35','KABUPATEN MOJOKERTO'),('3517','35','KABUPATEN JOMBANG'),('3518','35','KABUPATEN NGANJUK'),('3519','35','KABUPATEN MADIUN'),('3520','35','KABUPATEN MAGETAN'),('3521','35','KABUPATEN NGAWI'),('3522','35','KABUPATEN BOJONEGORO'),('3523','35','KABUPATEN TUBAN'),('3524','35','KABUPATEN LAMONGAN'),('3525','35','KABUPATEN GRESIK'),('3526','35','KABUPATEN BANGKALAN'),('3527','35','KABUPATEN SAMPANG'),('3528','35','KABUPATEN PAMEKASAN'),('3529','35','KABUPATEN SUMENEP'),('3571','35','KOTA KEDIRI'),('3572','35','KOTA BLITAR'),('3573','35','KOTA MALANG'),('3574','35','KOTA PROBOLINGGO'),('3575','35','KOTA PASURUAN'),('3576','35','KOTA MOJOKERTO'),('3577','35','KOTA MADIUN'),('3578','35','KOTA SURABAYA'),('3579','35','KOTA BATU'),('3601','36','KABUPATEN PANDEGLANG'),('3602','36','KABUPATEN LEBAK'),('3603','36','KABUPATEN TANGERANG'),('3604','36','KABUPATEN SERANG'),('3671','36','KOTA TANGERANG'),('3672','36','KOTA CILEGON'),('3673','36','KOTA SERANG'),('3674','36','KOTA TANGERANG SELATAN'),('5101','51','KABUPATEN JEMBRANA'),('5102','51','KABUPATEN TABANAN'),('5103','51','KABUPATEN BADUNG'),('5104','51','KABUPATEN GIANYAR'),('5105','51','KABUPATEN KLUNGKUNG'),('5106','51','KABUPATEN BANGLI'),('5107','51','KABUPATEN KARANG ASEM'),('5108','51','KABUPATEN BULELENG'),('5171','51','KOTA DENPASAR'),('5201','52','KABUPATEN LOMBOK BARAT'),('5202','52','KABUPATEN LOMBOK TENGAH'),('5203','52','KABUPATEN LOMBOK TIMUR'),('5204','52','KABUPATEN SUMBAWA'),('5205','52','KABUPATEN DOMPU'),('5206','52','KABUPATEN BIMA'),('5207','52','KABUPATEN SUMBAWA BARAT'),('5208','52','KABUPATEN LOMBOK UTARA'),('5271','52','KOTA MATARAM'),('5272','52','KOTA BIMA'),('5301','53','KABUPATEN SUMBA BARAT'),('5302','53','KABUPATEN SUMBA TIMUR'),('5303','53','KABUPATEN KUPANG'),('5304','53','KABUPATEN TIMOR TENGAH SELATAN'),('5305','53','KABUPATEN TIMOR TENGAH UTARA'),('5306','53','KABUPATEN BELU'),('5307','53','KABUPATEN ALOR'),('5308','53','KABUPATEN LEMBATA'),('5309','53','KABUPATEN FLORES TIMUR'),('5310','53','KABUPATEN SIKKA'),('5311','53','KABUPATEN ENDE'),('5312','53','KABUPATEN NGADA'),('5313','53','KABUPATEN MANGGARAI'),('5314','53','KABUPATEN ROTE NDAO'),('5315','53','KABUPATEN MANGGARAI BARAT'),('5316','53','KABUPATEN SUMBA TENGAH'),('5317','53','KABUPATEN SUMBA BARAT DAYA'),('5318','53','KABUPATEN NAGEKEO'),('5319','53','KABUPATEN MANGGARAI TIMUR'),('5320','53','KABUPATEN SABU RAIJUA'),('5321','53','KABUPATEN MALAKA'),('5371','53','KOTA KUPANG'),('6101','61','KABUPATEN SAMBAS'),('6102','61','KABUPATEN BENGKAYANG'),('6103','61','KABUPATEN LANDAK'),('6104','61','KABUPATEN MEMPAWAH'),('6105','61','KABUPATEN SANGGAU'),('6106','61','KABUPATEN KETAPANG'),('6107','61','KABUPATEN SINTANG'),('6108','61','KABUPATEN KAPUAS HULU'),('6109','61','KABUPATEN SEKADAU'),('6110','61','KABUPATEN MELAWI'),('6111','61','KABUPATEN KAYONG UTARA'),('6112','61','KABUPATEN KUBU RAYA'),('6171','61','KOTA PONTIANAK'),('6172','61','KOTA SINGKAWANG'),('6201','62','KABUPATEN KOTAWARINGIN BARAT'),('6202','62','KABUPATEN KOTAWARINGIN TIMUR'),('6203','62','KABUPATEN KAPUAS'),('6204','62','KABUPATEN BARITO SELATAN'),('6205','62','KABUPATEN BARITO UTARA'),('6206','62','KABUPATEN SUKAMARA'),('6207','62','KABUPATEN LAMANDAU'),('6208','62','KABUPATEN SERUYAN'),('6209','62','KABUPATEN KATINGAN'),('6210','62','KABUPATEN PULANG PISAU'),('6211','62','KABUPATEN GUNUNG MAS'),('6212','62','KABUPATEN BARITO TIMUR'),('6213','62','KABUPATEN MURUNG RAYA'),('6271','62','KOTA PALANGKA RAYA'),('6301','63','KABUPATEN TANAH LAUT'),('6302','63','KABUPATEN KOTA BARU'),('6303','63','KABUPATEN BANJAR'),('6304','63','KABUPATEN BARITO KUALA'),('6305','63','KABUPATEN TAPIN'),('6306','63','KABUPATEN HULU SUNGAI SELATAN'),('6307','63','KABUPATEN HULU SUNGAI TENGAH'),('6308','63','KABUPATEN HULU SUNGAI UTARA'),('6309','63','KABUPATEN TABALONG'),('6310','63','KABUPATEN TANAH BUMBU'),('6311','63','KABUPATEN BALANGAN'),('6371','63','KOTA BANJARMASIN'),('6372','63','KOTA BANJAR BARU'),('6401','64','KABUPATEN PASER'),('6402','64','KABUPATEN KUTAI BARAT'),('6403','64','KABUPATEN KUTAI KARTANEGARA'),('6404','64','KABUPATEN KUTAI TIMUR'),('6405','64','KABUPATEN BERAU'),('6409','64','KABUPATEN PENAJAM PASER UTARA'),('6411','64','KABUPATEN MAHAKAM HULU'),('6471','64','KOTA BALIKPAPAN'),('6472','64','KOTA SAMARINDA'),('6474','64','KOTA BONTANG'),('6501','65','KABUPATEN MALINAU'),('6502','65','KABUPATEN BULUNGAN'),('6503','65','KABUPATEN TANA TIDUNG'),('6504','65','KABUPATEN NUNUKAN'),('6571','65','KOTA TARAKAN'),('7101','71','KABUPATEN BOLAANG MONGONDOW'),('7102','71','KABUPATEN MINAHASA'),('7103','71','KABUPATEN KEPULAUAN SANGIHE'),('7104','71','KABUPATEN KEPULAUAN TALAUD'),('7105','71','KABUPATEN MINAHASA SELATAN'),('7106','71','KABUPATEN MINAHASA UTARA'),('7107','71','KABUPATEN BOLAANG MONGONDOW UTARA'),('7108','71','KABUPATEN SIAU TAGULANDANG BIARO'),('7109','71','KABUPATEN MINAHASA TENGGARA'),('7110','71','KABUPATEN BOLAANG MONGONDOW SELATAN'),('7111','71','KABUPATEN BOLAANG MONGONDOW TIMUR'),('7171','71','KOTA MANADO'),('7172','71','KOTA BITUNG'),('7173','71','KOTA TOMOHON'),('7174','71','KOTA KOTAMOBAGU'),('7201','72','KABUPATEN BANGGAI KEPULAUAN'),('7202','72','KABUPATEN BANGGAI'),('7203','72','KABUPATEN MOROWALI'),('7204','72','KABUPATEN POSO'),('7205','72','KABUPATEN DONGGALA'),('7206','72','KABUPATEN TOLI-TOLI'),('7207','72','KABUPATEN BUOL'),('7208','72','KABUPATEN PARIGI MOUTONG'),('7209','72','KABUPATEN TOJO UNA-UNA'),('7210','72','KABUPATEN SIGI'),('7211','72','KABUPATEN BANGGAI LAUT'),('7212','72','KABUPATEN MOROWALI UTARA'),('7271','72','KOTA PALU'),('7301','73','KABUPATEN KEPULAUAN SELAYAR'),('7302','73','KABUPATEN BULUKUMBA'),('7303','73','KABUPATEN BANTAENG'),('7304','73','KABUPATEN JENEPONTO'),('7305','73','KABUPATEN TAKALAR'),('7306','73','KABUPATEN GOWA'),('7307','73','KABUPATEN SINJAI'),('7308','73','KABUPATEN MAROS'),('7309','73','KABUPATEN PANGKAJENE DAN KEPULAUAN'),('7310','73','KABUPATEN BARRU'),('7311','73','KABUPATEN BONE'),('7312','73','KABUPATEN SOPPENG'),('7313','73','KABUPATEN WAJO'),('7314','73','KABUPATEN SIDENRENG RAPPANG'),('7315','73','KABUPATEN PINRANG'),('7316','73','KABUPATEN ENREKANG'),('7317','73','KABUPATEN LUWU'),('7318','73','KABUPATEN TANA TORAJA'),('7322','73','KABUPATEN LUWU UTARA'),('7325','73','KABUPATEN LUWU TIMUR'),('7326','73','KABUPATEN TORAJA UTARA'),('7371','73','KOTA MAKASSAR'),('7372','73','KOTA PAREPARE'),('7373','73','KOTA PALOPO'),('7401','74','KABUPATEN BUTON'),('7402','74','KABUPATEN MUNA'),('7403','74','KABUPATEN KONAWE'),('7404','74','KABUPATEN KOLAKA'),('7405','74','KABUPATEN KONAWE SELATAN'),('7406','74','KABUPATEN BOMBANA'),('7407','74','KABUPATEN WAKATOBI'),('7408','74','KABUPATEN KOLAKA UTARA'),('7409','74','KABUPATEN BUTON UTARA'),('7410','74','KABUPATEN KONAWE UTARA'),('7411','74','KABUPATEN KOLAKA TIMUR'),('7412','74','KABUPATEN KONAWE KEPULAUAN'),('7413','74','KABUPATEN MUNA BARAT'),('7414','74','KABUPATEN BUTON TENGAH'),('7415','74','KABUPATEN BUTON SELATAN'),('7471','74','KOTA KENDARI'),('7472','74','KOTA BAUBAU'),('7501','75','KABUPATEN BOALEMO'),('7502','75','KABUPATEN GORONTALO'),('7503','75','KABUPATEN POHUWATO'),('7504','75','KABUPATEN BONE BOLANGO'),('7505','75','KABUPATEN GORONTALO UTARA'),('7571','75','KOTA GORONTALO'),('7601','76','KABUPATEN MAJENE'),('7602','76','KABUPATEN POLEWALI MANDAR'),('7603','76','KABUPATEN MAMASA'),('7604','76','KABUPATEN MAMUJU'),('7605','76','KABUPATEN MAMUJU UTARA'),('7606','76','KABUPATEN MAMUJU TENGAH'),('8101','81','KABUPATEN MALUKU TENGGARA BARAT'),('8102','81','KABUPATEN MALUKU TENGGARA'),('8103','81','KABUPATEN MALUKU TENGAH'),('8104','81','KABUPATEN BURU'),('8105','81','KABUPATEN KEPULAUAN ARU'),('8106','81','KABUPATEN SERAM BAGIAN BARAT'),('8107','81','KABUPATEN SERAM BAGIAN TIMUR'),('8108','81','KABUPATEN MALUKU BARAT DAYA'),('8109','81','KABUPATEN BURU SELATAN'),('8171','81','KOTA AMBON'),('8172','81','KOTA TUAL'),('8201','82','KABUPATEN HALMAHERA BARAT'),('8202','82','KABUPATEN HALMAHERA TENGAH'),('8203','82','KABUPATEN KEPULAUAN SULA'),('8204','82','KABUPATEN HALMAHERA SELATAN'),('8205','82','KABUPATEN HALMAHERA UTARA'),('8206','82','KABUPATEN HALMAHERA TIMUR'),('8207','82','KABUPATEN PULAU MOROTAI'),('8208','82','KABUPATEN PULAU TALIABU'),('8271','82','KOTA TERNATE'),('8272','82','KOTA TIDORE KEPULAUAN'),('9101','91','KABUPATEN FAKFAK'),('9102','91','KABUPATEN KAIMANA'),('9103','91','KABUPATEN TELUK WONDAMA'),('9104','91','KABUPATEN TELUK BINTUNI'),('9105','91','KABUPATEN MANOKWARI'),('9106','91','KABUPATEN SORONG SELATAN'),('9107','91','KABUPATEN SORONG'),('9108','91','KABUPATEN RAJA AMPAT'),('9109','91','KABUPATEN TAMBRAUW'),('9110','91','KABUPATEN MAYBRAT'),('9111','91','KABUPATEN MANOKWARI SELATAN'),('9112','91','KABUPATEN PEGUNUNGAN ARFAK'),('9171','91','KOTA SORONG'),('9401','94','KABUPATEN MERAUKE'),('9402','94','KABUPATEN JAYAWIJAYA'),('9403','94','KABUPATEN JAYAPURA'),('9404','94','KABUPATEN NABIRE'),('9408','94','KABUPATEN KEPULAUAN YAPEN'),('9409','94','KABUPATEN BIAK NUMFOR'),('9410','94','KABUPATEN PANIAI'),('9411','94','KABUPATEN PUNCAK JAYA'),('9412','94','KABUPATEN MIMIKA'),('9413','94','KABUPATEN BOVEN DIGOEL'),('9414','94','KABUPATEN MAPPI'),('9415','94','KABUPATEN ASMAT'),('9416','94','KABUPATEN YAHUKIMO'),('9417','94','KABUPATEN PEGUNUNGAN BINTANG'),('9418','94','KABUPATEN TOLIKARA'),('9419','94','KABUPATEN SARMI'),('9420','94','KABUPATEN KEEROM'),('9426','94','KABUPATEN WAROPEN'),('9427','94','KABUPATEN SUPIORI'),('9428','94','KABUPATEN MAMBERAMO RAYA'),('9429','94','KABUPATEN NDUGA'),('9430','94','KABUPATEN LANNY JAYA'),('9431','94','KABUPATEN MAMBERAMO TENGAH'),('9432','94','KABUPATEN YALIMO'),('9433','94','KABUPATEN PUNCAK'),('9434','94','KABUPATEN DOGIYAI'),('9435','94','KABUPATEN INTAN JAYA'),('9436','94','KABUPATEN DEIYAI'),('9471','94','KOTA JAYAPURA');

/*Table structure for table `roles` */

DROP TABLE IF EXISTS `roles`;

CREATE TABLE `roles` (
  `id` int(10) unsigned NOT NULL AUTO_INCREMENT,
  `role_level` smallint(5) unsigned NOT NULL,
  `title` varchar(25) COLLATE utf8_unicode_ci NOT NULL,
  `is_admin` char(1) COLLATE utf8_unicode_ci DEFAULT '0',
  `is_system` char(1) COLLATE utf8_unicode_ci DEFAULT '0',
  `is_active` char(1) COLLATE utf8_unicode_ci DEFAULT '1',
  `create_on` datetime NOT NULL,
  `last_update` datetime DEFAULT NULL,
  PRIMARY KEY (`id`),
  UNIQUE KEY `title` (`title`)
) ENGINE=InnoDB AUTO_INCREMENT=6 DEFAULT CHARSET=utf8 COLLATE=utf8_unicode_ci;

/*Data for the table `roles` */

insert  into `roles`(`id`,`role_level`,`title`,`is_admin`,`is_system`,`is_active`,`create_on`,`last_update`) values (1,10,'superadmin','1','1','1','2016-12-21 10:00:00',NULL),(2,20,'administrator','1','0','1','2016-12-21 10:00:00',NULL),(3,30,'support','1','0','1','2016-12-21 10:00:00',NULL),(4,999,'visitor','0','0','1','2016-12-21 10:00:00',NULL),(5,21,'testing','1','1','1','2017-11-02 10:26:53','2017-11-02 10:31:17');

/*Table structure for table `sections` */

DROP TABLE IF EXISTS `sections`;

CREATE TABLE `sections` (
  `id` int(10) unsigned NOT NULL AUTO_INCREMENT,
  `template` varchar(25) COLLATE utf8_unicode_ci NOT NULL,
  `object` varchar(25) COLLATE utf8_unicode_ci NOT NULL,
  `title` varchar(25) COLLATE utf8_unicode_ci NOT NULL,
  `sequence` int(10) unsigned NOT NULL,
  `create_on` datetime NOT NULL,
  `last_update` datetime DEFAULT NULL,
  PRIMARY KEY (`id`)
) ENGINE=InnoDB AUTO_INCREMENT=108 DEFAULT CHARSET=utf8 COLLATE=utf8_unicode_ci;

/*Data for the table `sections` */

insert  into `sections`(`id`,`template`,`object`,`title`,`sequence`,`create_on`,`last_update`) values (22,'base','slides','Home Slide',1,'2017-10-25 01:47:18',NULL),(23,'base','layanan','Layanan Home',2,'2017-10-25 01:53:50',NULL),(24,'base','produk','Produk Home',3,'2017-10-25 02:08:14',NULL),(27,'visimisi','visimisi','Visi Misi',1,'2017-10-25 02:35:03',NULL),(28,'visimisi','banner','Banner Visimisi',2,'2017-10-25 02:36:21',NULL),(29,'management','banner','Banner Management',1,'2017-10-25 02:41:48',NULL),(31,'prestasi','banner','Banner Prestasi',1,'2017-10-25 02:48:37',NULL),(32,'prestasi','prestasi','Content Prestasi',3,'2017-10-25 02:48:54',NULL),(33,'goodcorporategov','banner','Banner Good Corporate',1,'2017-10-25 02:59:28',NULL),(41,'produk','content_produk','Content Produk',2,'2017-10-25 04:24:15','2017-11-16 05:09:23'),(52,'kreditplus','banner','Banner Kreditplus',1,'2017-10-25 07:00:08','2017-11-16 06:05:00'),(53,'informasi','informasi','informasi & berita',2,'2017-10-25 08:09:35',NULL),(55,'informasi','banner','banner informasi',1,'2017-10-25 08:11:03','2017-11-16 06:07:28'),(56,'contact','contact','Content',2,'2017-10-25 08:51:26','2017-11-16 05:14:38'),(57,'pengajuan','pengajuan','Pengajuan Kredit',1,'2017-10-27 02:38:44',NULL),(58,'pengajuan','banner','Banner Pengajuan',3,'2017-10-27 02:44:58',NULL),(59,'karir','banner','Banner Karir',1,'2017-10-27 07:24:02',NULL),(61,'karir','karir','Karir',3,'2017-10-27 07:28:30',NULL),(79,'kreditpluskarir','banner','banners',1,'2017-10-27 10:34:43','2017-10-27 10:35:15'),(82,'contact','cabang','KANTOR CABANG',3,'2017-11-01 06:23:19',NULL),(84,'karir','content-karir','Content Karir',2,'2017-11-01 10:16:30','2017-11-01 10:24:30'),(86,'pengajuan','form_pengajuan','FORM PENGAJUAN KREDIT',4,'2017-11-02 04:30:46',NULL),(87,'simulasi','simulasi','Form Simulasi',1,'2017-11-02 11:52:19',NULL),(89,'contact','content','Content Cabang ',1,'2017-11-08 06:00:36',NULL),(90,'base','sponsor','Sopnsor Home',4,'2017-11-08 09:04:50',NULL),(91,'tentang-kami','mini_banner','About bnr',3,'2017-11-08 09:05:57',NULL),(92,'kreditpluskarir','content','why kreditplus',2,'2017-11-09 04:13:01',NULL),(93,'produk','mini_banner','tes banner footer',3,'2017-11-09 08:21:52',NULL),(94,'goodcorporategov','content','Content GCG',2,'2017-11-09 10:14:35',NULL),(95,'goodcorporategov','mini_banner','Mini Banner GCG',3,'2017-11-09 10:23:29',NULL),(96,'tentang-kami','banner','banner about',1,'2017-11-09 10:35:18',NULL),(97,'tentang-kami','content','content about us',2,'2017-11-09 10:37:27',NULL),(98,'kreditplus','content','Content Kreditplus',2,'2017-11-10 01:45:57','2017-11-16 03:47:03'),(99,'kreditplus','google_play','Download Google',3,'2017-11-13 03:16:19',NULL),(100,'simulasi','banner','Banner Simulasi',2,'2017-11-15 02:19:11',NULL),(101,'prestasi','content','Content Prestasi',2,'2017-11-15 11:53:06','2017-11-15 12:01:15'),(103,'produk','banner','Banner Produk',1,'2017-11-16 05:10:03',NULL),(104,'pengajuan','content','FORM PENGAJUAN KREDIT',2,'2017-12-12 05:03:34',NULL),(105,'tentang-kami','google_play','google play',4,'2017-12-27 08:44:34',NULL),(106,'produk','google_play','Google Play',4,'2017-12-27 08:44:53',NULL),(107,'simulasi','google_play','Google Play',3,'2017-12-27 08:45:15',NULL);

/*Table structure for table `simulasi` */

DROP TABLE IF EXISTS `simulasi`;

CREATE TABLE `simulasi` (
  `id` int(10) unsigned NOT NULL AUTO_INCREMENT,
  `section_id` varchar(100) COLLATE utf8_unicode_ci NOT NULL,
  `title` varchar(100) COLLATE utf8_unicode_ci NOT NULL,
  `field1` varchar(100) COLLATE utf8_unicode_ci NOT NULL,
  `field2` varchar(100) COLLATE utf8_unicode_ci NOT NULL,
  `field3` varchar(100) COLLATE utf8_unicode_ci NOT NULL,
  `field4` varchar(100) COLLATE utf8_unicode_ci NOT NULL,
  `txt1` varchar(100) COLLATE utf8_unicode_ci NOT NULL,
  `txtbtn` varchar(100) COLLATE utf8_unicode_ci NOT NULL,
  `angsuran1` varchar(100) COLLATE utf8_unicode_ci NOT NULL,
  `angsuran2` varchar(100) COLLATE utf8_unicode_ci NOT NULL,
  `txt2` varchar(100) COLLATE utf8_unicode_ci NOT NULL,
  `jml_admin` varchar(100) COLLATE utf8_unicode_ci NOT NULL,
  PRIMARY KEY (`id`)
) ENGINE=InnoDB AUTO_INCREMENT=2 DEFAULT CHARSET=utf8 COLLATE=utf8_unicode_ci;

/*Data for the table `simulasi` */

insert  into `simulasi`(`id`,`section_id`,`title`,`field1`,`field2`,`field3`,`field4`,`txt1`,`txtbtn`,`angsuran1`,`angsuran2`,`txt2`,`jml_admin`) values (1,'15.87','CREDIT SIMULATION','Installment','Price','Down Payment','Bunga','Admin Fee','Simulation',' Monthly Installment',' Initial Installment','This simulation is for illustration only','Rp 100.000,-');

/*Table structure for table `simulasi_i18n` */

DROP TABLE IF EXISTS `simulasi_i18n`;

CREATE TABLE `simulasi_i18n` (
  `id` bigint(20) unsigned NOT NULL AUTO_INCREMENT,
  `lang_code` char(2) COLLATE utf8_unicode_ci NOT NULL,
  `simulasi_id` int(10) unsigned NOT NULL,
  `title` varchar(100) COLLATE utf8_unicode_ci DEFAULT NULL,
  `field1` varchar(100) COLLATE utf8_unicode_ci DEFAULT NULL,
  `field2` varchar(100) COLLATE utf8_unicode_ci DEFAULT NULL,
  `field3` varchar(100) COLLATE utf8_unicode_ci DEFAULT NULL,
  `field4` varchar(100) COLLATE utf8_unicode_ci DEFAULT NULL,
  `txt1` varchar(100) COLLATE utf8_unicode_ci DEFAULT NULL,
  `txtbtn` varchar(100) COLLATE utf8_unicode_ci DEFAULT NULL,
  `angsuran1` varchar(100) COLLATE utf8_unicode_ci DEFAULT NULL,
  `angsuran2` varchar(100) COLLATE utf8_unicode_ci DEFAULT NULL,
  `txt2` varchar(100) COLLATE utf8_unicode_ci DEFAULT NULL,
  `create_on` datetime NOT NULL,
  PRIMARY KEY (`id`)
) ENGINE=InnoDB AUTO_INCREMENT=2 DEFAULT CHARSET=utf8 COLLATE=utf8_unicode_ci;

/*Data for the table `simulasi_i18n` */

insert  into `simulasi_i18n`(`id`,`lang_code`,`simulasi_id`,`title`,`field1`,`field2`,`field3`,`field4`,`txt1`,`txtbtn`,`angsuran1`,`angsuran2`,`txt2`,`create_on`) values (1,'id',1,'SIMULASI KREDIT','Tenor','Harga','Uang Muka','Bunga','Biaya Admin','Simulasi','Angsuran Perbulan','Angsuran Awal','Simulasi ini hanya sebagai ilustrasi','2017-11-02 11:32:40');

/*Table structure for table `slide_home` */

DROP TABLE IF EXISTS `slide_home`;

CREATE TABLE `slide_home` (
  `id` int(10) unsigned NOT NULL AUTO_INCREMENT,
  `section_id` varchar(100) COLLATE utf8_unicode_ci NOT NULL,
  `image` varchar(100) COLLATE utf8_unicode_ci NOT NULL,
  `title` varchar(2000) COLLATE utf8_unicode_ci NOT NULL,
  `desc` text COLLATE utf8_unicode_ci NOT NULL,
  PRIMARY KEY (`id`)
) ENGINE=InnoDB DEFAULT CHARSET=utf8 COLLATE=utf8_unicode_ci;

/*Data for the table `slide_home` */

/*Table structure for table `slides` */

DROP TABLE IF EXISTS `slides`;

CREATE TABLE `slides` (
  `id` int(10) unsigned NOT NULL AUTO_INCREMENT,
  `section_id` varchar(100) COLLATE utf8_unicode_ci NOT NULL,
  `image` varchar(100) COLLATE utf8_unicode_ci NOT NULL,
  `title` varchar(100) COLLATE utf8_unicode_ci NOT NULL,
  `intro` text COLLATE utf8_unicode_ci NOT NULL,
  `txtbtn` varchar(255) COLLATE utf8_unicode_ci NOT NULL,
  `link` varchar(255) COLLATE utf8_unicode_ci NOT NULL,
  `image_desktop` varchar(255) COLLATE utf8_unicode_ci NOT NULL,
  `image_phone` varchar(255) COLLATE utf8_unicode_ci NOT NULL,
  PRIMARY KEY (`id`)
) ENGINE=InnoDB AUTO_INCREMENT=5 DEFAULT CHARSET=utf8 COLLATE=utf8_unicode_ci;

/*Data for the table `slides` */

insert  into `slides`(`id`,`section_id`,`image`,`title`,`intro`,`txtbtn`,`link`,`image_desktop`,`image_phone`) values (1,'1.22','site/uploads/slidess/5a0a6179b4a6f-slidehome-01.jpg','Pembiayan Kredit yang Cepat, Mudah dan Aman','Lorem ipsum dolor sit amet, consectetur adipisicing elit, sed do eiusmod tempor incididunt ut labore et','Ajukan Kredit','/simulasi','site/uploads/slides/5a0a6179b4c12-slidehome-01-md.jpg','site/uploads/slides/5a0a6179b4d55-slidehome-01-sm.jpg'),(3,'25.94','site/uploads/slidess/5a015eaf5dde5-bg-address.png','gfdsgd','gsdfgdfg','Button EN','','',''),(4,'1.22','site/uploads/slidess/5a0a61c03dfab-slidehome-02.jpg','Pembiayan Kredit yang Cepat, Mudah dan Aman','Lorem ipsum dolor sit amet, consectetur adipisicing elit, sed do eiusmod tempor incididunt ut labore et','Ajukan Kredit','/simulasi','site/uploads/slides/5a0a61c03e13b-slidehome-02-md.jpg','site/uploads/slides/5a0a61c03e281-slidehome-02-sm.jpg');

/*Table structure for table `slides_i18n` */

DROP TABLE IF EXISTS `slides_i18n`;

CREATE TABLE `slides_i18n` (
  `id` bigint(20) unsigned NOT NULL AUTO_INCREMENT,
  `lang_code` char(2) COLLATE utf8_unicode_ci NOT NULL,
  `slide_id` int(10) unsigned NOT NULL,
  `title` varchar(100) COLLATE utf8_unicode_ci DEFAULT NULL,
  `intro` text COLLATE utf8_unicode_ci,
  `create_on` datetime NOT NULL,
  `txtbtn` varchar(255) COLLATE utf8_unicode_ci NOT NULL,
  PRIMARY KEY (`id`)
) ENGINE=InnoDB AUTO_INCREMENT=5 DEFAULT CHARSET=utf8 COLLATE=utf8_unicode_ci;

/*Data for the table `slides_i18n` */

insert  into `slides_i18n`(`id`,`lang_code`,`slide_id`,`title`,`intro`,`create_on`,`txtbtn`) values (1,'id',1,'Pembiayan Kredit yang Cepat, Mudah dan Aman','Lorem ipsum dolor sit amet, consectetur adipisicing elit, sed do eiusmod tempor incididunt ut labore et','2017-11-02 02:23:17','Ajukan Kredit'),(3,'id',3,'gsdfgsd','gfdsgdf','2017-11-07 07:09:30','Button ID'),(4,'id',4,'Pembiayan Kredit yang Cepat, Mudah dan Aman','Lorem ipsum dolor sit amet, consectetur adipisicing elit, sed do eiusmod tempor incididunt ut labore et','2017-11-09 06:49:29','Ajukan Kredit');

/*Table structure for table `sponsor` */

DROP TABLE IF EXISTS `sponsor`;

CREATE TABLE `sponsor` (
  `id` int(10) unsigned NOT NULL AUTO_INCREMENT,
  `section_id` varchar(100) COLLATE utf8_unicode_ci NOT NULL,
  `link` varchar(100) COLLATE utf8_unicode_ci NOT NULL,
  `logo` varchar(100) COLLATE utf8_unicode_ci NOT NULL,
  PRIMARY KEY (`id`)
) ENGINE=InnoDB AUTO_INCREMENT=7 DEFAULT CHARSET=utf8 COLLATE=utf8_unicode_ci;

/*Data for the table `sponsor` */

insert  into `sponsor`(`id`,`section_id`,`link`,`logo`) values (3,'1.90','http://www.elevenia.co.id/','site/uploads/banners/5a091fd7ddbe8-spons-1.png'),(4,'1.90','http://homesolution.co.id/','site/uploads/banners/5a091ff75f672-spons-2.png'),(5,'1.90','https://www.jd.id/new/index.html','site/uploads/banners/5a092015533d1-spons-3.png'),(6,'1.90','https://www.target.com/','site/uploads/banners/5a09203691abb-spons-4.png');

/*Table structure for table `submenu` */

DROP TABLE IF EXISTS `submenu`;

CREATE TABLE `submenu` (
  `id` int(10) unsigned NOT NULL AUTO_INCREMENT,
  `section_id` varchar(100) COLLATE utf8_unicode_ci NOT NULL,
  `permalink` varchar(100) COLLATE utf8_unicode_ci NOT NULL,
  `title` varchar(100) COLLATE utf8_unicode_ci NOT NULL,
  PRIMARY KEY (`id`)
) ENGINE=InnoDB DEFAULT CHARSET=utf8 COLLATE=utf8_unicode_ci;

/*Data for the table `submenu` */

/*Table structure for table `tabel_pengajuan` */

DROP TABLE IF EXISTS `tabel_pengajuan`;

CREATE TABLE `tabel_pengajuan` (
  `id` int(10) unsigned NOT NULL AUTO_INCREMENT,
  `section_id` varchar(100) COLLATE utf8_unicode_ci NOT NULL,
  `persyaratan` varchar(100) COLLATE utf8_unicode_ci NOT NULL,
  `wiraswasta` varchar(100) COLLATE utf8_unicode_ci NOT NULL,
  `karyawan` varchar(100) COLLATE utf8_unicode_ci NOT NULL,
  `profesional` varchar(100) COLLATE utf8_unicode_ci NOT NULL,
  PRIMARY KEY (`id`)
) ENGINE=InnoDB AUTO_INCREMENT=21 DEFAULT CHARSET=utf8 COLLATE=utf8_unicode_ci;

/*Data for the table `tabel_pengajuan` */

insert  into `tabel_pengajuan`(`id`,`section_id`,`persyaratan`,`wiraswasta`,`karyawan`,`profesional`) values (1,'7.39','Copy of Applicant\'s ID','1','1','1'),(2,'7.39','Copy of Trading Business License (SIUP)','1','0','0'),(3,'7.39','Copy of Taxpayer Identification Number (NPWP)','1','1','0'),(4,'7.39','Copy of Newspaper Account / Last 3 Month Savings Account','1','0','1'),(5,'7.39','Copy of Salary Slip or Certificate of Official and Legal Income (Last Month)','1','0','0'),(6,'8.42','Fotocopy KTP Pemohon','1','1','1'),(7,'8.42','Fotocopy Surat Ijin Usaha Perdagangan (SIUP)','1','1','0'),(8,'8.42','Fotocopy Nomor Pokok Wajib Pajak (NPWP)','1','0','1'),(9,'8.42','Fotocopy Rekening Koran/Rekening Tabungan 3 Bulan Terakhir','0','1','1'),(10,'8.42','Fotocopy Slip Gaji atau surat Keterangan Penghasilan Resmi dan Sah ( Bulan Terakhir )','0','1','0'),(11,'9.45','Fotocopy KTP Pemohon','0','1','0'),(12,'9.45','Fotocopy Surat Ijin Usaha Perdagangan (SIUP)','0','1','0'),(13,'9.45','Fotocopy Nomor Pokok Wajib Pajak (NPWP)','1','0','0'),(14,'9.45','Fotocopy Rekening Koran/Rekening Tabungan 3 Bulan Terakhir','0','0','1'),(15,'9.45','Fotocopy Slip Gaji atau surat Keterangan Penghasilan Resmi dan Sah ( Bulan Terakhir )','1','1','1'),(16,'10.48','Fotocopy KTP Pemohon','1','1','1'),(17,'10.48','Fotocopy Surat Ijin Usaha Perdagangan (SIUP)','0','1','0'),(18,'10.48','Fotocopy Nomor Pokok Wajib Pajak (NPWP)','1','0','0'),(19,'10.48','Fotocopy Rekening Koran/Rekening Tabungan 3 Bulan Terakhir','0','0','1'),(20,'10.48','Fotocopy Rekening Koran/Rekening Tabungan 3 Bulan Terakhir','0','0','0');

/*Table structure for table `tabel_pengajuan_i18n` */

DROP TABLE IF EXISTS `tabel_pengajuan_i18n`;

CREATE TABLE `tabel_pengajuan_i18n` (
  `id` bigint(20) unsigned NOT NULL AUTO_INCREMENT,
  `lang_code` char(2) COLLATE utf8_unicode_ci NOT NULL,
  `tabel_pengajuan_id` int(10) unsigned NOT NULL,
  `persyaratan` varchar(100) COLLATE utf8_unicode_ci DEFAULT NULL,
  `create_on` datetime NOT NULL,
  PRIMARY KEY (`id`)
) ENGINE=InnoDB AUTO_INCREMENT=6 DEFAULT CHARSET=utf8 COLLATE=utf8_unicode_ci;

/*Data for the table `tabel_pengajuan_i18n` */

insert  into `tabel_pengajuan_i18n`(`id`,`lang_code`,`tabel_pengajuan_id`,`persyaratan`,`create_on`) values (1,'id',1,'Fotocopy KTP Pemohon','2017-11-01 07:52:47'),(2,'id',2,'Fotocopy Surat Ijin Usaha Perdagangan (SIUP)','2017-11-01 07:53:09'),(3,'id',3,'Fotocopy Nomor Pokok Wajib Pajak (NPWP)','2017-11-01 07:53:34'),(4,'id',4,'Fotocopy Rekening Koran/Rekening Tabungan 3 Bulan Terakhir','2017-11-01 07:54:04'),(5,'id',5,'Fotocopy Slip Gaji atau surat Keterangan Penghasilan Resmi dan Sah ( Bulan Terakhir )','2017-11-01 07:54:29');

/*Table structure for table `testimoni` */

DROP TABLE IF EXISTS `testimoni`;

CREATE TABLE `testimoni` (
  `id` int(10) unsigned NOT NULL AUTO_INCREMENT,
  `nama` varchar(100) COLLATE utf8_unicode_ci NOT NULL,
  `telp` varchar(100) COLLATE utf8_unicode_ci NOT NULL,
  `email` varchar(100) COLLATE utf8_unicode_ci NOT NULL,
  `pesan` text COLLATE utf8_unicode_ci,
  PRIMARY KEY (`id`)
) ENGINE=InnoDB AUTO_INCREMENT=17 DEFAULT CHARSET=utf8 COLLATE=utf8_unicode_ci;

/*Data for the table `testimoni` */

insert  into `testimoni`(`id`,`nama`,`telp`,`email`,`pesan`) values (1,'Jane Doe','989898989','hlhluhlh@yuoo.iiho','This is Photoshop\'s version of Lorem Ipsum. Proin gravida nibh vel velit auctor aliquet. Aenean sollicitudin, lorem quis bibendum auctor.'),(2,'Felicia','09989898','lhkhk@kjhjk.hukh','This is Photoshop\'s version of Lorem Ipsum. Proin gravida nibh vel velit auctor aliquet. Aenean sollicitudin, lorem quis bibendum auctor.'),(3,'Isyana','9898989','jhjkhlkjh@hliuhk.fdr','This is Photoshop\'s version of Lorem Ipsum. Proin gravida nibh vel velit auctor aliquet. Aenean sollicitudin, lorem quis bibendum auctor.'),(4,'hulihiuhilu','9898989','jlkjl@jl.hhl','jhkhlkjhk'),(5,'jkklnkjl','9898989','cs@kreditplus.com','jljlkjlk'),(6,'sdfsda','34434343','gfsd@dfgsdf.gjf','gfds'),(8,'Telephone','Name','Email@Email.com','Message'),(9,'Telpon','Nama','Emailid@Email.com','Pesan'),(10,'gtdsfrg','43e5435','meggieelhaqqul@ymail.com','dgfsgsdf'),(11,'Terwtwre','534563453','meggieelhaqqul@ymail.com','dsrertret'),(12,'fdsdfsd','fsdfsd','meggieelhaqqul@ymail.com','sdrgftsdf'),(13,'gdsfgs','021-2933 3646','meggieelhaqqul@ymail.com','fghdfgdf'),(14,'fsdafsd','021-2933 3646','meggieelhaqqul@ymail.com','dfsgdsfgsd'),(15,'fdsafsdf','021-2933 3646','meggieelhaqqul@ymail.com','dgadsf'),(16,'nama123','12345678','email@1234.com','pesan 123');

/*Table structure for table `testimoni_i18n` */

DROP TABLE IF EXISTS `testimoni_i18n`;

CREATE TABLE `testimoni_i18n` (
  `id` bigint(20) unsigned NOT NULL AUTO_INCREMENT,
  `lang_code` char(2) COLLATE utf8_unicode_ci NOT NULL,
  `testimoni_id` int(10) unsigned NOT NULL,
  `pesan` text COLLATE utf8_unicode_ci,
  `create_on` datetime NOT NULL,
  PRIMARY KEY (`id`)
) ENGINE=InnoDB DEFAULT CHARSET=utf8 COLLATE=utf8_unicode_ci;

/*Data for the table `testimoni_i18n` */

/*Table structure for table `testimoni_user` */

DROP TABLE IF EXISTS `testimoni_user`;

CREATE TABLE `testimoni_user` (
  `id` int(10) unsigned NOT NULL AUTO_INCREMENT,
  `nama` varchar(100) COLLATE utf8_unicode_ci NOT NULL,
  `pekerjaan` varchar(100) COLLATE utf8_unicode_ci NOT NULL,
  `pesan` text COLLATE utf8_unicode_ci NOT NULL,
  `image_user` varchar(100) COLLATE utf8_unicode_ci DEFAULT NULL,
  PRIMARY KEY (`id`)
) ENGINE=InnoDB AUTO_INCREMENT=11 DEFAULT CHARSET=utf8 COLLATE=utf8_unicode_ci;

/*Data for the table `testimoni_user` */

insert  into `testimoni_user`(`id`,`nama`,`pekerjaan`,`pesan`,`image_user`) values (7,'Jane Doe','Karyawan swasta','This is Photoshop\'s version of Lorem Ipsum. Proin gravida nibh vel velit auctor aliquet. Aenean sollicitudin, lorem quis bibendum auctor.','site/uploads/slides/5a0a647f007c2-user-01.jpg'),(8,'Felicia','Karyawan swasta','Berkat Kreditplus sekarang modal usaha saya bertambah dan tanpa proses yang sulit, terima kasih Kreditplus.','site/uploads/slides/5a0a64978cfdf-user-02.jpg'),(9,'Nur','Karyawan Swasta','Berkat Kreditplus sekarang modal usaha saya bertambah dan tanpa proses yang sulit, terima kasih Kreditplus','site/uploads/slides/5a3b6b3edd11c-user-01-2.jpg'),(10,'Nesia','Karyawan Swasta','Pengajuan kredit elektronik di Kreditplus ternyata mudah, proses pengajuan kurang dari satu jam saya bisa punya handphone baru','site/uploads/slides/5a3b6b160951c-user-01-1.jpg');

/*Table structure for table `testimoni_user_i18n` */

DROP TABLE IF EXISTS `testimoni_user_i18n`;

CREATE TABLE `testimoni_user_i18n` (
  `id` bigint(20) unsigned NOT NULL AUTO_INCREMENT,
  `lang_code` char(2) COLLATE utf8_unicode_ci NOT NULL,
  `testimoni_user_id` int(10) unsigned NOT NULL,
  `pesan` text COLLATE utf8_unicode_ci NOT NULL,
  `create_on` datetime DEFAULT NULL,
  PRIMARY KEY (`id`)
) ENGINE=InnoDB AUTO_INCREMENT=13 DEFAULT CHARSET=utf8 COLLATE=utf8_unicode_ci;

/*Data for the table `testimoni_user_i18n` */

insert  into `testimoni_user_i18n`(`id`,`lang_code`,`testimoni_user_id`,`pesan`,`create_on`) values (1,'id',1,'sdfsdf ID','2017-11-14 07:55:03'),(2,'id',2,'Berkat Kreditplus sekarang modal usaha saya bertambah dan tanpa proses yang sulit, terima kasih Kreditplus. ID','2017-11-14 07:55:24'),(3,'id',3,'This is Photoshop\'s version of Lorem Ipsum. Proin gravida nibh vel velit auctor aliquet. Aenean sollicitudin, lorem quis bibendum auctor. ID','2017-11-14 07:55:39'),(4,'id',4,'fsdfdsfsfdsdf ID','2017-11-14 07:55:52'),(9,'id',9,'Berkat Kreditplus sekarang modal usaha saya bertambah dan tanpa proses yang sulit, terima kasih Kreditplus','2017-11-14 09:48:47'),(10,'id',8,'Berkat Kreditplus sekarang modal usaha saya bertambah dan tanpa proses yang sulit, terima kasih Kreditplus.','2017-11-14 09:49:00'),(11,'id',7,'This is Photoshop\'s version of Lorem Ipsum. Proin gravida nibh vel velit auctor aliquet. Aenean sollicitudin, lorem quis bibendum auctor. ','2017-11-14 09:49:12'),(12,'id',10,'Pengajuan kredit elektronik di Kreditplus ternyata mudah, proses pengajuan kurang dari satu jam saya bisa punya handphone baru','2017-11-22 04:44:33');

/*Table structure for table `type` */

DROP TABLE IF EXISTS `type`;

CREATE TABLE `type` (
  `id` int(11) NOT NULL AUTO_INCREMENT,
  `title` varchar(100) DEFAULT NULL,
  PRIMARY KEY (`id`)
) ENGINE=InnoDB AUTO_INCREMENT=4 DEFAULT CHARSET=latin1;

/*Data for the table `type` */

insert  into `type`(`id`,`title`) values (1,'promo'),(2,'berita'),(3,'event');

/*Table structure for table `visimisi` */

DROP TABLE IF EXISTS `visimisi`;

CREATE TABLE `visimisi` (
  `id` int(10) unsigned NOT NULL AUTO_INCREMENT,
  `section_id` varchar(100) COLLATE utf8_unicode_ci NOT NULL,
  `visi` varchar(2000) COLLATE utf8_unicode_ci NOT NULL,
  `misi` text COLLATE utf8_unicode_ci NOT NULL,
  `nilai` text COLLATE utf8_unicode_ci NOT NULL,
  `title` text COLLATE utf8_unicode_ci NOT NULL,
  `txt_visi` text COLLATE utf8_unicode_ci NOT NULL,
  `img_visi` text COLLATE utf8_unicode_ci NOT NULL,
  `txt_misi` text COLLATE utf8_unicode_ci NOT NULL,
  `img_misi` text COLLATE utf8_unicode_ci NOT NULL,
  `txt_nilai` text COLLATE utf8_unicode_ci NOT NULL,
  `img_nilai` text COLLATE utf8_unicode_ci NOT NULL,
  PRIMARY KEY (`id`)
) ENGINE=InnoDB AUTO_INCREMENT=2 DEFAULT CHARSET=utf8 COLLATE=utf8_unicode_ci;

/*Data for the table `visimisi` */

insert  into `visimisi`(`id`,`section_id`,`visi`,`misi`,`nilai`,`title`,`txt_visi`,`img_visi`,`txt_misi`,`img_misi`,`txt_nilai`,`img_nilai`) values (1,'3.27','Become the Best Financing Company in Indonesia','<ul>\r\n	<li>Provide the best multipurpose financing products and services for the community</li>\r\n	<li>Building a Framework for Individuals to learn, grow, create and create value and opportunity</li>\r\n</ul>\r\n','<ul>\r\n	<li>Integrity</li>\r\n	<li>Cooperation</li>\r\n	<li>Caring and responsible</li>\r\n	<li>Do it right and develop yourself</li>\r\n	<li>&#39;Can-do Attitude&#39;</li>\r\n	<li>Simplicity</li>\r\n	<li>Diligent</li>\r\n</ul>\r\n','Vision of Mission & Company Values','Vission','site/uploads/banners/5a0c2836736a1-ic-vision.png','Mission','site/uploads/banners/5a0c283673de8-ic-mision.png','Values','site/uploads/banners/5a0c283674370-ic-value.png');

/*Table structure for table `visimisi_i18n` */

DROP TABLE IF EXISTS `visimisi_i18n`;

CREATE TABLE `visimisi_i18n` (
  `id` bigint(20) unsigned NOT NULL AUTO_INCREMENT,
  `lang_code` char(2) COLLATE utf8_unicode_ci NOT NULL,
  `visimisi_id` int(10) unsigned NOT NULL,
  `visi` varchar(2000) COLLATE utf8_unicode_ci DEFAULT NULL,
  `misi` text COLLATE utf8_unicode_ci,
  `nilai` text COLLATE utf8_unicode_ci,
  `title` text COLLATE utf8_unicode_ci NOT NULL,
  `create_on` datetime NOT NULL,
  `txt_visi` text COLLATE utf8_unicode_ci NOT NULL,
  `txt_misi` text COLLATE utf8_unicode_ci NOT NULL,
  `txt_nilai` text COLLATE utf8_unicode_ci NOT NULL,
  PRIMARY KEY (`id`)
) ENGINE=InnoDB AUTO_INCREMENT=2 DEFAULT CHARSET=utf8 COLLATE=utf8_unicode_ci;

/*Data for the table `visimisi_i18n` */

insert  into `visimisi_i18n`(`id`,`lang_code`,`visimisi_id`,`visi`,`misi`,`nilai`,`title`,`create_on`,`txt_visi`,`txt_misi`,`txt_nilai`) values (1,'id',1,'Menjadi Perusahaan Pembiayaan Yang Terbaik di Indonesia','<ul>\r\n	<li>Menyediakan produk dan jasa pembiayaan multiguna yang terbaik untuk masyarakat</li>\r\n	<li>Membangun kerangka bagi setiap individu untuk belajar, berkembang, mewujudkan dan menciptakan nilai serta kesempatan</li>\r\n</ul>\r\n','<ul>\r\n	<li>Integritas</li>\r\n	<li>Kerjasama</li>\r\n	<li>Peduli dan bertanggung jawab</li>\r\n	<li>Lakukan dengan benar dan mengembangkan diri</li>\r\n	<li>Sikap &#39;Pasti Bisa&#39; (Can-do Attitude)</li>\r\n	<li>Kesederhanaan</li>\r\n	<li>Rajin</li>\r\n</ul>\r\n','Visi Misi & Nilai-Nilai Perusahaan','2017-11-01 08:22:53','Visi','Misi','Nilai-Nilai');

/*!40101 SET SQL_MODE=@OLD_SQL_MODE */;
/*!40014 SET FOREIGN_KEY_CHECKS=@OLD_FOREIGN_KEY_CHECKS */;
/*!40014 SET UNIQUE_CHECKS=@OLD_UNIQUE_CHECKS */;
/*!40111 SET SQL_NOTES=@OLD_SQL_NOTES */;
